# P4.5 — measured segment stream: pulse_us rest_us, one segment per line
# song: s_Princess (title set, id 7) ; armed frame 2681 ; 5400 frames
7.829 2658.054
7.829 2658.054
7.829 2658.054
7.829 2658.054
7.829 2658.054
7.829 2658.054
7.829 2658.054
7.829 2658.054
7.829 2658.054
7.829 2658.054
7.829 2658.054
7.829 2658.054
7.829 7518.105
17.616 2648.268
17.616 2648.268
17.616 2648.268
17.616 2648.268
17.616 2648.268
17.616 2648.268
17.616 2648.268
17.616 2648.268
17.616 2648.268
17.616 2648.268
17.616 2648.268
17.616 2648.268
17.616 2648.268
17.616 7512.233
22.509 2643.374
22.509 2643.374
22.509 2643.374
22.509 2643.374
22.509 2643.374
22.509 2643.374
22.509 2643.374
22.509 2643.374
22.509 2643.374
22.509 2643.374
22.509 2643.374
22.509 2643.374
22.509 7498.532
22.509 2643.374
22.509 2643.374
22.509 2643.374
22.509 2643.374
22.509 2643.374
22.509 2643.374
22.509 2643.374
22.509 2643.374
22.509 2643.374
22.509 2643.374
22.509 2643.374
22.509 2643.374
22.509 2643.374
22.509 7497.553
22.509 2643.374
22.509 2643.374
22.509 2643.374
22.509 2643.374
22.509 2643.374
22.509 2643.374
22.509 2643.374
22.509 2643.374
22.509 2643.374
22.509 2643.374
22.509 2643.374
22.509 2643.374
22.509 7498.532
22.509 2643.374
22.509 2643.374
22.509 2643.374
22.509 2643.374
22.509 2643.374
22.509 2643.374
22.509 2643.374
22.509 2643.374
22.509 2643.374
22.509 2643.374
22.509 2643.374
22.509 2643.374
22.509 2643.374
22.509 9107.457
22.509 2643.374
22.509 2643.374
22.509 2643.374
22.509 2643.374
22.509 2643.374
22.509 2643.374
22.509 2643.374
22.509 2643.374
22.509 2643.374
22.509 2643.374
22.509 2643.374
22.509 2643.374
22.509 7489.724
22.509 2643.374
22.509 2643.374
22.509 2643.374
22.509 2643.374
22.509 2643.374
22.509 2643.374
22.509 2643.374
22.509 2643.374
22.509 2643.374
22.509 2643.374
22.509 2643.374
22.509 2643.374
22.509 2643.374
22.509 7492.660
22.509 2643.374
22.509 2643.374
22.509 2643.374
22.509 2643.374
22.509 2643.374
22.509 2643.374
22.509 2643.374
22.509 2643.374
22.509 2643.374
22.509 2643.374
22.509 2643.374
22.509 2643.374
22.509 7478.959
22.509 2643.374
22.509 2643.374
22.509 2643.374
22.509 2643.374
22.509 2643.374
22.509 2643.374
22.509 2643.374
22.509 2643.374
22.509 2643.374
22.509 2643.374
22.509 2643.374
22.509 2643.374
22.509 2643.374
22.509 7488.745
22.509 2643.374
22.509 2643.374
22.509 2643.374
22.509 2643.374
22.509 2643.374
22.509 2643.374
22.509 2643.374
22.509 2643.374
22.509 2643.374
22.509 2643.374
22.509 2643.374
22.509 2643.374
22.509 7489.724
22.509 2643.374
22.509 2643.374
22.509 2643.374
22.509 2643.374
22.509 2643.374
22.509 2643.374
22.509 2643.374
22.509 2643.374
22.509 2643.374
22.509 2643.374
22.509 2643.374
22.509 2643.374
22.509 2643.374
22.509 7488.745
22.509 2643.374
22.509 2643.374
22.509 2643.374
22.509 2643.374
22.509 2643.374
22.509 2643.374
22.509 2643.374
22.509 2643.374
22.509 2643.374
22.509 2643.374
22.509 2643.374
22.509 2643.374
22.509 7478.959
22.509 2643.374
22.509 2643.374
22.509 2643.374
22.509 2643.374
22.509 2643.374
22.509 2643.374
22.509 2643.374
22.509 2643.374
22.509 2643.374
22.509 2643.374
22.509 2643.374
22.509 2643.374
22.509 2643.374
22.509 7488.745
22.509 2643.374
22.509 2643.374
22.509 2643.374
22.509 2643.374
22.509 2643.374
22.509 2643.374
22.509 2643.374
22.509 2643.374
22.509 2643.374
22.509 2643.374
22.509 2643.374
22.509 2643.374
22.509 7489.724
22.509 2643.374
22.509 2643.374
22.509 2643.374
22.509 2643.374
22.509 2643.374
22.509 2643.374
22.509 2643.374
22.509 2643.374
22.509 2643.374
22.509 2643.374
22.509 2643.374
22.509 2643.374
22.509 2643.374
22.509 7488.745
22.509 2643.374
22.509 2643.374
22.509 2643.374
22.509 2643.374
22.509 2643.374
22.509 2643.374
22.509 2643.374
22.509 2643.374
22.509 2643.374
22.509 2643.374
22.509 2643.374
22.509 2643.374
22.509 7489.724
22.509 2643.374
22.509 2643.374
22.509 2643.374
22.509 2643.374
22.509 2643.374
22.509 2643.374
22.509 2643.374
22.509 2643.374
22.509 2643.374
22.509 2643.374
22.509 2643.374
22.509 2643.374
22.509 2643.374
22.509 6326.091
7.829 1327.070
7.829 1327.070
7.829 1327.070
7.829 1327.070
7.829 1327.070
7.829 1327.070
7.829 1327.070
7.829 1327.070
7.829 1327.070
7.829 1327.070
7.829 1327.070
7.829 1327.070
7.829 1327.070
7.829 1327.070
7.829 1327.070
7.829 1327.070
7.829 1327.070
7.829 1327.070
7.829 1327.070
7.829 1327.070
7.829 1327.070
7.829 1327.070
7.829 1327.070
7.829 1327.070
7.829 1327.070
7.829 6178.313
17.616 1317.283
17.616 1317.283
17.616 1317.283
17.616 1317.283
17.616 1317.283
17.616 1317.283
17.616 1317.283
17.616 1317.283
17.616 1317.283
17.616 1317.283
17.616 1317.283
17.616 1317.283
17.616 1317.283
17.616 1317.283
17.616 1317.283
17.616 1317.283
17.616 1317.283
17.616 1317.283
17.616 1317.283
17.616 1317.283
17.616 1317.283
17.616 1317.283
17.616 1317.283
17.616 1317.283
17.616 1317.283
17.616 1317.283
17.616 6172.441
22.509 1312.390
22.509 1312.390
22.509 1312.390
22.509 1312.390
22.509 1312.390
22.509 1312.390
22.509 1312.390
22.509 1312.390
22.509 1312.390
22.509 1312.390
22.509 1312.390
22.509 1312.390
22.509 1312.390
22.509 1312.390
22.509 1312.390
22.509 1312.390
22.509 1312.390
22.509 1312.390
22.509 1312.390
22.509 1312.390
22.509 1312.390
22.509 1312.390
22.509 1312.390
22.509 1312.390
22.509 1312.390
22.509 6159.718
22.509 1312.390
22.509 1312.390
22.509 1312.390
22.509 1312.390
22.509 1312.390
22.509 1312.390
22.509 1312.390
22.509 1312.390
22.509 1312.390
22.509 1312.390
22.509 1312.390
22.509 1312.390
22.509 1312.390
22.509 1312.390
22.509 1312.390
22.509 1312.390
22.509 1312.390
22.509 1312.390
22.509 1312.390
22.509 1312.390
22.509 1312.390
22.509 1312.390
22.509 1312.390
22.509 1312.390
22.509 1312.390
22.509 1312.390
22.509 6157.761
22.509 1312.390
22.509 1312.390
22.509 1312.390
22.509 1312.390
22.509 1312.390
22.509 1312.390
22.509 1312.390
22.509 1312.390
22.509 1312.390
22.509 1312.390
22.509 1312.390
22.509 1312.390
22.509 1312.390
22.509 1312.390
22.509 1312.390
22.509 1312.390
22.509 1312.390
22.509 1312.390
22.509 1312.390
22.509 1312.390
22.509 1312.390
22.509 1312.390
22.509 1312.390
22.509 1312.390
22.509 1312.390
22.509 6158.739
22.509 1312.390
22.509 1312.390
22.509 1312.390
22.509 1312.390
22.509 1312.390
22.509 1312.390
22.509 1312.390
22.509 1312.390
22.509 1312.390
22.509 1312.390
22.509 1312.390
22.509 1312.390
22.509 1312.390
22.509 1312.390
22.509 1312.390
22.509 1312.390
22.509 1312.390
22.509 1312.390
22.509 1312.390
22.509 1312.390
22.509 1312.390
22.509 1312.390
22.509 1312.390
22.509 1312.390
22.509 1312.390
22.509 1312.390
22.509 7873.361
22.509 1312.390
22.509 1312.390
22.509 1312.390
22.509 1312.390
22.509 1312.390
22.509 1312.390
22.509 1312.390
22.509 1312.390
22.509 1312.390
22.509 1312.390
22.509 1312.390
22.509 1312.390
22.509 1312.390
22.509 1312.390
22.509 1312.390
22.509 1312.390
22.509 1312.390
22.509 1312.390
22.509 1312.390
22.509 1312.390
22.509 1312.390
22.509 1312.390
22.509 1312.390
22.509 1312.390
22.509 1312.390
22.509 6167.547
22.509 1312.390
22.509 1312.390
22.509 1312.390
22.509 1312.390
22.509 1312.390
22.509 1312.390
22.509 1312.390
22.509 1312.390
22.509 1312.390
22.509 1312.390
22.509 1312.390
22.509 1312.390
22.509 1312.390
22.509 1312.390
22.509 1312.390
22.509 1312.390
22.509 1312.390
22.509 1312.390
22.509 1312.390
22.509 1312.390
22.509 1312.390
22.509 1312.390
22.509 1312.390
22.509 1312.390
22.509 1312.390
22.509 1312.390
22.509 6155.803
22.509 1312.390
22.509 1312.390
22.509 1312.390
22.509 1312.390
22.509 1312.390
22.509 1312.390
22.509 1312.390
22.509 1312.390
22.509 1312.390
22.509 1312.390
22.509 1312.390
22.509 1312.390
22.509 1312.390
22.509 1312.390
22.509 1312.390
22.509 1312.390
22.509 1312.390
22.509 1312.390
22.509 1312.390
22.509 1312.390
22.509 1312.390
22.509 1312.390
22.509 1312.390
22.509 1312.390
22.509 1312.390
22.509 6171.462
22.509 1312.390
22.509 1312.390
22.509 1312.390
22.509 1312.390
22.509 1312.390
22.509 1312.390
22.509 1312.390
22.509 1312.390
22.509 1312.390
22.509 1312.390
22.509 1312.390
22.509 1312.390
22.509 1312.390
22.509 1312.390
22.509 1312.390
22.509 1312.390
22.509 1312.390
22.509 1312.390
22.509 1312.390
22.509 1312.390
22.509 1312.390
22.509 1312.390
22.509 1312.390
22.509 1312.390
22.509 1312.390
22.509 1312.390
22.509 7878.254
22.509 1312.390
22.509 1312.390
22.509 1312.390
22.509 1312.390
22.509 1312.390
22.509 1312.390
22.509 1312.390
22.509 1312.390
22.509 1312.390
22.509 1312.390
22.509 1312.390
22.509 1312.390
22.509 1312.390
22.509 1312.390
22.509 1312.390
22.509 1312.390
22.509 1312.390
22.509 1312.390
22.509 1312.390
22.509 1312.390
22.509 1312.390
22.509 1312.390
22.509 1312.390
22.509 1312.390
22.509 1312.390
22.509 6176.355
22.509 1312.390
22.509 1312.390
22.509 1312.390
22.509 1312.390
22.509 1312.390
22.509 1312.390
22.509 1312.390
22.509 1312.390
22.509 1312.390
22.509 1312.390
22.509 1312.390
22.509 1312.390
22.509 1312.390
22.509 1312.390
22.509 1312.390
22.509 1312.390
22.509 1312.390
22.509 1312.390
22.509 1312.390
22.509 1312.390
22.509 1312.390
22.509 1312.390
22.509 1312.390
22.509 1312.390
22.509 1312.390
22.509 1312.390
22.509 6175.377
22.509 1312.390
22.509 1312.390
22.509 1312.390
22.509 1312.390
22.509 1312.390
22.509 1312.390
22.509 1312.390
22.509 1312.390
22.509 1312.390
22.509 1312.390
22.509 1312.390
22.509 1312.390
22.509 1312.390
22.509 1312.390
22.509 1312.390
22.509 1312.390
22.509 1312.390
22.509 1312.390
22.509 1312.390
22.509 1312.390
22.509 1312.390
22.509 1312.390
22.509 1312.390
22.509 1312.390
22.509 1312.390
22.509 7786.260
22.509 1312.390
22.509 1312.390
22.509 1312.390
22.509 1312.390
22.509 1312.390
22.509 1312.390
22.509 1312.390
22.509 1312.390
22.509 1312.390
22.509 1312.390
22.509 1312.390
22.509 1312.390
22.509 1312.390
22.509 1312.390
22.509 1312.390
22.509 1312.390
22.509 1312.390
22.509 1312.390
22.509 1312.390
22.509 1312.390
22.509 1312.390
22.509 1312.390
22.509 1312.390
22.509 1312.390
22.509 1312.390
22.509 1312.390
22.509 6166.569
22.509 1312.390
22.509 1312.390
22.509 1312.390
22.509 1312.390
22.509 1312.390
22.509 1312.390
22.509 1312.390
22.509 1312.390
22.509 1312.390
22.509 1312.390
22.509 1312.390
22.509 1312.390
22.509 1312.390
22.509 1312.390
22.509 1312.390
22.509 1312.390
22.509 1312.390
22.509 1312.390
22.509 1312.390
22.509 1312.390
22.509 1312.390
22.509 1312.390
22.509 1312.390
22.509 1312.390
22.509 1312.390
22.509 6167.547
22.509 1312.390
22.509 1312.390
22.509 1312.390
22.509 1312.390
22.509 1312.390
22.509 1312.390
22.509 1312.390
22.509 1312.390
22.509 1312.390
22.509 1312.390
22.509 1312.390
22.509 1312.390
22.509 1312.390
22.509 1312.390
22.509 1312.390
22.509 1312.390
22.509 1312.390
22.509 1312.390
22.509 1312.390
22.509 1312.390
22.509 1312.390
22.509 1312.390
22.509 1312.390
22.509 1312.390
22.509 1312.390
22.509 1312.390
22.509 6170.483
22.509 1312.390
22.509 1312.390
22.509 1312.390
22.509 1312.390
22.509 1312.390
22.509 1312.390
22.509 1312.390
22.509 1312.390
22.509 1312.390
22.509 1312.390
22.509 1312.390
22.509 1312.390
22.509 1312.390
22.509 1312.390
22.509 1312.390
22.509 1312.390
22.509 1312.390
22.509 1312.390
22.509 1312.390
22.509 1312.390
22.509 1312.390
22.509 1312.390
22.509 1312.390
22.509 1312.390
22.509 1312.390
22.509 6167.547
22.509 1312.390
22.509 1312.390
22.509 1312.390
22.509 1312.390
22.509 1312.390
22.509 1312.390
22.509 1312.390
22.509 1312.390
22.509 1312.390
22.509 1312.390
22.509 1312.390
22.509 1312.390
22.509 1312.390
22.509 1312.390
22.509 1312.390
22.509 1312.390
22.509 1312.390
22.509 1312.390
22.509 1312.390
22.509 1312.390
22.509 1312.390
22.509 1312.390
22.509 1312.390
22.509 1312.390
22.509 1312.390
22.509 1312.390
22.509 9488.158
22.509 1312.390
22.509 1312.390
22.509 1312.390
22.509 1312.390
22.509 1312.390
22.509 1312.390
22.509 1312.390
22.509 1312.390
22.509 1312.390
22.509 1312.390
22.509 1312.390
22.509 1312.390
22.509 1312.390
22.509 1312.390
22.509 1312.390
22.509 1312.390
22.509 1312.390
22.509 1312.390
22.509 1312.390
22.509 1312.390
22.509 1312.390
22.509 1312.390
22.509 1312.390
22.509 1312.390
22.509 1312.390
22.509 6167.547
22.509 1312.390
22.509 1312.390
22.509 1312.390
22.509 1312.390
22.509 1312.390
22.509 1312.390
22.509 1312.390
22.509 1312.390
22.509 1312.390
22.509 1312.390
22.509 1312.390
22.509 1312.390
22.509 1312.390
22.509 1312.390
22.509 1312.390
22.509 1312.390
22.509 1312.390
22.509 1312.390
22.509 1312.390
22.509 1312.390
22.509 1312.390
22.509 1312.390
22.509 1312.390
22.509 1312.390
22.509 1312.390
22.509 1312.390
22.509 6166.569
22.509 1312.390
22.509 1312.390
22.509 1312.390
22.509 1312.390
22.509 1312.390
22.509 1312.390
22.509 1312.390
22.509 1312.390
22.509 1312.390
22.509 1312.390
22.509 1312.390
22.509 1312.390
22.509 1312.390
22.509 1312.390
22.509 1312.390
22.509 1312.390
22.509 1312.390
22.509 1312.390
22.509 1312.390
22.509 1312.390
22.509 1312.390
22.509 1312.390
22.509 1312.390
22.509 1312.390
22.509 1312.390
22.509 6167.547
22.509 1312.390
22.509 1312.390
22.509 1312.390
22.509 1312.390
22.509 1312.390
22.509 1312.390
22.509 1312.390
22.509 1312.390
22.509 1312.390
22.509 1312.390
22.509 1312.390
22.509 1312.390
22.509 1312.390
22.509 1312.390
22.509 1312.390
22.509 1312.390
22.509 1312.390
22.509 1312.390
22.509 1312.390
22.509 1312.390
22.509 1312.390
22.509 1312.390
22.509 1312.390
22.509 1312.390
22.509 1312.390
22.509 1312.390
22.509 6155.803
22.509 1312.390
22.509 1312.390
22.509 1312.390
22.509 1312.390
22.509 1312.390
22.509 1312.390
22.509 1312.390
22.509 1312.390
22.509 1312.390
22.509 1312.390
22.509 1312.390
22.509 1312.390
22.509 1312.390
22.509 1312.390
22.509 1312.390
22.509 1312.390
22.509 1312.390
22.509 1312.390
22.509 1312.390
22.509 1312.390
22.509 1312.390
22.509 1312.390
22.509 1312.390
22.509 1312.390
22.509 1312.390
22.509 7777.452
22.509 1312.390
22.509 1312.390
22.509 1312.390
22.509 1312.390
22.509 1312.390
22.509 1312.390
22.509 1312.390
22.509 1312.390
22.509 1312.390
22.509 1312.390
22.509 1312.390
22.509 1312.390
22.509 1312.390
22.509 1312.390
22.509 1312.390
22.509 1312.390
22.509 1312.390
22.509 1312.390
22.509 1312.390
22.509 1312.390
22.509 1312.390
22.509 1312.390
22.509 1312.390
22.509 1312.390
22.509 1312.390
22.509 1312.390
22.509 6157.761
22.509 1312.390
22.509 1312.390
22.509 1312.390
22.509 1312.390
22.509 1312.390
22.509 1312.390
22.509 1312.390
22.509 1312.390
22.509 1312.390
22.509 1312.390
22.509 1312.390
22.509 1312.390
22.509 1312.390
22.509 1312.390
22.509 1312.390
22.509 1312.390
22.509 1312.390
22.509 1312.390
22.509 1312.390
22.509 1312.390
22.509 1312.390
22.509 1312.390
22.509 1312.390
22.509 1312.390
22.509 1312.390
22.509 6158.739
22.509 1312.390
22.509 1312.390
22.509 1312.390
22.509 1312.390
22.509 1312.390
22.509 1312.390
22.509 1312.390
22.509 1312.390
22.509 1312.390
22.509 1312.390
22.509 1312.390
22.509 1312.390
22.509 1312.390
22.509 1312.390
22.509 1312.390
22.509 1312.390
22.509 1312.390
22.509 1312.390
22.509 1312.390
22.509 1312.390
22.509 1312.390
22.509 1312.390
22.509 1312.390
22.509 1312.390
22.509 1312.390
22.509 1312.390
22.509 6161.675
22.509 1312.390
22.509 1312.390
22.509 1312.390
22.509 1312.390
22.509 1312.390
22.509 1312.390
22.509 1312.390
22.509 1312.390
22.509 1312.390
22.509 1312.390
22.509 1312.390
22.509 1312.390
22.509 1312.390
22.509 1312.390
22.509 1312.390
22.509 1312.390
22.509 1312.390
22.509 1312.390
22.509 1312.390
22.509 1312.390
22.509 1312.390
22.509 1312.390
22.509 1312.390
22.509 1312.390
22.509 1312.390
22.509 6158.739
22.509 1312.390
22.509 1312.390
22.509 1312.390
22.509 1312.390
22.509 1312.390
22.509 1312.390
22.509 1312.390
22.509 1312.390
22.509 1312.390
22.509 1312.390
22.509 1312.390
22.509 1312.390
22.509 1312.390
22.509 1312.390
22.509 1312.390
22.509 1312.390
22.509 1312.390
22.509 1312.390
22.509 1312.390
22.509 1312.390
22.509 1312.390
22.509 1312.390
22.509 1312.390
22.509 1312.390
22.509 1312.390
22.509 1312.390
22.509 6157.761
22.509 1312.390
22.509 1312.390
22.509 1312.390
22.509 1312.390
22.509 1312.390
22.509 1312.390
22.509 1312.390
22.509 1312.390
22.509 1312.390
22.509 1312.390
22.509 1312.390
22.509 1312.390
22.509 1312.390
22.509 1312.390
22.509 1312.390
22.509 1312.390
22.509 1312.390
22.509 1312.390
22.509 1312.390
22.509 1312.390
22.509 1312.390
22.509 1312.390
22.509 1312.390
22.509 1312.390
22.509 1312.390
22.509 6162.654
22.509 1312.390
22.509 1312.390
22.509 1312.390
22.509 1312.390
22.509 1312.390
22.509 1312.390
22.509 1312.390
22.509 1312.390
22.509 1312.390
22.509 1312.390
22.509 1312.390
22.509 1312.390
22.509 1312.390
22.509 1312.390
22.509 1312.390
22.509 1312.390
22.509 1312.390
22.509 1312.390
22.509 1312.390
22.509 1312.390
22.509 1312.390
22.509 1312.390
22.509 1312.390
22.509 1312.390
22.509 1312.390
22.509 1312.390
22.509 6157.761
22.509 1312.390
22.509 1312.390
22.509 1312.390
22.509 1312.390
22.509 1312.390
22.509 1312.390
22.509 1312.390
22.509 1312.390
22.509 1312.390
22.509 1312.390
22.509 1312.390
22.509 1312.390
22.509 1312.390
22.509 1312.390
22.509 1312.390
22.509 1312.390
22.509 1312.390
22.509 1312.390
22.509 1312.390
22.509 1312.390
22.509 1312.390
22.509 1312.390
22.509 1312.390
22.509 1312.390
22.509 1312.390
22.509 6158.739
22.509 1312.390
22.509 1312.390
22.509 1312.390
22.509 1312.390
22.509 1312.390
22.509 1312.390
22.509 1312.390
22.509 1312.390
22.509 1312.390
22.509 1312.390
22.509 1312.390
22.509 1312.390
22.509 1312.390
22.509 1312.390
22.509 1312.390
22.509 1312.390
22.509 1312.390
22.509 1312.390
22.509 1312.390
22.509 1312.390
22.509 1312.390
22.509 1312.390
22.509 1312.390
22.509 1312.390
22.509 1312.390
22.509 1312.390
22.509 6157.761
22.509 1312.390
22.509 1312.390
22.509 1312.390
22.509 1312.390
22.509 1312.390
22.509 1312.390
22.509 1312.390
22.509 1312.390
22.509 1312.390
22.509 1312.390
22.509 1312.390
22.509 1312.390
22.509 1312.390
22.509 1312.390
22.509 1312.390
22.509 1312.390
22.509 1312.390
22.509 1312.390
22.509 1312.390
22.509 1312.390
22.509 1312.390
22.509 1312.390
22.509 1312.390
22.509 1312.390
22.509 1312.390
22.509 6158.739
22.509 1312.390
22.509 1312.390
22.509 1312.390
22.509 1312.390
22.509 1312.390
22.509 1312.390
22.509 1312.390
22.509 1312.390
22.509 1312.390
22.509 1312.390
22.509 1312.390
22.509 1312.390
22.509 1312.390
22.509 1312.390
22.509 1312.390
22.509 1312.390
22.509 1312.390
22.509 1312.390
22.509 1312.390
22.509 1312.390
22.509 1312.390
22.509 1312.390
22.509 1312.390
22.509 1312.390
22.509 1312.390
22.509 1312.390
22.509 6157.761
22.509 1312.390
22.509 1312.390
22.509 1312.390
22.509 1312.390
22.509 1312.390
22.509 1312.390
22.509 1312.390
22.509 1312.390
22.509 1312.390
22.509 1312.390
22.509 1312.390
22.509 1312.390
22.509 1312.390
22.509 1312.390
22.509 1312.390
22.509 1312.390
22.509 1312.390
22.509 1312.390
22.509 1312.390
22.509 1312.390
22.509 1312.390
22.509 1312.390
22.509 1312.390
22.509 1312.390
22.509 1312.390
22.509 6158.739
22.509 1312.390
22.509 1312.390
22.509 1312.390
22.509 1312.390
22.509 1312.390
22.509 1312.390
22.509 1312.390
22.509 1312.390
22.509 1312.390
22.509 1312.390
22.509 1312.390
22.509 1312.390
22.509 1312.390
22.509 1312.390
22.509 1312.390
22.509 1312.390
22.509 1312.390
22.509 1312.390
22.509 1312.390
22.509 1312.390
22.509 1312.390
22.509 1312.390
22.509 1312.390
22.509 1312.390
22.509 1312.390
22.509 1312.390
22.509 6158.739
22.509 1312.390
22.509 1312.390
22.509 1312.390
22.509 1312.390
22.509 1312.390
22.509 1312.390
22.509 1312.390
22.509 1312.390
22.509 1312.390
22.509 1312.390
22.509 1312.390
22.509 1312.390
22.509 1312.390
22.509 1312.390
22.509 1312.390
22.509 1312.390
22.509 1312.390
22.509 1312.390
22.509 1312.390
22.509 1312.390
22.509 1312.390
22.509 1312.390
22.509 1312.390
22.509 1312.390
22.509 1312.390
22.509 6158.739
22.509 1312.390
22.509 1312.390
22.509 1312.390
22.509 1312.390
22.509 1312.390
22.509 1312.390
22.509 1312.390
22.509 1312.390
22.509 1312.390
22.509 1312.390
22.509 1312.390
22.509 1312.390
22.509 1312.390
22.509 1312.390
22.509 1312.390
22.509 1312.390
22.509 1312.390
22.509 1312.390
22.509 1312.390
22.509 1312.390
22.509 1312.390
22.509 1312.390
22.509 1312.390
22.509 1312.390
22.509 1312.390
22.509 1312.390
22.509 6157.761
22.509 1312.390
22.509 1312.390
22.509 1312.390
22.509 1312.390
22.509 1312.390
22.509 1312.390
22.509 1312.390
22.509 1312.390
22.509 1312.390
22.509 1312.390
22.509 1312.390
22.509 1312.390
22.509 1312.390
22.509 1312.390
22.509 1312.390
22.509 1312.390
22.509 1312.390
22.509 1312.390
22.509 1312.390
22.509 1312.390
22.509 1312.390
22.509 1312.390
22.509 1312.390
22.509 1312.390
22.509 1312.390
22.509 6159.718
22.509 1312.390
22.509 1312.390
22.509 1312.390
22.509 1312.390
22.509 1312.390
22.509 1312.390
22.509 1312.390
22.509 1312.390
22.509 1312.390
22.509 1312.390
22.509 1312.390
22.509 1312.390
22.509 1312.390
22.509 1312.390
22.509 1312.390
22.509 1312.390
22.509 1312.390
22.509 1312.390
22.509 1312.390
22.509 1312.390
22.509 1312.390
22.509 1312.390
22.509 1312.390
22.509 1312.390
22.509 1312.390
22.509 1312.390
22.509 6157.761
22.509 1312.390
22.509 1312.390
22.509 1312.390
22.509 1312.390
22.509 1312.390
22.509 1312.390
22.509 1312.390
22.509 1312.390
22.509 1312.390
22.509 1312.390
22.509 1312.390
22.509 1312.390
22.509 1312.390
22.509 1312.390
22.509 1312.390
22.509 1312.390
22.509 1312.390
22.509 1312.390
22.509 1312.390
22.509 1312.390
22.509 1312.390
22.509 1312.390
22.509 1312.390
22.509 1312.390
22.509 1312.390
22.509 6158.739
22.509 1312.390
22.509 1312.390
22.509 1312.390
22.509 1312.390
22.509 1312.390
22.509 1312.390
22.509 1312.390
22.509 1312.390
22.509 1312.390
22.509 1312.390
22.509 1312.390
22.509 1312.390
22.509 1312.390
22.509 1312.390
22.509 1312.390
22.509 1312.390
22.509 1312.390
22.509 1312.390
22.509 1312.390
22.509 1312.390
22.509 1312.390
22.509 1312.390
22.509 1312.390
22.509 1312.390
22.509 1312.390
22.509 1312.390
22.509 6161.675
22.509 1312.390
22.509 1312.390
22.509 1312.390
22.509 1312.390
22.509 1312.390
22.509 1312.390
22.509 1312.390
22.509 1312.390
22.509 1312.390
22.509 1312.390
22.509 1312.390
22.509 1312.390
22.509 1312.390
22.509 1312.390
22.509 1312.390
22.509 1312.390
22.509 1312.390
22.509 1312.390
22.509 1312.390
22.509 1312.390
22.509 1312.390
22.509 1312.390
22.509 1312.390
22.509 1312.390
22.509 1312.390
22.509 6158.739
22.509 1312.390
22.509 1312.390
22.509 1312.390
22.509 1312.390
22.509 1312.390
22.509 1312.390
22.509 1312.390
22.509 1312.390
22.509 1312.390
22.509 1312.390
22.509 1312.390
22.509 1312.390
22.509 1312.390
22.509 1312.390
22.509 1312.390
22.509 1312.390
22.509 1312.390
22.509 1312.390
22.509 1312.390
22.509 1312.390
22.509 1312.390
22.509 1312.390
22.509 1312.390
22.509 1312.390
22.509 1312.390
22.509 1312.390
22.509 6157.761
22.509 1312.390
22.509 1312.390
22.509 1312.390
22.509 1312.390
22.509 1312.390
22.509 1312.390
22.509 1312.390
22.509 1312.390
22.509 1312.390
22.509 1312.390
22.509 1312.390
22.509 1312.390
22.509 1312.390
22.509 1312.390
22.509 1312.390
22.509 1312.390
22.509 1312.390
22.509 1312.390
22.509 1312.390
22.509 1312.390
22.509 1312.390
22.509 1312.390
22.509 1312.390
22.509 1312.390
22.509 1312.390
22.509 6924.056
7.829 1248.777
7.829 1248.777
7.829 1248.777
7.829 1248.777
7.829 1248.777
7.829 1248.777
7.829 1248.777
7.829 1248.777
7.829 1248.777
7.829 1248.777
7.829 1248.777
7.829 1248.777
7.829 1248.777
7.829 1248.777
7.829 1248.777
7.829 1248.777
7.829 1248.777
7.829 1248.777
7.829 1248.777
7.829 1248.777
7.829 1248.777
7.829 1248.777
7.829 1248.777
7.829 1248.777
7.829 1248.777
7.829 1248.777
7.829 1248.777
7.829 6099.041
17.616 1238.990
17.616 1238.990
17.616 1238.990
17.616 1238.990
17.616 1238.990
17.616 1238.990
17.616 1238.990
17.616 1238.990
17.616 1238.990
17.616 1238.990
17.616 1238.990
17.616 1238.990
17.616 1238.990
17.616 1238.990
17.616 1238.990
17.616 1238.990
17.616 1238.990
17.616 1238.990
17.616 1238.990
17.616 1238.990
17.616 1238.990
17.616 1238.990
17.616 1238.990
17.616 1238.990
17.616 1238.990
17.616 1238.990
17.616 1238.990
17.616 1238.990
17.616 6095.126
22.509 1234.097
22.509 1234.097
22.509 1234.097
22.509 1234.097
22.509 1234.097
22.509 1234.097
22.509 1234.097
22.509 1234.097
22.509 1234.097
22.509 1234.097
22.509 1234.097
22.509 1234.097
22.509 1234.097
22.509 1234.097
22.509 1234.097
22.509 1234.097
22.509 1234.097
22.509 1234.097
22.509 1234.097
22.509 1234.097
22.509 1234.097
22.509 1234.097
22.509 1234.097
22.509 1234.097
22.509 1234.097
22.509 1234.097
22.509 1234.097
22.509 6079.468
22.509 1234.097
22.509 1234.097
22.509 1234.097
22.509 1234.097
22.509 1234.097
22.509 1234.097
22.509 1234.097
22.509 1234.097
22.509 1234.097
22.509 1234.097
22.509 1234.097
22.509 1234.097
22.509 1234.097
22.509 1234.097
22.509 1234.097
22.509 1234.097
22.509 1234.097
22.509 1234.097
22.509 1234.097
22.509 1234.097
22.509 1234.097
22.509 1234.097
22.509 1234.097
22.509 1234.097
22.509 1234.097
22.509 1234.097
22.509 1234.097
22.509 1234.097
22.509 6080.446
22.509 1234.097
22.509 1234.097
22.509 1234.097
22.509 1234.097
22.509 1234.097
22.509 1234.097
22.509 1234.097
22.509 1234.097
22.509 1234.097
22.509 1234.097
22.509 1234.097
22.509 1234.097
22.509 1234.097
22.509 1234.097
22.509 1234.097
22.509 1234.097
22.509 1234.097
22.509 1234.097
22.509 1234.097
22.509 1234.097
22.509 1234.097
22.509 1234.097
22.509 1234.097
22.509 1234.097
22.509 1234.097
22.509 1234.097
22.509 1234.097
22.509 6079.468
22.509 1234.097
22.509 1234.097
22.509 1234.097
22.509 1234.097
22.509 1234.097
22.509 1234.097
22.509 1234.097
22.509 1234.097
22.509 1234.097
22.509 1234.097
22.509 1234.097
22.509 1234.097
22.509 1234.097
22.509 1234.097
22.509 1234.097
22.509 1234.097
22.509 1234.097
22.509 1234.097
22.509 1234.097
22.509 1234.097
22.509 1234.097
22.509 1234.097
22.509 1234.097
22.509 1234.097
22.509 1234.097
22.509 1234.097
22.509 1234.097
22.509 1234.097
22.509 6080.446
22.509 1234.097
22.509 1234.097
22.509 1234.097
22.509 1234.097
22.509 1234.097
22.509 1234.097
22.509 1234.097
22.509 1234.097
22.509 1234.097
22.509 1234.097
22.509 1234.097
22.509 1234.097
22.509 1234.097
22.509 1234.097
22.509 1234.097
22.509 1234.097
22.509 1234.097
22.509 1234.097
22.509 1234.097
22.509 1234.097
22.509 1234.097
22.509 1234.097
22.509 1234.097
22.509 1234.097
22.509 1234.097
22.509 1234.097
22.509 1234.097
22.509 6684.283
7.829 1053.044
7.829 1053.044
7.829 1053.044
7.829 1053.044
7.829 1053.044
7.829 1053.044
7.829 1053.044
7.829 1053.044
7.829 1053.044
7.829 1053.044
7.829 1053.044
7.829 1053.044
7.829 1053.044
7.829 1053.044
7.829 1053.044
7.829 1053.044
7.829 1053.044
7.829 1053.044
7.829 1053.044
7.829 1053.044
7.829 1053.044
7.829 1053.044
7.829 1053.044
7.829 1053.044
7.829 1053.044
7.829 1053.044
7.829 1053.044
7.829 1053.044
7.829 1053.044
7.829 1053.044
7.829 1053.044
7.829 1053.044
7.829 5904.287
17.616 1043.257
17.616 1043.257
17.616 1043.257
17.616 1043.257
17.616 1043.257
17.616 1043.257
17.616 1043.257
17.616 1043.257
17.616 1043.257
17.616 1043.257
17.616 1043.257
17.616 1043.257
17.616 1043.257
17.616 1043.257
17.616 1043.257
17.616 1043.257
17.616 1043.257
17.616 1043.257
17.616 1043.257
17.616 1043.257
17.616 1043.257
17.616 1043.257
17.616 1043.257
17.616 1043.257
17.616 1043.257
17.616 1043.257
17.616 1043.257
17.616 1043.257
17.616 1043.257
17.616 1043.257
17.616 1043.257
17.616 1043.257
17.616 1043.257
17.616 5898.415
22.509 1038.364
22.509 1038.364
22.509 1038.364
22.509 1038.364
22.509 1038.364
22.509 1038.364
22.509 1038.364
22.509 1038.364
22.509 1038.364
22.509 1038.364
22.509 1038.364
22.509 1038.364
22.509 1038.364
22.509 1038.364
22.509 1038.364
22.509 1038.364
22.509 1038.364
22.509 1038.364
22.509 1038.364
22.509 1038.364
22.509 1038.364
22.509 1038.364
22.509 1038.364
22.509 1038.364
22.509 1038.364
22.509 1038.364
22.509 1038.364
22.509 1038.364
22.509 1038.364
22.509 1038.364
22.509 1038.364
22.509 1038.364
22.509 5884.713
22.509 1038.364
22.509 1038.364
22.509 1038.364
22.509 1038.364
22.509 1038.364
22.509 1038.364
22.509 1038.364
22.509 1038.364
22.509 1038.364
22.509 1038.364
22.509 1038.364
22.509 1038.364
22.509 1038.364
22.509 1038.364
22.509 1038.364
22.509 1038.364
22.509 1038.364
22.509 1038.364
22.509 1038.364
22.509 1038.364
22.509 1038.364
22.509 1038.364
22.509 1038.364
22.509 1038.364
22.509 1038.364
22.509 1038.364
22.509 1038.364
22.509 1038.364
22.509 1038.364
22.509 1038.364
22.509 1038.364
22.509 1038.364
22.509 1038.364
22.509 5883.735
22.509 1038.364
22.509 1038.364
22.509 1038.364
22.509 1038.364
22.509 1038.364
22.509 1038.364
22.509 1038.364
22.509 1038.364
22.509 1038.364
22.509 1038.364
22.509 1038.364
22.509 1038.364
22.509 1038.364
22.509 1038.364
22.509 1038.364
22.509 1038.364
22.509 1038.364
22.509 1038.364
22.509 1038.364
22.509 1038.364
22.509 1038.364
22.509 1038.364
22.509 1038.364
22.509 1038.364
22.509 1038.364
22.509 1038.364
22.509 1038.364
22.509 1038.364
22.509 1038.364
22.509 1038.364
22.509 1038.364
22.509 1038.364
22.509 5884.713
22.509 1038.364
22.509 1038.364
22.509 1038.364
22.509 1038.364
22.509 1038.364
22.509 1038.364
22.509 1038.364
22.509 1038.364
22.509 1038.364
22.509 1038.364
22.509 1038.364
22.509 1038.364
22.509 1038.364
22.509 1038.364
22.509 1038.364
22.509 1038.364
22.509 1038.364
22.509 1038.364
22.509 1038.364
22.509 1038.364
22.509 1038.364
22.509 1038.364
22.509 1038.364
22.509 1038.364
22.509 1038.364
22.509 1038.364
22.509 1038.364
22.509 1038.364
22.509 1038.364
22.509 1038.364
22.509 1038.364
22.509 1038.364
22.509 1038.364
22.509 5883.735
22.509 1038.364
22.509 1038.364
22.509 1038.364
22.509 1038.364
22.509 1038.364
22.509 1038.364
22.509 1038.364
22.509 1038.364
22.509 1038.364
22.509 1038.364
22.509 1038.364
22.509 1038.364
22.509 1038.364
22.509 1038.364
22.509 1038.364
22.509 1038.364
22.509 1038.364
22.509 1038.364
22.509 1038.364
22.509 1038.364
22.509 1038.364
22.509 1038.364
22.509 1038.364
22.509 1038.364
22.509 1038.364
22.509 1038.364
22.509 1038.364
22.509 1038.364
22.509 1038.364
22.509 1038.364
22.509 1038.364
22.509 1038.364
22.509 6772.362
7.829 1248.777
7.829 1248.777
7.829 1248.777
7.829 1248.777
7.829 1248.777
7.829 1248.777
7.829 1248.777
7.829 1248.777
7.829 1248.777
7.829 1248.777
7.829 1248.777
7.829 1248.777
7.829 1248.777
7.829 1248.777
7.829 1248.777
7.829 1248.777
7.829 1248.777
7.829 1248.777
7.829 1248.777
7.829 1248.777
7.829 1248.777
7.829 1248.777
7.829 1248.777
7.829 1248.777
7.829 1248.777
7.829 1248.777
7.829 1248.777
7.829 6088.276
17.616 1238.990
17.616 1238.990
17.616 1238.990
17.616 1238.990
17.616 1238.990
17.616 1238.990
17.616 1238.990
17.616 1238.990
17.616 1238.990
17.616 1238.990
17.616 1238.990
17.616 1238.990
17.616 1238.990
17.616 1238.990
17.616 1238.990
17.616 1238.990
17.616 1238.990
17.616 1238.990
17.616 1238.990
17.616 1238.990
17.616 1238.990
17.616 1238.990
17.616 1238.990
17.616 1238.990
17.616 1238.990
17.616 1238.990
17.616 1238.990
17.616 1238.990
17.616 6095.126
22.509 1234.097
22.509 1234.097
22.509 1234.097
22.509 1234.097
22.509 1234.097
22.509 1234.097
22.509 1234.097
22.509 1234.097
22.509 1234.097
22.509 1234.097
22.509 1234.097
22.509 1234.097
22.509 1234.097
22.509 1234.097
22.509 1234.097
22.509 1234.097
22.509 1234.097
22.509 1234.097
22.509 1234.097
22.509 1234.097
22.509 1234.097
22.509 1234.097
22.509 1234.097
22.509 1234.097
22.509 1234.097
22.509 1234.097
22.509 1234.097
22.509 6079.468
22.509 1234.097
22.509 1234.097
22.509 1234.097
22.509 1234.097
22.509 1234.097
22.509 1234.097
22.509 1234.097
22.509 1234.097
22.509 1234.097
22.509 1234.097
22.509 1234.097
22.509 1234.097
22.509 1234.097
22.509 1234.097
22.509 1234.097
22.509 1234.097
22.509 1234.097
22.509 1234.097
22.509 1234.097
22.509 1234.097
22.509 1234.097
22.509 1234.097
22.509 1234.097
22.509 1234.097
22.509 1234.097
22.509 1234.097
22.509 1234.097
22.509 1234.097
22.509 6080.446
22.509 1234.097
22.509 1234.097
22.509 1234.097
22.509 1234.097
22.509 1234.097
22.509 1234.097
22.509 1234.097
22.509 1234.097
22.509 1234.097
22.509 1234.097
22.509 1234.097
22.509 1234.097
22.509 1234.097
22.509 1234.097
22.509 1234.097
22.509 1234.097
22.509 1234.097
22.509 1234.097
22.509 1234.097
22.509 1234.097
22.509 1234.097
22.509 1234.097
22.509 1234.097
22.509 1234.097
22.509 1234.097
22.509 1234.097
22.509 1234.097
22.509 6079.468
22.509 1234.097
22.509 1234.097
22.509 1234.097
22.509 1234.097
22.509 1234.097
22.509 1234.097
22.509 1234.097
22.509 1234.097
22.509 1234.097
22.509 1234.097
22.509 1234.097
22.509 1234.097
22.509 1234.097
22.509 1234.097
22.509 1234.097
22.509 1234.097
22.509 1234.097
22.509 1234.097
22.509 1234.097
22.509 1234.097
22.509 1234.097
22.509 1234.097
22.509 1234.097
22.509 1234.097
22.509 1234.097
22.509 1234.097
22.509 1234.097
22.509 1234.097
22.509 6080.446
22.509 1234.097
22.509 1234.097
22.509 1234.097
22.509 1234.097
22.509 1234.097
22.509 1234.097
22.509 1234.097
22.509 1234.097
22.509 1234.097
22.509 1234.097
22.509 1234.097
22.509 1234.097
22.509 1234.097
22.509 1234.097
22.509 1234.097
22.509 1234.097
22.509 1234.097
22.509 1234.097
22.509 1234.097
22.509 1234.097
22.509 1234.097
22.509 1234.097
22.509 1234.097
22.509 1234.097
22.509 1234.097
22.509 1234.097
22.509 1234.097
22.509 6079.468
22.509 1234.097
22.509 1234.097
22.509 1234.097
22.509 1234.097
22.509 1234.097
22.509 1234.097
22.509 1234.097
22.509 1234.097
22.509 1234.097
22.509 1234.097
22.509 1234.097
22.509 1234.097
22.509 1234.097
22.509 1234.097
22.509 1234.097
22.509 1234.097
22.509 1234.097
22.509 1234.097
22.509 1234.097
22.509 1234.097
22.509 1234.097
22.509 1234.097
22.509 1234.097
22.509 1234.097
22.509 1234.097
22.509 1234.097
22.509 1234.097
22.509 1234.097
22.509 6326.091
7.829 1327.070
7.829 1327.070
7.829 1327.070
7.829 1327.070
7.829 1327.070
7.829 1327.070
7.829 1327.070
7.829 1327.070
7.829 1327.070
7.829 1327.070
7.829 1327.070
7.829 1327.070
7.829 1327.070
7.829 1327.070
7.829 1327.070
7.829 1327.070
7.829 1327.070
7.829 1327.070
7.829 1327.070
7.829 1327.070
7.829 1327.070
7.829 1327.070
7.829 1327.070
7.829 1327.070
7.829 1327.070
7.829 6177.334
17.616 1317.283
17.616 1317.283
17.616 1317.283
17.616 1317.283
17.616 1317.283
17.616 1317.283
17.616 1317.283
17.616 1317.283
17.616 1317.283
17.616 1317.283
17.616 1317.283
17.616 1317.283
17.616 1317.283
17.616 1317.283
17.616 1317.283
17.616 1317.283
17.616 1317.283
17.616 1317.283
17.616 1317.283
17.616 1317.283
17.616 1317.283
17.616 1317.283
17.616 1317.283
17.616 1317.283
17.616 1317.283
17.616 1317.283
17.616 6173.419
22.509 1312.390
22.509 1312.390
22.509 1312.390
22.509 1312.390
22.509 1312.390
22.509 1312.390
22.509 1312.390
22.509 1312.390
22.509 1312.390
22.509 1312.390
22.509 1312.390
22.509 1312.390
22.509 1312.390
22.509 1312.390
22.509 1312.390
22.509 1312.390
22.509 1312.390
22.509 1312.390
22.509 1312.390
22.509 1312.390
22.509 1312.390
22.509 1312.390
22.509 1312.390
22.509 1312.390
22.509 1312.390
22.509 6157.761
22.509 1312.390
22.509 1312.390
22.509 1312.390
22.509 1312.390
22.509 1312.390
22.509 1312.390
22.509 1312.390
22.509 1312.390
22.509 1312.390
22.509 1312.390
22.509 1312.390
22.509 1312.390
22.509 1312.390
22.509 1312.390
22.509 1312.390
22.509 1312.390
22.509 1312.390
22.509 1312.390
22.509 1312.390
22.509 1312.390
22.509 1312.390
22.509 1312.390
22.509 1312.390
22.509 1312.390
22.509 1312.390
22.509 1312.390
22.509 6158.739
22.509 1312.390
22.509 1312.390
22.509 1312.390
22.509 1312.390
22.509 1312.390
22.509 1312.390
22.509 1312.390
22.509 1312.390
22.509 1312.390
22.509 1312.390
22.509 1312.390
22.509 1312.390
22.509 1312.390
22.509 1312.390
22.509 1312.390
22.509 1312.390
22.509 1312.390
22.509 1312.390
22.509 1312.390
22.509 1312.390
22.509 1312.390
22.509 1312.390
22.509 1312.390
22.509 1312.390
22.509 1312.390
22.509 6161.675
22.509 1312.390
22.509 1312.390
22.509 1312.390
22.509 1312.390
22.509 1312.390
22.509 1312.390
22.509 1312.390
22.509 1312.390
22.509 1312.390
22.509 1312.390
22.509 1312.390
22.509 1312.390
22.509 1312.390
22.509 1312.390
22.509 1312.390
22.509 1312.390
22.509 1312.390
22.509 1312.390
22.509 1312.390
22.509 1312.390
22.509 1312.390
22.509 1312.390
22.509 1312.390
22.509 1312.390
22.509 1312.390
22.509 1312.390
22.509 6158.739
22.509 1312.390
22.509 1312.390
22.509 1312.390
22.509 1312.390
22.509 1312.390
22.509 1312.390
22.509 1312.390
22.509 1312.390
22.509 1312.390
22.509 1312.390
22.509 1312.390
22.509 1312.390
22.509 1312.390
22.509 1312.390
22.509 1312.390
22.509 1312.390
22.509 1312.390
22.509 1312.390
22.509 1312.390
22.509 1312.390
22.509 1312.390
22.509 1312.390
22.509 1312.390
22.509 1312.390
22.509 1312.390
22.509 6157.761
22.509 1312.390
22.509 1312.390
22.509 1312.390
22.509 1312.390
22.509 1312.390
22.509 1312.390
22.509 1312.390
22.509 1312.390
22.509 1312.390
22.509 1312.390
22.509 1312.390
22.509 1312.390
22.509 1312.390
22.509 1312.390
22.509 1312.390
22.509 1312.390
22.509 1312.390
22.509 1312.390
22.509 1312.390
22.509 1312.390
22.509 1312.390
22.509 1312.390
22.509 1312.390
22.509 1312.390
22.509 1312.390
22.509 1312.390
22.509 6162.654
22.509 1312.390
22.509 1312.390
22.509 1312.390
22.509 1312.390
22.509 1312.390
22.509 1312.390
22.509 1312.390
22.509 1312.390
22.509 1312.390
22.509 1312.390
22.509 1312.390
22.509 1312.390
22.509 1312.390
22.509 1312.390
22.509 1312.390
22.509 1312.390
22.509 1312.390
22.509 1312.390
22.509 1312.390
22.509 1312.390
22.509 1312.390
22.509 1312.390
22.509 1312.390
22.509 1312.390
22.509 1312.390
22.509 6157.761
22.509 1312.390
22.509 1312.390
22.509 1312.390
22.509 1312.390
22.509 1312.390
22.509 1312.390
22.509 1312.390
22.509 1312.390
22.509 1312.390
22.509 1312.390
22.509 1312.390
22.509 1312.390
22.509 1312.390
22.509 1312.390
22.509 1312.390
22.509 1312.390
22.509 1312.390
22.509 1312.390
22.509 1312.390
22.509 1312.390
22.509 1312.390
22.509 1312.390
22.509 1312.390
22.509 1312.390
22.509 1312.390
22.509 1312.390
22.509 6158.739
22.509 1312.390
22.509 1312.390
22.509 1312.390
22.509 1312.390
22.509 1312.390
22.509 1312.390
22.509 1312.390
22.509 1312.390
22.509 1312.390
22.509 1312.390
22.509 1312.390
22.509 1312.390
22.509 1312.390
22.509 1312.390
22.509 1312.390
22.509 1312.390
22.509 1312.390
22.509 1312.390
22.509 1312.390
22.509 1312.390
22.509 1312.390
22.509 1312.390
22.509 1312.390
22.509 1312.390
22.509 1312.390
22.509 6157.761
22.509 1312.390
22.509 1312.390
22.509 1312.390
22.509 1312.390
22.509 1312.390
22.509 1312.390
22.509 1312.390
22.509 1312.390
22.509 1312.390
22.509 1312.390
22.509 1312.390
22.509 1312.390
22.509 1312.390
22.509 1312.390
22.509 1312.390
22.509 1312.390
22.509 1312.390
22.509 1312.390
22.509 1312.390
22.509 1312.390
22.509 1312.390
22.509 1312.390
22.509 1312.390
22.509 1312.390
22.509 1312.390
22.509 1312.390
22.509 6158.739
22.509 1312.390
22.509 1312.390
22.509 1312.390
22.509 1312.390
22.509 1312.390
22.509 1312.390
22.509 1312.390
22.509 1312.390
22.509 1312.390
22.509 1312.390
22.509 1312.390
22.509 1312.390
22.509 1312.390
22.509 1312.390
22.509 1312.390
22.509 1312.390
22.509 1312.390
22.509 1312.390
22.509 1312.390
22.509 1312.390
22.509 1312.390
22.509 1312.390
22.509 1312.390
22.509 1312.390
22.509 1312.390
22.509 6157.761
22.509 1312.390
22.509 1312.390
22.509 1312.390
22.509 1312.390
22.509 1312.390
22.509 1312.390
22.509 1312.390
22.509 1312.390
22.509 1312.390
22.509 1312.390
22.509 1312.390
22.509 1312.390
22.509 1312.390
22.509 1312.390
22.509 1312.390
22.509 1312.390
22.509 1312.390
22.509 1312.390
22.509 1312.390
22.509 1312.390
22.509 1312.390
22.509 1312.390
22.509 1312.390
22.509 1312.390
22.509 1312.390
22.509 1312.390
22.509 6158.739
22.509 1312.390
22.509 1312.390
22.509 1312.390
22.509 1312.390
22.509 1312.390
22.509 1312.390
22.509 1312.390
22.509 1312.390
22.509 1312.390
22.509 1312.390
22.509 1312.390
22.509 1312.390
22.509 1312.390
22.509 1312.390
22.509 1312.390
22.509 1312.390
22.509 1312.390
22.509 1312.390
22.509 1312.390
22.509 1312.390
22.509 1312.390
22.509 1312.390
22.509 1312.390
22.509 1312.390
22.509 1312.390
22.509 6158.739
22.509 1312.390
22.509 1312.390
22.509 1312.390
22.509 1312.390
22.509 1312.390
22.509 1312.390
22.509 1312.390
22.509 1312.390
22.509 1312.390
22.509 1312.390
22.509 1312.390
22.509 1312.390
22.509 1312.390
22.509 1312.390
22.509 1312.390
22.509 1312.390
22.509 1312.390
22.509 1312.390
22.509 1312.390
22.509 1312.390
22.509 1312.390
22.509 1312.390
22.509 1312.390
22.509 1312.390
22.509 1312.390
22.509 1312.390
22.509 6158.739
22.509 1312.390
22.509 1312.390
22.509 1312.390
22.509 1312.390
22.509 1312.390
22.509 1312.390
22.509 1312.390
22.509 1312.390
22.509 1312.390
22.509 1312.390
22.509 1312.390
22.509 1312.390
22.509 1312.390
22.509 1312.390
22.509 1312.390
22.509 1312.390
22.509 1312.390
22.509 1312.390
22.509 1312.390
22.509 1312.390
22.509 1312.390
22.509 1312.390
22.509 1312.390
22.509 1312.390
22.509 1312.390
22.509 6157.761
22.509 1312.390
22.509 1312.390
22.509 1312.390
22.509 1312.390
22.509 1312.390
22.509 1312.390
22.509 1312.390
22.509 1312.390
22.509 1312.390
22.509 1312.390
22.509 1312.390
22.509 1312.390
22.509 1312.390
22.509 1312.390
22.509 1312.390
22.509 1312.390
22.509 1312.390
22.509 1312.390
22.509 1312.390
22.509 1312.390
22.509 1312.390
22.509 1312.390
22.509 1312.390
22.509 1312.390
22.509 1312.390
22.509 1312.390
22.509 6159.718
22.509 1312.390
22.509 1312.390
22.509 1312.390
22.509 1312.390
22.509 1312.390
22.509 1312.390
22.509 1312.390
22.509 1312.390
22.509 1312.390
22.509 1312.390
22.509 1312.390
22.509 1312.390
22.509 1312.390
22.509 1312.390
22.509 1312.390
22.509 1312.390
22.509 1312.390
22.509 1312.390
22.509 1312.390
22.509 1312.390
22.509 1312.390
22.509 1312.390
22.509 1312.390
22.509 1312.390
22.509 1312.390
22.509 6157.761
22.509 1312.390
22.509 1312.390
22.509 1312.390
22.509 1312.390
22.509 1312.390
22.509 1312.390
22.509 1312.390
22.509 1312.390
22.509 1312.390
22.509 1312.390
22.509 1312.390
22.509 1312.390
22.509 1312.390
22.509 1312.390
22.509 1312.390
22.509 1312.390
22.509 1312.390
22.509 1312.390
22.509 1312.390
22.509 1312.390
22.509 1312.390
22.509 1312.390
22.509 1312.390
22.509 1312.390
22.509 1312.390
22.509 1312.390
22.509 6158.739
22.509 1312.390
22.509 1312.390
22.509 1312.390
22.509 1312.390
22.509 1312.390
22.509 1312.390
22.509 1312.390
22.509 1312.390
22.509 1312.390
22.509 1312.390
22.509 1312.390
22.509 1312.390
22.509 1312.390
22.509 1312.390
22.509 1312.390
22.509 1312.390
22.509 1312.390
22.509 1312.390
22.509 1312.390
22.509 1312.390
22.509 1312.390
22.509 1312.390
22.509 1312.390
22.509 1312.390
22.509 1312.390
22.509 6161.675
22.509 1312.390
22.509 1312.390
22.509 1312.390
22.509 1312.390
22.509 1312.390
22.509 1312.390
22.509 1312.390
22.509 1312.390
22.509 1312.390
22.509 1312.390
22.509 1312.390
22.509 1312.390
22.509 1312.390
22.509 1312.390
22.509 1312.390
22.509 1312.390
22.509 1312.390
22.509 1312.390
22.509 1312.390
22.509 1312.390
22.509 1312.390
22.509 1312.390
22.509 1312.390
22.509 1312.390
22.509 1312.390
22.509 1312.390
22.509 6158.739
22.509 1312.390
22.509 1312.390
22.509 1312.390
22.509 1312.390
22.509 1312.390
22.509 1312.390
22.509 1312.390
22.509 1312.390
22.509 1312.390
22.509 1312.390
22.509 1312.390
22.509 1312.390
22.509 1312.390
22.509 1312.390
22.509 1312.390
22.509 1312.390
22.509 1312.390
22.509 1312.390
22.509 1312.390
22.509 1312.390
22.509 1312.390
22.509 1312.390
22.509 1312.390
22.509 1312.390
22.509 1312.390
22.509 6157.761
22.509 1312.390
22.509 1312.390
22.509 1312.390
22.509 1312.390
22.509 1312.390
22.509 1312.390
22.509 1312.390
22.509 1312.390
22.509 1312.390
22.509 1312.390
22.509 1312.390
22.509 1312.390
22.509 1312.390
22.509 1312.390
22.509 1312.390
22.509 1312.390
22.509 1312.390
22.509 1312.390
22.509 1312.390
22.509 1312.390
22.509 1312.390
22.509 1312.390
22.509 1312.390
22.509 1312.390
22.509 1312.390
22.509 1312.390
22.509 6162.654
22.509 1312.390
22.509 1312.390
22.509 1312.390
22.509 1312.390
22.509 1312.390
22.509 1312.390
22.509 1312.390
22.509 1312.390
22.509 1312.390
22.509 1312.390
22.509 1312.390
22.509 1312.390
22.509 1312.390
22.509 1312.390
22.509 1312.390
22.509 1312.390
22.509 1312.390
22.509 1312.390
22.509 1312.390
22.509 1312.390
22.509 1312.390
22.509 1312.390
22.509 1312.390
22.509 1312.390
22.509 1312.390
22.509 6157.761
22.509 1312.390
22.509 1312.390
22.509 1312.390
22.509 1312.390
22.509 1312.390
22.509 1312.390
22.509 1312.390
22.509 1312.390
22.509 1312.390
22.509 1312.390
22.509 1312.390
22.509 1312.390
22.509 1312.390
22.509 1312.390
22.509 1312.390
22.509 1312.390
22.509 1312.390
22.509 1312.390
22.509 1312.390
22.509 1312.390
22.509 1312.390
22.509 1312.390
22.509 1312.390
22.509 1312.390
22.509 1312.390
22.509 1312.390
22.509 6158.739
22.509 1312.390
22.509 1312.390
22.509 1312.390
22.509 1312.390
22.509 1312.390
22.509 1312.390
22.509 1312.390
22.509 1312.390
22.509 1312.390
22.509 1312.390
22.509 1312.390
22.509 1312.390
22.509 1312.390
22.509 1312.390
22.509 1312.390
22.509 1312.390
22.509 1312.390
22.509 1312.390
22.509 1312.390
22.509 1312.390
22.509 1312.390
22.509 1312.390
22.509 1312.390
22.509 1312.390
22.509 1312.390
22.509 6157.761
22.509 1312.390
22.509 1312.390
22.509 1312.390
22.509 1312.390
22.509 1312.390
22.509 1312.390
22.509 1312.390
22.509 1312.390
22.509 1312.390
22.509 1312.390
22.509 1312.390
22.509 1312.390
22.509 1312.390
22.509 1312.390
22.509 1312.390
22.509 1312.390
22.509 1312.390
22.509 1312.390
22.509 1312.390
22.509 1312.390
22.509 1312.390
22.509 1312.390
22.509 1312.390
22.509 1312.390
22.509 1312.390
22.509 1312.390
22.509 6158.739
22.509 1312.390
22.509 1312.390
22.509 1312.390
22.509 1312.390
22.509 1312.390
22.509 1312.390
22.509 1312.390
22.509 1312.390
22.509 1312.390
22.509 1312.390
22.509 1312.390
22.509 1312.390
22.509 1312.390
22.509 1312.390
22.509 1312.390
22.509 1312.390
22.509 1312.390
22.509 1312.390
22.509 1312.390
22.509 1312.390
22.509 1312.390
22.509 1312.390
22.509 1312.390
22.509 1312.390
22.509 1312.390
22.509 7869.446
22.509 1312.390
22.509 1312.390
22.509 1312.390
22.509 1312.390
22.509 1312.390
22.509 1312.390
22.509 1312.390
22.509 1312.390
22.509 1312.390
22.509 1312.390
22.509 1312.390
22.509 1312.390
22.509 1312.390
22.509 1312.390
22.509 1312.390
22.509 1312.390
22.509 1312.390
22.509 1312.390
22.509 1312.390
22.509 1312.390
22.509 1312.390
22.509 1312.390
22.509 1312.390
22.509 1312.390
22.509 1312.390
22.509 1312.390
22.509 6167.547
22.509 1312.390
22.509 1312.390
22.509 1312.390
22.509 1312.390
22.509 1312.390
22.509 1312.390
22.509 1312.390
22.509 1312.390
22.509 1312.390
22.509 1312.390
22.509 1312.390
22.509 1312.390
22.509 1312.390
22.509 1312.390
22.509 1312.390
22.509 1312.390
22.509 1312.390
22.509 1312.390
22.509 1312.390
22.509 1312.390
22.509 1312.390
22.509 1312.390
22.509 1312.390
22.509 1312.390
22.509 1312.390
22.509 6155.803
22.509 1312.390
22.509 1312.390
22.509 1312.390
22.509 1312.390
22.509 1312.390
22.509 1312.390
22.509 1312.390
22.509 1312.390
22.509 1312.390
22.509 1312.390
22.509 1312.390
22.509 1312.390
22.509 1312.390
22.509 1312.390
22.509 1312.390
22.509 1312.390
22.509 1312.390
22.509 1312.390
22.509 1312.390
22.509 1312.390
22.509 1312.390
22.509 1312.390
22.509 1312.390
22.509 1312.390
22.509 1312.390
22.509 1312.390
22.509 6167.547
22.509 1312.390
22.509 1312.390
22.509 1312.390
22.509 1312.390
22.509 1312.390
22.509 1312.390
22.509 1312.390
22.509 1312.390
22.509 1312.390
22.509 1312.390
22.509 1312.390
22.509 1312.390
22.509 1312.390
22.509 1312.390
22.509 1312.390
22.509 1312.390
22.509 1312.390
22.509 1312.390
22.509 1312.390
22.509 1312.390
22.509 1312.390
22.509 1312.390
22.509 1312.390
22.509 1312.390
22.509 1312.390
22.509 6155.803
22.509 1312.390
22.509 1312.390
22.509 1312.390
22.509 1312.390
22.509 1312.390
22.509 1312.390
22.509 1312.390
22.509 1312.390
22.509 1312.390
22.509 1312.390
22.509 1312.390
22.509 1312.390
22.509 1312.390
22.509 1312.390
22.509 1312.390
22.509 1312.390
22.509 1312.390
22.509 1312.390
22.509 1312.390
22.509 1312.390
22.509 1312.390
22.509 1312.390
22.509 1312.390
22.509 1312.390
22.509 1312.390
22.509 1312.390
22.509 6167.547
22.509 1312.390
22.509 1312.390
22.509 1312.390
22.509 1312.390
22.509 1312.390
22.509 1312.390
22.509 1312.390
22.509 1312.390
22.509 1312.390
22.509 1312.390
22.509 1312.390
22.509 1312.390
22.509 1312.390
22.509 1312.390
22.509 1312.390
22.509 1312.390
22.509 1312.390
22.509 1312.390
22.509 1312.390
22.509 1312.390
22.509 1312.390
22.509 1312.390
22.509 1312.390
22.509 1312.390
22.509 1312.390
22.509 7776.473
22.509 1312.390
22.509 1312.390
22.509 1312.390
22.509 1312.390
22.509 1312.390
22.509 1312.390
22.509 1312.390
22.509 1312.390
22.509 1312.390
22.509 1312.390
22.509 1312.390
22.509 1312.390
22.509 1312.390
22.509 1312.390
22.509 1312.390
22.509 1312.390
22.509 1312.390
22.509 1312.390
22.509 1312.390
22.509 1312.390
22.509 1312.390
22.509 1312.390
22.509 1312.390
22.509 1312.390
22.509 1312.390
22.509 1312.390
22.509 6158.739
22.509 1312.390
22.509 1312.390
22.509 1312.390
22.509 1312.390
22.509 1312.390
22.509 1312.390
22.509 1312.390
22.509 1312.390
22.509 1312.390
22.509 1312.390
22.509 1312.390
22.509 1312.390
22.509 1312.390
22.509 1312.390
22.509 1312.390
22.509 1312.390
22.509 1312.390
22.509 1312.390
22.509 1312.390
22.509 1312.390
22.509 1312.390
22.509 1312.390
22.509 1312.390
22.509 1312.390
22.509 1312.390
22.509 6157.761
22.509 1312.390
22.509 1312.390
22.509 1312.390
22.509 1312.390
22.509 1312.390
22.509 1312.390
22.509 1312.390
22.509 1312.390
22.509 1312.390
22.509 1312.390
22.509 1312.390
22.509 1312.390
22.509 1312.390
22.509 1312.390
22.509 1312.390
22.509 1312.390
22.509 1312.390
22.509 1312.390
22.509 1312.390
22.509 1312.390
22.509 1312.390
22.509 1312.390
22.509 1312.390
22.509 1312.390
22.509 1312.390
22.509 1312.390
22.509 6158.739
22.509 1312.390
22.509 1312.390
22.509 1312.390
22.509 1312.390
22.509 1312.390
22.509 1312.390
22.509 1312.390
22.509 1312.390
22.509 1312.390
22.509 1312.390
22.509 1312.390
22.509 1312.390
22.509 1312.390
22.509 1312.390
22.509 1312.390
22.509 1312.390
22.509 1312.390
22.509 1312.390
22.509 1312.390
22.509 1312.390
22.509 1312.390
22.509 1312.390
22.509 1312.390
22.509 1312.390
22.509 1312.390
22.509 6157.761
22.509 1312.390
22.509 1312.390
22.509 1312.390
22.509 1312.390
22.509 1312.390
22.509 1312.390
22.509 1312.390
22.509 1312.390
22.509 1312.390
22.509 1312.390
22.509 1312.390
22.509 1312.390
22.509 1312.390
22.509 1312.390
22.509 1312.390
22.509 1312.390
22.509 1312.390
22.509 1312.390
22.509 1312.390
22.509 1312.390
22.509 1312.390
22.509 1312.390
22.509 1312.390
22.509 1312.390
22.509 1312.390
22.509 1312.390
22.509 6158.739
22.509 1312.390
22.509 1312.390
22.509 1312.390
22.509 1312.390
22.509 1312.390
22.509 1312.390
22.509 1312.390
22.509 1312.390
22.509 1312.390
22.509 1312.390
22.509 1312.390
22.509 1312.390
22.509 1312.390
22.509 1312.390
22.509 1312.390
22.509 1312.390
22.509 1312.390
22.509 1312.390
22.509 1312.390
22.509 1312.390
22.509 1312.390
22.509 1312.390
22.509 1312.390
22.509 1312.390
22.509 1312.390
22.509 6157.761
22.509 1312.390
22.509 1312.390
22.509 1312.390
22.509 1312.390
22.509 1312.390
22.509 1312.390
22.509 1312.390
22.509 1312.390
22.509 1312.390
22.509 1312.390
22.509 1312.390
22.509 1312.390
22.509 1312.390
22.509 1312.390
22.509 1312.390
22.509 1312.390
22.509 1312.390
22.509 1312.390
22.509 1312.390
22.509 1312.390
22.509 1312.390
22.509 1312.390
22.509 1312.390
22.509 1312.390
22.509 1312.390
22.509 1312.390
22.509 6158.739
22.509 1312.390
22.509 1312.390
22.509 1312.390
22.509 1312.390
22.509 1312.390
22.509 1312.390
22.509 1312.390
22.509 1312.390
22.509 1312.390
22.509 1312.390
22.509 1312.390
22.509 1312.390
22.509 1312.390
22.509 1312.390
22.509 1312.390
22.509 1312.390
22.509 1312.390
22.509 1312.390
22.509 1312.390
22.509 1312.390
22.509 1312.390
22.509 1312.390
22.509 1312.390
22.509 1312.390
22.509 1312.390
22.509 6157.761
22.509 1312.390
22.509 1312.390
22.509 1312.390
22.509 1312.390
22.509 1312.390
22.509 1312.390
22.509 1312.390
22.509 1312.390
22.509 1312.390
22.509 1312.390
22.509 1312.390
22.509 1312.390
22.509 1312.390
22.509 1312.390
22.509 1312.390
22.509 1312.390
22.509 1312.390
22.509 1312.390
22.509 1312.390
22.509 1312.390
22.509 1312.390
22.509 1312.390
22.509 1312.390
22.509 1312.390
22.509 1312.390
22.509 1312.390
22.509 6162.654
22.509 1312.390
22.509 1312.390
22.509 1312.390
22.509 1312.390
22.509 1312.390
22.509 1312.390
22.509 1312.390
22.509 1312.390
22.509 1312.390
22.509 1312.390
22.509 1312.390
22.509 1312.390
22.509 1312.390
22.509 1312.390
22.509 1312.390
22.509 1312.390
22.509 1312.390
22.509 1312.390
22.509 1312.390
22.509 1312.390
22.509 1312.390
22.509 1312.390
22.509 1312.390
22.509 1312.390
22.509 1312.390
22.509 6157.761
22.509 1312.390
22.509 1312.390
22.509 1312.390
22.509 1312.390
22.509 1312.390
22.509 1312.390
22.509 1312.390
22.509 1312.390
22.509 1312.390
22.509 1312.390
22.509 1312.390
22.509 1312.390
22.509 1312.390
22.509 1312.390
22.509 1312.390
22.509 1312.390
22.509 1312.390
22.509 1312.390
22.509 1312.390
22.509 1312.390
22.509 1312.390
22.509 1312.390
22.509 1312.390
22.509 1312.390
22.509 1312.390
22.509 1312.390
22.509 6147.974
22.509 1312.390
22.509 1312.390
22.509 1312.390
22.509 1312.390
22.509 1312.390
22.509 1312.390
22.509 1312.390
22.509 1312.390
22.509 1312.390
22.509 1312.390
22.509 1312.390
22.509 1312.390
22.509 1312.390
22.509 1312.390
22.509 1312.390
22.509 1312.390
22.509 1312.390
22.509 1312.390
22.509 1312.390
22.509 1312.390
22.509 1312.390
22.509 1312.390
22.509 1312.390
22.509 1312.390
22.509 1312.390
22.509 6157.761
22.509 1312.390
22.509 1312.390
22.509 1312.390
22.509 1312.390
22.509 1312.390
22.509 1312.390
22.509 1312.390
22.509 1312.390
22.509 1312.390
22.509 1312.390
22.509 1312.390
22.509 1312.390
22.509 1312.390
22.509 1312.390
22.509 1312.390
22.509 1312.390
22.509 1312.390
22.509 1312.390
22.509 1312.390
22.509 1312.390
22.509 1312.390
22.509 1312.390
22.509 1312.390
22.509 1312.390
22.509 1312.390
22.509 1312.390
22.509 6158.739
22.509 1312.390
22.509 1312.390
22.509 1312.390
22.509 1312.390
22.509 1312.390
22.509 1312.390
22.509 1312.390
22.509 1312.390
22.509 1312.390
22.509 1312.390
22.509 1312.390
22.509 1312.390
22.509 1312.390
22.509 1312.390
22.509 1312.390
22.509 1312.390
22.509 1312.390
22.509 1312.390
22.509 1312.390
22.509 1312.390
22.509 1312.390
22.509 1312.390
22.509 1312.390
22.509 1312.390
22.509 1312.390
22.509 6157.761
22.509 1312.390
22.509 1312.390
22.509 1312.390
22.509 1312.390
22.509 1312.390
22.509 1312.390
22.509 1312.390
22.509 1312.390
22.509 1312.390
22.509 1312.390
22.509 1312.390
22.509 1312.390
22.509 1312.390
22.509 1312.390
22.509 1312.390
22.509 1312.390
22.509 1312.390
22.509 1312.390
22.509 1312.390
22.509 1312.390
22.509 1312.390
22.509 1312.390
22.509 1312.390
22.509 1312.390
22.509 1312.390
22.509 1312.390
22.509 6147.974
22.509 1312.390
22.509 1312.390
22.509 1312.390
22.509 1312.390
22.509 1312.390
22.509 1312.390
22.509 1312.390
22.509 1312.390
22.509 1312.390
22.509 1312.390
22.509 1312.390
22.509 1312.390
22.509 1312.390
22.509 1312.390
22.509 1312.390
22.509 1312.390
22.509 1312.390
22.509 1312.390
22.509 1312.390
22.509 1312.390
22.509 1312.390
22.509 1312.390
22.509 1312.390
22.509 1312.390
22.509 1312.390
22.509 6161.675
22.509 1312.390
22.509 1312.390
22.509 1312.390
22.509 1312.390
22.509 1312.390
22.509 1312.390
22.509 1312.390
22.509 1312.390
22.509 1312.390
22.509 1312.390
22.509 1312.390
22.509 1312.390
22.509 1312.390
22.509 1312.390
22.509 1312.390
22.509 1312.390
22.509 1312.390
22.509 1312.390
22.509 1312.390
22.509 1312.390
22.509 1312.390
22.509 1312.390
22.509 1312.390
22.509 1312.390
22.509 1312.390
22.509 1312.390
22.509 6158.739
22.509 1312.390
22.509 1312.390
22.509 1312.390
22.509 1312.390
22.509 1312.390
22.509 1312.390
22.509 1312.390
22.509 1312.390
22.509 1312.390
22.509 1312.390
22.509 1312.390
22.509 1312.390
22.509 1312.390
22.509 1312.390
22.509 1312.390
22.509 1312.390
22.509 1312.390
22.509 1312.390
22.509 1312.390
22.509 1312.390
22.509 1312.390
22.509 1312.390
22.509 1312.390
22.509 1312.390
22.509 1312.390
22.509 6157.761
22.509 1312.390
22.509 1312.390
22.509 1312.390
22.509 1312.390
22.509 1312.390
22.509 1312.390
22.509 1312.390
22.509 1312.390
22.509 1312.390
22.509 1312.390
22.509 1312.390
22.509 1312.390
22.509 1312.390
22.509 1312.390
22.509 1312.390
22.509 1312.390
22.509 1312.390
22.509 1312.390
22.509 1312.390
22.509 1312.390
22.509 1312.390
22.509 1312.390
22.509 1312.390
22.509 1312.390
22.509 1312.390
22.509 1312.390
22.509 7064.983
22.509 1977.882
22.509 1977.882
22.509 1977.882
22.509 1977.882
22.509 1977.882
22.509 1977.882
22.509 1977.882
22.509 1977.882
22.509 1977.882
22.509 1977.882
22.509 1977.882
22.509 1977.882
22.509 1977.882
22.509 1977.882
22.509 1977.882
22.509 1977.882
22.509 1977.882
22.509 6842.826
17.616 1982.775
17.616 1982.775
17.616 1982.775
17.616 1982.775
17.616 1982.775
17.616 1982.775
17.616 1982.775
17.616 1982.775
17.616 1982.775
17.616 1982.775
17.616 1982.775
17.616 1982.775
17.616 1982.775
17.616 1982.775
17.616 1982.775
17.616 1982.775
17.616 1982.775
17.616 6843.805
17.616 1982.775
17.616 1982.775
17.616 1982.775
17.616 1982.775
17.616 1982.775
17.616 1982.775
17.616 1982.775
17.616 1982.775
17.616 1982.775
17.616 1982.775
17.616 1982.775
17.616 1982.775
17.616 1982.775
17.616 1982.775
17.616 1982.775
17.616 1982.775
17.616 1982.775
17.616 6847.720
12.723 1987.669
12.723 1987.669
12.723 1987.669
12.723 1987.669
12.723 1987.669
12.723 1987.669
12.723 1987.669
12.723 1987.669
12.723 1987.669
12.723 1987.669
12.723 1987.669
12.723 1987.669
12.723 1987.669
12.723 1987.669
12.723 1987.669
12.723 1987.669
12.723 1987.669
12.723 6849.677
12.723 1987.669
12.723 1987.669
12.723 1987.669
12.723 1987.669
12.723 1987.669
12.723 1987.669
12.723 1987.669
12.723 1987.669
12.723 1987.669
12.723 1987.669
12.723 1987.669
12.723 1987.669
12.723 1987.669
12.723 1987.669
12.723 1987.669
12.723 1987.669
12.723 1987.669
12.723 6847.720
12.723 1987.669
12.723 1987.669
12.723 1987.669
12.723 1987.669
12.723 1987.669
12.723 1987.669
12.723 1987.669
12.723 1987.669
12.723 1987.669
12.723 1987.669
12.723 1987.669
12.723 1987.669
12.723 1987.669
12.723 1987.669
12.723 1987.669
12.723 1987.669
12.723 1987.669
12.723 6853.592
7.829 1992.562
7.829 1992.562
7.829 1992.562
7.829 1992.562
7.829 1992.562
7.829 1992.562
7.829 1992.562
7.829 1992.562
7.829 1992.562
7.829 1992.562
7.829 1992.562
7.829 1992.562
7.829 1992.562
7.829 1992.562
7.829 1992.562
7.829 1992.562
7.829 1992.562
7.829 8565.277
7.829 1992.562
7.829 1992.562
7.829 1992.562
7.829 1992.562
7.829 1992.562
7.829 1992.562
7.829 1992.562
7.829 1992.562
7.829 1992.562
7.829 1992.562
7.829 1992.562
7.829 1992.562
7.829 1992.562
7.829 1992.562
7.829 1992.562
7.829 1992.562
7.829 1992.562
7.829 6862.400
7.829 1992.562
7.829 1992.562
7.829 1992.562
7.829 1992.562
7.829 1992.562
7.829 1992.562
7.829 1992.562
7.829 1992.562
7.829 1992.562
7.829 1992.562
7.829 1992.562
7.829 1992.562
7.829 1992.562
7.829 1992.562
7.829 1992.562
7.829 1992.562
7.829 1992.562
7.829 6850.656
7.829 1992.562
7.829 1992.562
7.829 1992.562
7.829 1992.562
7.829 1992.562
7.829 1992.562
7.829 1992.562
7.829 1992.562
7.829 1992.562
7.829 1992.562
7.829 1992.562
7.829 1992.562
7.829 1992.562
7.829 1992.562
7.829 1992.562
7.829 1992.562
7.829 1992.562
7.829 6866.314
7.829 1992.562
7.829 1992.562
7.829 1992.562
7.829 1992.562
7.829 1992.562
7.829 1992.562
7.829 1992.562
7.829 1992.562
7.829 1992.562
7.829 1992.562
7.829 1992.562
7.829 1992.562
7.829 1992.562
7.829 1992.562
7.829 1992.562
7.829 1992.562
7.829 1992.562
7.829 8558.426
7.829 1992.562
7.829 1992.562
7.829 1992.562
7.829 1992.562
7.829 1992.562
7.829 1992.562
7.829 1992.562
7.829 1992.562
7.829 1992.562
7.829 1992.562
7.829 1992.562
7.829 1992.562
7.829 1992.562
7.829 1992.562
7.829 1992.562
7.829 1992.562
7.829 1992.562
7.829 6856.528
7.829 1992.562
7.829 1992.562
7.829 1992.562
7.829 1992.562
7.829 1992.562
7.829 1992.562
7.829 1992.562
7.829 1992.562
7.829 1992.562
7.829 1992.562
7.829 1992.562
7.829 1992.562
7.829 1992.562
7.829 1992.562
7.829 1992.562
7.829 1992.562
7.829 1992.562
7.829 6855.549
7.829 1992.562
7.829 1992.562
7.829 1992.562
7.829 1992.562
7.829 1992.562
7.829 1992.562
7.829 1992.562
7.829 1992.562
7.829 1992.562
7.829 1992.562
7.829 1992.562
7.829 1992.562
7.829 1992.562
7.829 1992.562
7.829 1992.562
7.829 1992.562
7.829 1992.562
7.829 8466.432
7.829 1992.562
7.829 1992.562
7.829 1992.562
7.829 1992.562
7.829 1992.562
7.829 1992.562
7.829 1992.562
7.829 1992.562
7.829 1992.562
7.829 1992.562
7.829 1992.562
7.829 1992.562
7.829 1992.562
7.829 1992.562
7.829 1992.562
7.829 1992.562
7.829 1992.562
7.829 6846.741
7.829 1992.562
7.829 1992.562
7.829 1992.562
7.829 1992.562
7.829 1992.562
7.829 1992.562
7.829 1992.562
7.829 1992.562
7.829 1992.562
7.829 1992.562
7.829 1992.562
7.829 1992.562
7.829 1992.562
7.829 1992.562
7.829 1992.562
7.829 1992.562
7.829 1992.562
7.829 6847.720
7.829 1992.562
7.829 1992.562
7.829 1992.562
7.829 1992.562
7.829 1992.562
7.829 1992.562
7.829 1992.562
7.829 1992.562
7.829 1992.562
7.829 1992.562
7.829 1992.562
7.829 1992.562
7.829 1992.562
7.829 1992.562
7.829 1992.562
7.829 1992.562
7.829 1992.562
7.829 6850.656
7.829 1992.562
7.829 1992.562
7.829 1992.562
7.829 1992.562
7.829 1992.562
7.829 1992.562
7.829 1992.562
7.829 1992.562
7.829 1992.562
7.829 1992.562
7.829 1992.562
7.829 1992.562
7.829 1992.562
7.829 1992.562
7.829 1992.562
7.829 1992.562
7.829 1992.562
7.829 6672.539
22.509 1664.709
22.509 1664.709
22.509 1664.709
22.509 1664.709
22.509 1664.709
22.509 1664.709
22.509 1664.709
22.509 1664.709
22.509 1664.709
22.509 1664.709
22.509 1664.709
22.509 1664.709
22.509 1664.709
22.509 1664.709
22.509 1664.709
22.509 1664.709
22.509 1664.709
22.509 1664.709
22.509 1664.709
22.509 1664.709
22.509 9860.051
17.616 1669.603
17.616 1669.603
17.616 1669.603
17.616 1669.603
17.616 1669.603
17.616 1669.603
17.616 1669.603
17.616 1669.603
17.616 1669.603
17.616 1669.603
17.616 1669.603
17.616 1669.603
17.616 1669.603
17.616 1669.603
17.616 1669.603
17.616 1669.603
17.616 1669.603
17.616 1669.603
17.616 1669.603
17.616 1669.603
17.616 6539.440
17.616 1669.603
17.616 1669.603
17.616 1669.603
17.616 1669.603
17.616 1669.603
17.616 1669.603
17.616 1669.603
17.616 1669.603
17.616 1669.603
17.616 1669.603
17.616 1669.603
17.616 1669.603
17.616 1669.603
17.616 1669.603
17.616 1669.603
17.616 1669.603
17.616 1669.603
17.616 1669.603
17.616 1669.603
17.616 1669.603
17.616 6543.355
12.723 1674.496
12.723 1674.496
12.723 1674.496
12.723 1674.496
12.723 1674.496
12.723 1674.496
12.723 1674.496
12.723 1674.496
12.723 1674.496
12.723 1674.496
12.723 1674.496
12.723 1674.496
12.723 1674.496
12.723 1674.496
12.723 1674.496
12.723 1674.496
12.723 1674.496
12.723 1674.496
12.723 1674.496
12.723 1674.496
12.723 6544.334
12.723 1674.496
12.723 1674.496
12.723 1674.496
12.723 1674.496
12.723 1674.496
12.723 1674.496
12.723 1674.496
12.723 1674.496
12.723 1674.496
12.723 1674.496
12.723 1674.496
12.723 1674.496
12.723 1674.496
12.723 1674.496
12.723 1674.496
12.723 1674.496
12.723 1674.496
12.723 1674.496
12.723 1674.496
12.723 1674.496
12.723 6532.590
12.723 1674.496
12.723 1674.496
12.723 1674.496
12.723 1674.496
12.723 1674.496
12.723 1674.496
12.723 1674.496
12.723 1674.496
12.723 1674.496
12.723 1674.496
12.723 1674.496
12.723 1674.496
12.723 1674.496
12.723 1674.496
12.723 1674.496
12.723 1674.496
12.723 1674.496
12.723 1674.496
12.723 1674.496
12.723 1674.496
12.723 8159.131
7.829 1679.389
7.829 1679.389
7.829 1679.389
7.829 1679.389
7.829 1679.389
7.829 1679.389
7.829 1679.389
7.829 1679.389
7.829 1679.389
7.829 1679.389
7.829 1679.389
7.829 1679.389
7.829 1679.389
7.829 1679.389
7.829 1679.389
7.829 1679.389
7.829 1679.389
7.829 1679.389
7.829 1679.389
7.829 1679.389
7.829 6539.440
7.829 1679.389
7.829 1679.389
7.829 1679.389
7.829 1679.389
7.829 1679.389
7.829 1679.389
7.829 1679.389
7.829 1679.389
7.829 1679.389
7.829 1679.389
7.829 1679.389
7.829 1679.389
7.829 1679.389
7.829 1679.389
7.829 1679.389
7.829 1679.389
7.829 1679.389
7.829 1679.389
7.829 1679.389
7.829 1679.389
7.829 6540.419
7.829 1679.389
7.829 1679.389
7.829 1679.389
7.829 1679.389
7.829 1679.389
7.829 1679.389
7.829 1679.389
7.829 1679.389
7.829 1679.389
7.829 1679.389
7.829 1679.389
7.829 1679.389
7.829 1679.389
7.829 1679.389
7.829 1679.389
7.829 1679.389
7.829 1679.389
7.829 1679.389
7.829 1679.389
7.829 1679.389
7.829 6543.355
7.829 1679.389
7.829 1679.389
7.829 1679.389
7.829 1679.389
7.829 1679.389
7.829 1679.389
7.829 1679.389
7.829 1679.389
7.829 1679.389
7.829 1679.389
7.829 1679.389
7.829 1679.389
7.829 1679.389
7.829 1679.389
7.829 1679.389
7.829 1679.389
7.829 1679.389
7.829 1679.389
7.829 1679.389
7.829 1679.389
7.829 6540.419
7.829 1679.389
7.829 1679.389
7.829 1679.389
7.829 1679.389
7.829 1679.389
7.829 1679.389
7.829 1679.389
7.829 1679.389
7.829 1679.389
7.829 1679.389
7.829 1679.389
7.829 1679.389
7.829 1679.389
7.829 1679.389
7.829 1679.389
7.829 1679.389
7.829 1679.389
7.829 1679.389
7.829 1679.389
7.829 1679.389
7.829 6524.760
7.829 1679.389
7.829 1679.389
7.829 1679.389
7.829 1679.389
7.829 1679.389
7.829 1679.389
7.829 1679.389
7.829 1679.389
7.829 1679.389
7.829 1679.389
7.829 1679.389
7.829 1679.389
7.829 1679.389
7.829 1679.389
7.829 1679.389
7.829 1679.389
7.829 1679.389
7.829 1679.389
7.829 1679.389
7.829 1679.389
7.829 6529.654
7.829 1679.389
7.829 1679.389
7.829 1679.389
7.829 1679.389
7.829 1679.389
7.829 1679.389
7.829 1679.389
7.829 1679.389
7.829 1679.389
7.829 1679.389
7.829 1679.389
7.829 1679.389
7.829 1679.389
7.829 1679.389
7.829 1679.389
7.829 1679.389
7.829 1679.389
7.829 1679.389
7.829 1679.389
7.829 1679.389
7.829 6524.760
7.829 1679.389
7.829 1679.389
7.829 1679.389
7.829 1679.389
7.829 1679.389
7.829 1679.389
7.829 1679.389
7.829 1679.389
7.829 1679.389
7.829 1679.389
7.829 1679.389
7.829 1679.389
7.829 1679.389
7.829 1679.389
7.829 1679.389
7.829 1679.389
7.829 1679.389
7.829 1679.389
7.829 1679.389
7.829 1679.389
7.829 6525.739
7.829 1679.389
7.829 1679.389
7.829 1679.389
7.829 1679.389
7.829 1679.389
7.829 1679.389
7.829 1679.389
7.829 1679.389
7.829 1679.389
7.829 1679.389
7.829 1679.389
7.829 1679.389
7.829 1679.389
7.829 1679.389
7.829 1679.389
7.829 1679.389
7.829 1679.389
7.829 1679.389
7.829 1679.389
7.829 1679.389
7.829 6524.760
7.829 1679.389
7.829 1679.389
7.829 1679.389
7.829 1679.389
7.829 1679.389
7.829 1679.389
7.829 1679.389
7.829 1679.389
7.829 1679.389
7.829 1679.389
7.829 1679.389
7.829 1679.389
7.829 1679.389
7.829 1679.389
7.829 1679.389
7.829 1679.389
7.829 1679.389
7.829 1679.389
7.829 1679.389
7.829 1679.389
7.829 6525.739
7.829 1679.389
7.829 1679.389
7.829 1679.389
7.829 1679.389
7.829 1679.389
7.829 1679.389
7.829 1679.389
7.829 1679.389
7.829 1679.389
7.829 1679.389
7.829 1679.389
7.829 1679.389
7.829 1679.389
7.829 1679.389
7.829 1679.389
7.829 1679.389
7.829 1679.389
7.829 1679.389
7.829 1679.389
7.829 1679.389
7.829 6524.760
7.829 1679.389
7.829 1679.389
7.829 1679.389
7.829 1679.389
7.829 1679.389
7.829 1679.389
7.829 1679.389
7.829 1679.389
7.829 1679.389
7.829 1679.389
7.829 1679.389
7.829 1679.389
7.829 1679.389
7.829 1679.389
7.829 1679.389
7.829 1679.389
7.829 1679.389
7.829 1679.389
7.829 1679.389
7.829 1679.389
7.829 6525.739
7.829 1679.389
7.829 1679.389
7.829 1679.389
7.829 1679.389
7.829 1679.389
7.829 1679.389
7.829 1679.389
7.829 1679.389
7.829 1679.389
7.829 1679.389
7.829 1679.389
7.829 1679.389
7.829 1679.389
7.829 1679.389
7.829 1679.389
7.829 1679.389
7.829 1679.389
7.829 1679.389
7.829 1679.389
7.829 1679.389
7.829 6525.739
7.829 1679.389
7.829 1679.389
7.829 1679.389
7.829 1679.389
7.829 1679.389
7.829 1679.389
7.829 1679.389
7.829 1679.389
7.829 1679.389
7.829 1679.389
7.829 1679.389
7.829 1679.389
7.829 1679.389
7.829 1679.389
7.829 1679.389
7.829 1679.389
7.829 1679.389
7.829 1679.389
7.829 1679.389
7.829 1679.389
7.829 6525.739
7.829 1679.389
7.829 1679.389
7.829 1679.389
7.829 1679.389
7.829 1679.389
7.829 1679.389
7.829 1679.389
7.829 1679.389
7.829 1679.389
7.829 1679.389
7.829 1679.389
7.829 1679.389
7.829 1679.389
7.829 1679.389
7.829 1679.389
7.829 1679.389
7.829 1679.389
7.829 1679.389
7.829 1679.389
7.829 1679.389
7.829 6524.760
7.829 1679.389
7.829 1679.389
7.829 1679.389
7.829 1679.389
7.829 1679.389
7.829 1679.389
7.829 1679.389
7.829 1679.389
7.829 1679.389
7.829 1679.389
7.829 1679.389
7.829 1679.389
7.829 1679.389
7.829 1679.389
7.829 1679.389
7.829 1679.389
7.829 1679.389
7.829 1679.389
7.829 1679.389
7.829 1679.389
7.829 6526.718
7.829 1679.389
7.829 1679.389
7.829 1679.389
7.829 1679.389
7.829 1679.389
7.829 1679.389
7.829 1679.389
7.829 1679.389
7.829 1679.389
7.829 1679.389
7.829 1679.389
7.829 1679.389
7.829 1679.389
7.829 1679.389
7.829 1679.389
7.829 1679.389
7.829 1679.389
7.829 1679.389
7.829 1679.389
7.829 1679.389
7.829 6524.760
7.829 1679.389
7.829 1679.389
7.829 1679.389
7.829 1679.389
7.829 1679.389
7.829 1679.389
7.829 1679.389
7.829 1679.389
7.829 1679.389
7.829 1679.389
7.829 1679.389
7.829 1679.389
7.829 1679.389
7.829 1679.389
7.829 1679.389
7.829 1679.389
7.829 1679.389
7.829 1679.389
7.829 1679.389
7.829 1679.389
7.829 6525.739
7.829 1679.389
7.829 1679.389
7.829 1679.389
7.829 1679.389
7.829 1679.389
7.829 1679.389
7.829 1679.389
7.829 1679.389
7.829 1679.389
7.829 1679.389
7.829 1679.389
7.829 1679.389
7.829 1679.389
7.829 1679.389
7.829 1679.389
7.829 1679.389
7.829 1679.389
7.829 1679.389
7.829 1679.389
7.829 1679.389
7.829 6528.675
7.829 1679.389
7.829 1679.389
7.829 1679.389
7.829 1679.389
7.829 1679.389
7.829 1679.389
7.829 1679.389
7.829 1679.389
7.829 1679.389
7.829 1679.389
7.829 1679.389
7.829 1679.389
7.829 1679.389
7.829 1679.389
7.829 1679.389
7.829 1679.389
7.829 1679.389
7.829 1679.389
7.829 1679.389
7.829 1679.389
7.829 6525.739
7.829 1679.389
7.829 1679.389
7.829 1679.389
7.829 1679.389
7.829 1679.389
7.829 1679.389
7.829 1679.389
7.829 1679.389
7.829 1679.389
7.829 1679.389
7.829 1679.389
7.829 1679.389
7.829 1679.389
7.829 1679.389
7.829 1679.389
7.829 1679.389
7.829 1679.389
7.829 1679.389
7.829 1679.389
7.829 1679.389
7.829 6524.760
7.829 1679.389
7.829 1679.389
7.829 1679.389
7.829 1679.389
7.829 1679.389
7.829 1679.389
7.829 1679.389
7.829 1679.389
7.829 1679.389
7.829 1679.389
7.829 1679.389
7.829 1679.389
7.829 1679.389
7.829 1679.389
7.829 1679.389
7.829 1679.389
7.829 1679.389
7.829 1679.389
7.829 1679.389
7.829 1679.389
7.829 6529.654
7.829 1679.389
7.829 1679.389
7.829 1679.389
7.829 1679.389
7.829 1679.389
7.829 1679.389
7.829 1679.389
7.829 1679.389
7.829 1679.389
7.829 1679.389
7.829 1679.389
7.829 1679.389
7.829 1679.389
7.829 1679.389
7.829 1679.389
7.829 1679.389
7.829 1679.389
7.829 1679.389
7.829 1679.389
7.829 1679.389
7.829 6524.760
7.829 1679.389
7.829 1679.389
7.829 1679.389
7.829 1679.389
7.829 1679.389
7.829 1679.389
7.829 1679.389
7.829 1679.389
7.829 1679.389
7.829 1679.389
7.829 1679.389
7.829 1679.389
7.829 1679.389
7.829 1679.389
7.829 1679.389
7.829 1679.389
7.829 1679.389
7.829 1679.389
7.829 1679.389
7.829 1679.389
7.829 6525.739
7.829 1679.389
7.829 1679.389
7.829 1679.389
7.829 1679.389
7.829 1679.389
7.829 1679.389
7.829 1679.389
7.829 1679.389
7.829 1679.389
7.829 1679.389
7.829 1679.389
7.829 1679.389
7.829 1679.389
7.829 1679.389
7.829 1679.389
7.829 1679.389
7.829 1679.389
7.829 1679.389
7.829 1679.389
7.829 1679.389
7.829 6524.760
7.829 1679.389
7.829 1679.389
7.829 1679.389
7.829 1679.389
7.829 1679.389
7.829 1679.389
7.829 1679.389
7.829 1679.389
7.829 1679.389
7.829 1679.389
7.829 1679.389
7.829 1679.389
7.829 1679.389
7.829 1679.389
7.829 1679.389
7.829 1679.389
7.829 1679.389
7.829 1679.389
7.829 1679.389
7.829 1679.389
7.829 6525.739
7.829 1679.389
7.829 1679.389
7.829 1679.389
7.829 1679.389
7.829 1679.389
7.829 1679.389
7.829 1679.389
7.829 1679.389
7.829 1679.389
7.829 1679.389
7.829 1679.389
7.829 1679.389
7.829 1679.389
7.829 1679.389
7.829 1679.389
7.829 1679.389
7.829 1679.389
7.829 1679.389
7.829 1679.389
7.829 1679.389
7.829 6524.760
7.829 1679.389
7.829 1679.389
7.829 1679.389
7.829 1679.389
7.829 1679.389
7.829 1679.389
7.829 1679.389
7.829 1679.389
7.829 1679.389
7.829 1679.389
7.829 1679.389
7.829 1679.389
7.829 1679.389
7.829 1679.389
7.829 1679.389
7.829 1679.389
7.829 1679.389
7.829 1679.389
7.829 1679.389
7.829 1679.389
7.829 6525.739
7.829 1679.389
7.829 1679.389
7.829 1679.389
7.829 1679.389
7.829 1679.389
7.829 1679.389
7.829 1679.389
7.829 1679.389
7.829 1679.389
7.829 1679.389
7.829 1679.389
7.829 1679.389
7.829 1679.389
7.829 1679.389
7.829 1679.389
7.829 1679.389
7.829 1679.389
7.829 1679.389
7.829 1679.389
7.829 1679.389
7.829 6524.760
7.829 1679.389
7.829 1679.389
7.829 1679.389
7.829 1679.389
7.829 1679.389
7.829 1679.389
7.829 1679.389
7.829 1679.389
7.829 1679.389
7.829 1679.389
7.829 1679.389
7.829 1679.389
7.829 1679.389
7.829 1679.389
7.829 1679.389
7.829 1679.389
7.829 1679.389
7.829 1679.389
7.829 1679.389
7.829 1679.389
7.829 6525.739
7.829 1679.389
7.829 1679.389
7.829 1679.389
7.829 1679.389
7.829 1679.389
7.829 1679.389
7.829 1679.389
7.829 1679.389
7.829 1679.389
7.829 1679.389
7.829 1679.389
7.829 1679.389
7.829 1679.389
7.829 1679.389
7.829 1679.389
7.829 1679.389
7.829 1679.389
7.829 1679.389
7.829 1679.389
7.829 1679.389
7.829 6524.760
7.829 1679.389
7.829 1679.389
7.829 1679.389
7.829 1679.389
7.829 1679.389
7.829 1679.389
7.829 1679.389
7.829 1679.389
7.829 1679.389
7.829 1679.389
7.829 1679.389
7.829 1679.389
7.829 1679.389
7.829 1679.389
7.829 1679.389
7.829 1679.389
7.829 1679.389
7.829 1679.389
7.829 1679.389
7.829 1679.389
7.829 6525.739
7.829 1679.389
7.829 1679.389
7.829 1679.389
7.829 1679.389
7.829 1679.389
7.829 1679.389
7.829 1679.389
7.829 1679.389
7.829 1679.389
7.829 1679.389
7.829 1679.389
7.829 1679.389
7.829 1679.389
7.829 1679.389
7.829 1679.389
7.829 1679.389
7.829 1679.389
7.829 1679.389
7.829 1679.389
7.829 1679.389
7.829 6524.760
7.829 1679.389
7.829 1679.389
7.829 1679.389
7.829 1679.389
7.829 1679.389
7.829 1679.389
7.829 1679.389
7.829 1679.389
7.829 1679.389
7.829 1679.389
7.829 1679.389
7.829 1679.389
7.829 1679.389
7.829 1679.389
7.829 1679.389
7.829 1679.389
7.829 1679.389
7.829 1679.389
7.829 1679.389
7.829 1679.389
7.829 6525.739
7.829 1679.389
7.829 1679.389
7.829 1679.389
7.829 1679.389
7.829 1679.389
7.829 1679.389
7.829 1679.389
7.829 1679.389
7.829 1679.389
7.829 1679.389
7.829 1679.389
7.829 1679.389
7.829 1679.389
7.829 1679.389
7.829 1679.389
7.829 1679.389
7.829 1679.389
7.829 1679.389
7.829 1679.389
7.829 1679.389
7.829 6524.760
7.829 1679.389
7.829 1679.389
7.829 1679.389
7.829 1679.389
7.829 1679.389
7.829 1679.389
7.829 1679.389
7.829 1679.389
7.829 1679.389
7.829 1679.389
7.829 1679.389
7.829 1679.389
7.829 1679.389
7.829 1679.389
7.829 1679.389
7.829 1679.389
7.829 1679.389
7.829 1679.389
7.829 1679.389
7.829 1679.389
7.829 6514.974
7.829 1679.389
7.829 1679.389
7.829 1679.389
7.829 1679.389
7.829 1679.389
7.829 1679.389
7.829 1679.389
7.829 1679.389
7.829 1679.389
7.829 1679.389
7.829 1679.389
7.829 1679.389
7.829 1679.389
7.829 1679.389
7.829 1679.389
7.829 1679.389
7.829 1679.389
7.829 1679.389
7.829 1679.389
7.829 1679.389
7.829 6513.995
7.829 1679.389
7.829 1679.389
7.829 1679.389
7.829 1679.389
7.829 1679.389
7.829 1679.389
7.829 1679.389
7.829 1679.389
7.829 1679.389
7.829 1679.389
7.829 1679.389
7.829 1679.389
7.829 1679.389
7.829 1679.389
7.829 1679.389
7.829 1679.389
7.829 1679.389
7.829 1679.389
7.829 1679.389
7.829 1679.389
7.829 6525.739
7.829 1679.389
7.829 1679.389
7.829 1679.389
7.829 1679.389
7.829 1679.389
7.829 1679.389
7.829 1679.389
7.829 1679.389
7.829 1679.389
7.829 1679.389
7.829 1679.389
7.829 1679.389
7.829 1679.389
7.829 1679.389
7.829 1679.389
7.829 1679.389
7.829 1679.389
7.829 1679.389
7.829 1679.389
7.829 1679.389
7.829 6524.760
7.829 1679.389
7.829 1679.389
7.829 1679.389
7.829 1679.389
7.829 1679.389
7.829 1679.389
7.829 1679.389
7.829 1679.389
7.829 1679.389
7.829 1679.389
7.829 1679.389
7.829 1679.389
7.829 1679.389
7.829 1679.389
7.829 1679.389
7.829 1679.389
7.829 1679.389
7.829 1679.389
7.829 1679.389
7.829 1679.389
7.829 6525.739
7.829 1679.389
7.829 1679.389
7.829 1679.389
7.829 1679.389
7.829 1679.389
7.829 1679.389
7.829 1679.389
7.829 1679.389
7.829 1679.389
7.829 1679.389
7.829 1679.389
7.829 1679.389
7.829 1679.389
7.829 1679.389
7.829 1679.389
7.829 1679.389
7.829 1679.389
7.829 1679.389
7.829 1679.389
7.829 1679.389
7.829 6524.760
7.829 1679.389
7.829 1679.389
7.829 1679.389
7.829 1679.389
7.829 1679.389
7.829 1679.389
7.829 1679.389
7.829 1679.389
7.829 1679.389
7.829 1679.389
7.829 1679.389
7.829 1679.389
7.829 1679.389
7.829 1679.389
7.829 1679.389
7.829 1679.389
7.829 1679.389
7.829 1679.389
7.829 1679.389
7.829 1679.389
7.829 6525.739
7.829 1679.389
7.829 1679.389
7.829 1679.389
7.829 1679.389
7.829 1679.389
7.829 1679.389
7.829 1679.389
7.829 1679.389
7.829 1679.389
7.829 1679.389
7.829 1679.389
7.829 1679.389
7.829 1679.389
7.829 1679.389
7.829 1679.389
7.829 1679.389
7.829 1679.389
7.829 1679.389
7.829 1679.389
7.829 1679.389
7.829 6524.760
7.829 1679.389
7.829 1679.389
7.829 1679.389
7.829 1679.389
7.829 1679.389
7.829 1679.389
7.829 1679.389
7.829 1679.389
7.829 1679.389
7.829 1679.389
7.829 1679.389
7.829 1679.389
7.829 1679.389
7.829 1679.389
7.829 1679.389
7.829 1679.389
7.829 1679.389
7.829 1679.389
7.829 1679.389
7.829 1679.389
7.829 6525.739
7.829 1679.389
7.829 1679.389
7.829 1679.389
7.829 1679.389
7.829 1679.389
7.829 1679.389
7.829 1679.389
7.829 1679.389
7.829 1679.389
7.829 1679.389
7.829 1679.389
7.829 1679.389
7.829 1679.389
7.829 1679.389
7.829 1679.389
7.829 1679.389
7.829 1679.389
7.829 1679.389
7.829 1679.389
7.829 1679.389
7.829 6524.760
7.829 1679.389
7.829 1679.389
7.829 1679.389
7.829 1679.389
7.829 1679.389
7.829 1679.389
7.829 1679.389
7.829 1679.389
7.829 1679.389
7.829 1679.389
7.829 1679.389
7.829 1679.389
7.829 1679.389
7.829 1679.389
7.829 1679.389
7.829 1679.389
7.829 1679.389
7.829 1679.389
7.829 1679.389
7.829 1679.389
7.829 6525.739
7.829 1679.389
7.829 1679.389
7.829 1679.389
7.829 1679.389
7.829 1679.389
7.829 1679.389
7.829 1679.389
7.829 1679.389
7.829 1679.389
7.829 1679.389
7.829 1679.389
7.829 1679.389
7.829 1679.389
7.829 1679.389
7.829 1679.389
7.829 1679.389
7.829 1679.389
7.829 1679.389
7.829 1679.389
7.829 1679.389
7.829 6524.760
7.829 1679.389
7.829 1679.389
7.829 1679.389
7.829 1679.389
7.829 1679.389
7.829 1679.389
7.829 1679.389
7.829 1679.389
7.829 1679.389
7.829 1679.389
7.829 1679.389
7.829 1679.389
7.829 1679.389
7.829 1679.389
7.829 1679.389
7.829 1679.389
7.829 1679.389
7.829 1679.389
7.829 1679.389
7.829 1679.389
7.829 6525.739
7.829 1679.389
7.829 1679.389
7.829 1679.389
7.829 1679.389
7.829 1679.389
7.829 1679.389
7.829 1679.389
7.829 1679.389
7.829 1679.389
7.829 1679.389
7.829 1679.389
7.829 1679.389
7.829 1679.389
7.829 1679.389
7.829 1679.389
7.829 1679.389
7.829 1679.389
7.829 1679.389
7.829 1679.389
7.829 1679.389
7.829 6528.675
7.829 1679.389
7.829 1679.389
7.829 1679.389
7.829 1679.389
7.829 1679.389
7.829 1679.389
7.829 1679.389
7.829 1679.389
7.829 1679.389
7.829 1679.389
7.829 1679.389
7.829 1679.389
7.829 1679.389
7.829 1679.389
7.829 1679.389
7.829 1679.389
7.829 1679.389
7.829 1679.389
7.829 1679.389
7.829 1679.389
7.829 6525.739
7.829 1679.389
7.829 1679.389
7.829 1679.389
7.829 1679.389
7.829 1679.389
7.829 1679.389
7.829 1679.389
7.829 1679.389
7.829 1679.389
7.829 1679.389
7.829 1679.389
7.829 1679.389
7.829 1679.389
7.829 1679.389
7.829 1679.389
7.829 1679.389
7.829 1679.389
7.829 1679.389
7.829 1679.389
7.829 1679.389
7.829 6524.760
7.829 1679.389
7.829 1679.389
7.829 1679.389
7.829 1679.389
7.829 1679.389
7.829 1679.389
7.829 1679.389
7.829 1679.389
7.829 1679.389
7.829 1679.389
7.829 1679.389
7.829 1679.389
7.829 1679.389
7.829 1679.389
7.829 1679.389
7.829 1679.389
7.829 1679.389
7.829 1679.389
7.829 1679.389
7.829 1679.389
7.829 6529.654
7.829 1679.389
7.829 1679.389
7.829 1679.389
7.829 1679.389
7.829 1679.389
7.829 1679.389
7.829 1679.389
7.829 1679.389
7.829 1679.389
7.829 1679.389
7.829 1679.389
7.829 1679.389
7.829 1679.389
7.829 1679.389
7.829 1679.389
7.829 1679.389
7.829 1679.389
7.829 1679.389
7.829 1679.389
7.829 1679.389
7.829 6524.760
7.829 1679.389
7.829 1679.389
7.829 1679.389
7.829 1679.389
7.829 1679.389
7.829 1679.389
7.829 1679.389
7.829 1679.389
7.829 1679.389
7.829 1679.389
7.829 1679.389
7.829 1679.389
7.829 1679.389
7.829 1679.389
7.829 1679.389
7.829 1679.389
7.829 1679.389
7.829 1679.389
7.829 1679.389
7.829 1679.389
7.829 6467.998
22.509 1468.976
22.509 1468.976
22.509 1468.976
22.509 1468.976
22.509 1468.976
22.509 1468.976
22.509 1468.976
22.509 1468.976
22.509 1468.976
22.509 1468.976
22.509 1468.976
22.509 1468.976
22.509 1468.976
22.509 1468.976
22.509 1468.976
22.509 1468.976
22.509 1468.976
22.509 1468.976
22.509 1468.976
22.509 1468.976
22.509 1468.976
22.509 1468.976
22.509 1468.976
22.509 6333.921
17.616 1473.870
17.616 1473.870
17.616 1473.870
17.616 1473.870
17.616 1473.870
17.616 1473.870
17.616 1473.870
17.616 1473.870
17.616 1473.870
17.616 1473.870
17.616 1473.870
17.616 1473.870
17.616 1473.870
17.616 1473.870
17.616 1473.870
17.616 1473.870
17.616 1473.870
17.616 1473.870
17.616 1473.870
17.616 1473.870
17.616 1473.870
17.616 1473.870
17.616 1473.870
17.616 6334.899
17.616 1473.870
17.616 1473.870
17.616 1473.870
17.616 1473.870
17.616 1473.870
17.616 1473.870
17.616 1473.870
17.616 1473.870
17.616 1473.870
17.616 1473.870
17.616 1473.870
17.616 1473.870
17.616 1473.870
17.616 1473.870
17.616 1473.870
17.616 1473.870
17.616 1473.870
17.616 1473.870
17.616 1473.870
17.616 1473.870
17.616 1473.870
17.616 1473.870
17.616 1473.870
17.616 6338.814
12.723 1478.763
12.723 1478.763
12.723 1478.763
12.723 1478.763
12.723 1478.763
12.723 1478.763
12.723 1478.763
12.723 1478.763
12.723 1478.763
12.723 1478.763
12.723 1478.763
12.723 1478.763
12.723 1478.763
12.723 1478.763
12.723 1478.763
12.723 1478.763
12.723 1478.763
12.723 1478.763
12.723 1478.763
12.723 1478.763
12.723 1478.763
12.723 1478.763
12.723 1478.763
12.723 6339.793
12.723 1478.763
12.723 1478.763
12.723 1478.763
12.723 1478.763
12.723 1478.763
12.723 1478.763
12.723 1478.763
12.723 1478.763
12.723 1478.763
12.723 1478.763
12.723 1478.763
12.723 1478.763
12.723 1478.763
12.723 1478.763
12.723 1478.763
12.723 1478.763
12.723 1478.763
12.723 1478.763
12.723 1478.763
12.723 1478.763
12.723 1478.763
12.723 1478.763
12.723 1478.763
12.723 6339.793
12.723 1478.763
12.723 1478.763
12.723 1478.763
12.723 1478.763
12.723 1478.763
12.723 1478.763
12.723 1478.763
12.723 1478.763
12.723 1478.763
12.723 1478.763
12.723 1478.763
12.723 1478.763
12.723 1478.763
12.723 1478.763
12.723 1478.763
12.723 1478.763
12.723 1478.763
12.723 1478.763
12.723 1478.763
12.723 1478.763
12.723 1478.763
12.723 1478.763
12.723 1478.763
12.723 6344.686
7.829 1483.656
7.829 1483.656
7.829 1483.656
7.829 1483.656
7.829 1483.656
7.829 1483.656
7.829 1483.656
7.829 1483.656
7.829 1483.656
7.829 1483.656
7.829 1483.656
7.829 1483.656
7.829 1483.656
7.829 1483.656
7.829 1483.656
7.829 1483.656
7.829 1483.656
7.829 1483.656
7.829 1483.656
7.829 1483.656
7.829 1483.656
7.829 1483.656
7.829 1483.656
7.829 6343.707
7.829 1483.656
7.829 1483.656
7.829 1483.656
7.829 1483.656
7.829 1483.656
7.829 1483.656
7.829 1483.656
7.829 1483.656
7.829 1483.656
7.829 1483.656
7.829 1483.656
7.829 1483.656
7.829 1483.656
7.829 1483.656
7.829 1483.656
7.829 1483.656
7.829 1483.656
7.829 1483.656
7.829 1483.656
7.829 1483.656
7.829 1483.656
7.829 1483.656
7.829 1483.656
7.829 6345.665
7.829 1483.656
7.829 1483.656
7.829 1483.656
7.829 1483.656
7.829 1483.656
7.829 1483.656
7.829 1483.656
7.829 1483.656
7.829 1483.656
7.829 1483.656
7.829 1483.656
7.829 1483.656
7.829 1483.656
7.829 1483.656
7.829 1483.656
7.829 1483.656
7.829 1483.656
7.829 1483.656
7.829 1483.656
7.829 1483.656
7.829 1483.656
7.829 1483.656
7.829 1483.656
7.829 6343.707
7.829 1483.656
7.829 1483.656
7.829 1483.656
7.829 1483.656
7.829 1483.656
7.829 1483.656
7.829 1483.656
7.829 1483.656
7.829 1483.656
7.829 1483.656
7.829 1483.656
7.829 1483.656
7.829 1483.656
7.829 1483.656
7.829 1483.656
7.829 1483.656
7.829 1483.656
7.829 1483.656
7.829 1483.656
7.829 1483.656
7.829 1483.656
7.829 1483.656
7.829 1483.656
7.829 6344.686
7.829 1483.656
7.829 1483.656
7.829 1483.656
7.829 1483.656
7.829 1483.656
7.829 1483.656
7.829 1483.656
7.829 1483.656
7.829 1483.656
7.829 1483.656
7.829 1483.656
7.829 1483.656
7.829 1483.656
7.829 1483.656
7.829 1483.656
7.829 1483.656
7.829 1483.656
7.829 1483.656
7.829 1483.656
7.829 1483.656
7.829 1483.656
7.829 1483.656
7.829 1483.656
7.829 6332.942
7.829 1483.656
7.829 1483.656
7.829 1483.656
7.829 1483.656
7.829 1483.656
7.829 1483.656
7.829 1483.656
7.829 1483.656
7.829 1483.656
7.829 1483.656
7.829 1483.656
7.829 1483.656
7.829 1483.656
7.829 1483.656
7.829 1483.656
7.829 1483.656
7.829 1483.656
7.829 1483.656
7.829 1483.656
7.829 1483.656
7.829 1483.656
7.829 1483.656
7.829 1483.656
7.829 6330.006
7.829 1483.656
7.829 1483.656
7.829 1483.656
7.829 1483.656
7.829 1483.656
7.829 1483.656
7.829 1483.656
7.829 1483.656
7.829 1483.656
7.829 1483.656
7.829 1483.656
7.829 1483.656
7.829 1483.656
7.829 1483.656
7.829 1483.656
7.829 1483.656
7.829 1483.656
7.829 1483.656
7.829 1483.656
7.829 1483.656
7.829 1483.656
7.829 1483.656
7.829 1483.656
7.829 6329.027
7.829 1483.656
7.829 1483.656
7.829 1483.656
7.829 1483.656
7.829 1483.656
7.829 1483.656
7.829 1483.656
7.829 1483.656
7.829 1483.656
7.829 1483.656
7.829 1483.656
7.829 1483.656
7.829 1483.656
7.829 1483.656
7.829 1483.656
7.829 1483.656
7.829 1483.656
7.829 1483.656
7.829 1483.656
7.829 1483.656
7.829 1483.656
7.829 1483.656
7.829 1483.656
7.829 6333.921
7.829 1483.656
7.829 1483.656
7.829 1483.656
7.829 1483.656
7.829 1483.656
7.829 1483.656
7.829 1483.656
7.829 1483.656
7.829 1483.656
7.829 1483.656
7.829 1483.656
7.829 1483.656
7.829 1483.656
7.829 1483.656
7.829 1483.656
7.829 1483.656
7.829 1483.656
7.829 1483.656
7.829 1483.656
7.829 1483.656
7.829 1483.656
7.829 1483.656
7.829 1483.656
7.829 6329.027
7.829 1483.656
7.829 1483.656
7.829 1483.656
7.829 1483.656
7.829 1483.656
7.829 1483.656
7.829 1483.656
7.829 1483.656
7.829 1483.656
7.829 1483.656
7.829 1483.656
7.829 1483.656
7.829 1483.656
7.829 1483.656
7.829 1483.656
7.829 1483.656
7.829 1483.656
7.829 1483.656
7.829 1483.656
7.829 1483.656
7.829 1483.656
7.829 1483.656
7.829 1483.656
7.829 6330.006
7.829 1483.656
7.829 1483.656
7.829 1483.656
7.829 1483.656
7.829 1483.656
7.829 1483.656
7.829 1483.656
7.829 1483.656
7.829 1483.656
7.829 1483.656
7.829 1483.656
7.829 1483.656
7.829 1483.656
7.829 1483.656
7.829 1483.656
7.829 1483.656
7.829 1483.656
7.829 1483.656
7.829 1483.656
7.829 1483.656
7.829 1483.656
7.829 1483.656
7.829 1483.656
7.829 6329.027
7.829 1483.656
7.829 1483.656
7.829 1483.656
7.829 1483.656
7.829 1483.656
7.829 1483.656
7.829 1483.656
7.829 1483.656
7.829 1483.656
7.829 1483.656
7.829 1483.656
7.829 1483.656
7.829 1483.656
7.829 1483.656
7.829 1483.656
7.829 1483.656
7.829 1483.656
7.829 1483.656
7.829 1483.656
7.829 1483.656
7.829 1483.656
7.829 1483.656
7.829 1483.656
7.829 6330.006
7.829 1483.656
7.829 1483.656
7.829 1483.656
7.829 1483.656
7.829 1483.656
7.829 1483.656
7.829 1483.656
7.829 1483.656
7.829 1483.656
7.829 1483.656
7.829 1483.656
7.829 1483.656
7.829 1483.656
7.829 1483.656
7.829 1483.656
7.829 1483.656
7.829 1483.656
7.829 1483.656
7.829 1483.656
7.829 1483.656
7.829 1483.656
7.829 1483.656
7.829 1483.656
7.829 8040.712
7.829 1483.656
7.829 1483.656
7.829 1483.656
7.829 1483.656
7.829 1483.656
7.829 1483.656
7.829 1483.656
7.829 1483.656
7.829 1483.656
7.829 1483.656
7.829 1483.656
7.829 1483.656
7.829 1483.656
7.829 1483.656
7.829 1483.656
7.829 1483.656
7.829 1483.656
7.829 1483.656
7.829 1483.656
7.829 1483.656
7.829 1483.656
7.829 1483.656
7.829 1483.656
7.829 6338.814
7.829 1483.656
7.829 1483.656
7.829 1483.656
7.829 1483.656
7.829 1483.656
7.829 1483.656
7.829 1483.656
7.829 1483.656
7.829 1483.656
7.829 1483.656
7.829 1483.656
7.829 1483.656
7.829 1483.656
7.829 1483.656
7.829 1483.656
7.829 1483.656
7.829 1483.656
7.829 1483.656
7.829 1483.656
7.829 1483.656
7.829 1483.656
7.829 1483.656
7.829 1483.656
7.829 6327.070
7.829 1483.656
7.829 1483.656
7.829 1483.656
7.829 1483.656
7.829 1483.656
7.829 1483.656
7.829 1483.656
7.829 1483.656
7.829 1483.656
7.829 1483.656
7.829 1483.656
7.829 1483.656
7.829 1483.656
7.829 1483.656
7.829 1483.656
7.829 1483.656
7.829 1483.656
7.829 1483.656
7.829 1483.656
7.829 1483.656
7.829 1483.656
7.829 1483.656
7.829 1483.656
7.829 6338.814
7.829 1483.656
7.829 1483.656
7.829 1483.656
7.829 1483.656
7.829 1483.656
7.829 1483.656
7.829 1483.656
7.829 1483.656
7.829 1483.656
7.829 1483.656
7.829 1483.656
7.829 1483.656
7.829 1483.656
7.829 1483.656
7.829 1483.656
7.829 1483.656
7.829 1483.656
7.829 1483.656
7.829 1483.656
7.829 1483.656
7.829 1483.656
7.829 1483.656
7.829 1483.656
7.829 6327.070
7.829 1483.656
7.829 1483.656
7.829 1483.656
7.829 1483.656
7.829 1483.656
7.829 1483.656
7.829 1483.656
7.829 1483.656
7.829 1483.656
7.829 1483.656
7.829 1483.656
7.829 1483.656
7.829 1483.656
7.829 1483.656
7.829 1483.656
7.829 1483.656
7.829 1483.656
7.829 1483.656
7.829 1483.656
7.829 1483.656
7.829 1483.656
7.829 1483.656
7.829 1483.656
7.829 6338.814
7.829 1483.656
7.829 1483.656
7.829 1483.656
7.829 1483.656
7.829 1483.656
7.829 1483.656
7.829 1483.656
7.829 1483.656
7.829 1483.656
7.829 1483.656
7.829 1483.656
7.829 1483.656
7.829 1483.656
7.829 1483.656
7.829 1483.656
7.829 1483.656
7.829 1483.656
7.829 1483.656
7.829 1483.656
7.829 1483.656
7.829 1483.656
7.829 1483.656
7.829 1483.656
7.829 7947.739
7.829 1483.656
7.829 1483.656
7.829 1483.656
7.829 1483.656
7.829 1483.656
7.829 1483.656
7.829 1483.656
7.829 1483.656
7.829 1483.656
7.829 1483.656
7.829 1483.656
7.829 1483.656
7.829 1483.656
7.829 1483.656
7.829 1483.656
7.829 1483.656
7.829 1483.656
7.829 1483.656
7.829 1483.656
7.829 1483.656
7.829 1483.656
7.829 1483.656
7.829 1483.656
7.829 6330.006
7.829 1483.656
7.829 1483.656
7.829 1483.656
7.829 1483.656
7.829 1483.656
7.829 1483.656
7.829 1483.656
7.829 1483.656
7.829 1483.656
7.829 1483.656
7.829 1483.656
7.829 1483.656
7.829 1483.656
7.829 1483.656
7.829 1483.656
7.829 1483.656
7.829 1483.656
7.829 1483.656
7.829 1483.656
7.829 1483.656
7.829 1483.656
7.829 1483.656
7.829 1483.656
7.829 6985.711
76.336 1686.240
76.336 1686.240
76.336 1686.240
76.336 1686.240
76.336 1686.240
76.336 1686.240
76.336 1686.240
76.336 1686.240
76.336 1686.240
76.336 1686.240
76.336 1686.240
76.336 1686.240
76.336 1686.240
76.336 1686.240
76.336 1686.240
76.336 1686.240
76.336 1686.240
76.336 1686.240
76.336 1686.240
76.336 7498.532
22.509 2643.374
22.509 2643.374
22.509 2643.374
22.509 2643.374
22.509 2643.374
22.509 2643.374
22.509 2643.374
22.509 2643.374
22.509 2643.374
22.509 2643.374
22.509 2643.374
22.509 2643.374
22.509 7905.657
56.763 1705.813
56.763 1705.813
56.763 1705.813
56.763 1705.813
56.763 1705.813
56.763 1705.813
56.763 1705.813
56.763 1705.813
56.763 1705.813
56.763 1705.813
56.763 1705.813
56.763 1705.813
56.763 1705.813
56.763 1705.813
56.763 1705.813
56.763 1705.813
56.763 1705.813
56.763 1705.813
56.763 1705.813
56.763 6181.249
17.616 2648.268
17.616 2648.268
17.616 2648.268
17.616 2648.268
17.616 2648.268
17.616 2648.268
17.616 2648.268
17.616 2648.268
17.616 2648.268
17.616 2648.268
17.616 2648.268
17.616 2648.268
17.616 2648.268
17.616 6577.608
46.976 1715.600
46.976 1715.600
46.976 1715.600
46.976 1715.600
46.976 1715.600
46.976 1715.600
46.976 1715.600
46.976 1715.600
46.976 1715.600
46.976 1715.600
46.976 1715.600
46.976 1715.600
46.976 1715.600
46.976 1715.600
46.976 1715.600
46.976 1715.600
46.976 1715.600
46.976 1715.600
46.976 1715.600
46.976 7519.084
17.616 2648.268
17.616 2648.268
17.616 2648.268
17.616 2648.268
17.616 2648.268
17.616 2648.268
17.616 2648.268
17.616 2648.268
17.616 2648.268
17.616 2648.268
17.616 2648.268
17.616 2648.268
17.616 7925.230
37.189 1725.387
37.189 1725.387
37.189 1725.387
37.189 1725.387
37.189 1725.387
37.189 1725.387
37.189 1725.387
37.189 1725.387
37.189 1725.387
37.189 1725.387
37.189 1725.387
37.189 1725.387
37.189 1725.387
37.189 1725.387
37.189 1725.387
37.189 1725.387
37.189 1725.387
37.189 1725.387
37.189 1725.387
37.189 6190.057
12.723 2653.161
12.723 2653.161
12.723 2653.161
12.723 2653.161
12.723 2653.161
12.723 2653.161
12.723 2653.161
12.723 2653.161
12.723 2653.161
12.723 2653.161
12.723 2653.161
12.723 2653.161
12.723 2653.161
12.723 6592.288
32.296 1730.280
32.296 1730.280
32.296 1730.280
32.296 1730.280
32.296 1730.280
32.296 1730.280
32.296 1730.280
32.296 1730.280
32.296 1730.280
32.296 1730.280
32.296 1730.280
32.296 1730.280
32.296 1730.280
32.296 1730.280
32.296 1730.280
32.296 1730.280
32.296 1730.280
32.296 1730.280
32.296 1730.280
32.296 7513.212
12.723 2653.161
12.723 2653.161
12.723 2653.161
12.723 2653.161
12.723 2653.161
12.723 2653.161
12.723 2653.161
12.723 2653.161
12.723 2653.161
12.723 2653.161
12.723 2653.161
12.723 2653.161
12.723 7935.017
27.403 1735.173
27.403 1735.173
27.403 1735.173
27.403 1735.173
27.403 1735.173
27.403 1735.173
27.403 1735.173
27.403 1735.173
27.403 1735.173
27.403 1735.173
27.403 1735.173
27.403 1735.173
27.403 1735.173
27.403 1735.173
27.403 1735.173
27.403 1735.173
27.403 1735.173
27.403 1735.173
27.403 1735.173
27.403 6186.142
12.723 2653.161
12.723 2653.161
12.723 2653.161
12.723 2653.161
12.723 2653.161
12.723 2653.161
12.723 2653.161
12.723 2653.161
12.723 2653.161
12.723 2653.161
12.723 2653.161
12.723 2653.161
12.723 2653.161
12.723 6602.075
22.509 1740.067
22.509 1740.067
22.509 1740.067
22.509 1740.067
22.509 1740.067
22.509 1740.067
22.509 1740.067
22.509 1740.067
22.509 1740.067
22.509 1740.067
22.509 1740.067
22.509 1740.067
22.509 1740.067
22.509 1740.067
22.509 1740.067
22.509 1740.067
22.509 1740.067
22.509 1740.067
22.509 1740.067
22.509 7518.105
7.829 2658.054
7.829 2658.054
7.829 2658.054
7.829 2658.054
7.829 2658.054
7.829 2658.054
7.829 2658.054
7.829 2658.054
7.829 2658.054
7.829 2658.054
7.829 2658.054
7.829 2658.054
7.829 7948.718
17.616 1744.960
17.616 1744.960
17.616 1744.960
17.616 1744.960
17.616 1744.960
17.616 1744.960
17.616 1744.960
17.616 1744.960
17.616 1744.960
17.616 1744.960
17.616 1744.960
17.616 1744.960
17.616 1744.960
17.616 1744.960
17.616 1744.960
17.616 1744.960
17.616 1744.960
17.616 1744.960
17.616 1744.960
17.616 6191.035
7.829 2658.054
7.829 2658.054
7.829 2658.054
7.829 2658.054
7.829 2658.054
7.829 2658.054
7.829 2658.054
7.829 2658.054
7.829 2658.054
7.829 2658.054
7.829 2658.054
7.829 2658.054
7.829 2658.054
7.829 6611.861
12.723 1749.853
12.723 1749.853
12.723 1749.853
12.723 1749.853
12.723 1749.853
12.723 1749.853
12.723 1749.853
12.723 1749.853
12.723 1749.853
12.723 1749.853
12.723 1749.853
12.723 1749.853
12.723 1749.853
12.723 1749.853
12.723 1749.853
12.723 1749.853
12.723 1749.853
12.723 1749.853
12.723 1749.853
12.723 7528.871
7.829 2658.054
7.829 2658.054
7.829 2658.054
7.829 2658.054
7.829 2658.054
7.829 2658.054
7.829 2658.054
7.829 2658.054
7.829 2658.054
7.829 2658.054
7.829 2658.054
7.829 2658.054
7.829 7949.697
12.723 1749.853
12.723 1749.853
12.723 1749.853
12.723 1749.853
12.723 1749.853
12.723 1749.853
12.723 1749.853
12.723 1749.853
12.723 1749.853
12.723 1749.853
12.723 1749.853
12.723 1749.853
12.723 1749.853
12.723 1749.853
12.723 1749.853
12.723 1749.853
12.723 1749.853
12.723 1749.853
12.723 1749.853
12.723 6191.035
7.829 2658.054
7.829 2658.054
7.829 2658.054
7.829 2658.054
7.829 2658.054
7.829 2658.054
7.829 2658.054
7.829 2658.054
7.829 2658.054
7.829 2658.054
7.829 2658.054
7.829 2658.054
7.829 2658.054
7.829 6616.755
7.829 1754.747
7.829 1754.747
7.829 1754.747
7.829 1754.747
7.829 1754.747
7.829 1754.747
7.829 1754.747
7.829 1754.747
7.829 1754.747
7.829 1754.747
7.829 1754.747
7.829 1754.747
7.829 1754.747
7.829 1754.747
7.829 1754.747
7.829 1754.747
7.829 1754.747
7.829 1754.747
7.829 1754.747
7.829 7529.849
7.829 2658.054
7.829 2658.054
7.829 2658.054
7.829 2658.054
7.829 2658.054
7.829 2658.054
7.829 2658.054
7.829 2658.054
7.829 2658.054
7.829 2658.054
7.829 2658.054
7.829 2658.054
7.829 7939.910
7.829 1754.747
7.829 1754.747
7.829 1754.747
7.829 1754.747
7.829 1754.747
7.829 1754.747
7.829 1754.747
7.829 1754.747
7.829 1754.747
7.829 1754.747
7.829 1754.747
7.829 1754.747
7.829 1754.747
7.829 1754.747
7.829 1754.747
7.829 1754.747
7.829 1754.747
7.829 1754.747
7.829 1754.747
7.829 6176.355
7.829 2658.054
7.829 2658.054
7.829 2658.054
7.829 2658.054
7.829 2658.054
7.829 2658.054
7.829 2658.054
7.829 2658.054
7.829 2658.054
7.829 2658.054
7.829 2658.054
7.829 2658.054
7.829 2658.054
7.829 8314.739
7.829 1754.747
7.829 1754.747
7.829 1754.747
7.829 1754.747
7.829 1754.747
7.829 1754.747
7.829 1754.747
7.829 1754.747
7.829 1754.747
7.829 1754.747
7.829 1754.747
7.829 1754.747
7.829 1754.747
7.829 1754.747
7.829 1754.747
7.829 1754.747
7.829 1754.747
7.829 1754.747
7.829 1754.747
7.829 7522.999
7.829 2658.054
7.829 2658.054
7.829 2658.054
7.829 2658.054
7.829 2658.054
7.829 2658.054
7.829 2658.054
7.829 2658.054
7.829 2658.054
7.829 2658.054
7.829 2658.054
7.829 2658.054
7.829 7937.953
7.829 1754.747
7.829 1754.747
7.829 1754.747
7.829 1754.747
7.829 1754.747
7.829 1754.747
7.829 1754.747
7.829 1754.747
7.829 1754.747
7.829 1754.747
7.829 1754.747
7.829 1754.747
7.829 1754.747
7.829 1754.747
7.829 1754.747
7.829 1754.747
7.829 1754.747
7.829 1754.747
7.829 1754.747
7.829 6189.078
7.829 2658.054
7.829 2658.054
7.829 2658.054
7.829 2658.054
7.829 2658.054
7.829 2658.054
7.829 2658.054
7.829 2658.054
7.829 2658.054
7.829 2658.054
7.829 2658.054
7.829 2658.054
7.829 2658.054
7.829 8322.568
7.829 1754.747
7.829 1754.747
7.829 1754.747
7.829 1754.747
7.829 1754.747
7.829 1754.747
7.829 1754.747
7.829 1754.747
7.829 1754.747
7.829 1754.747
7.829 1754.747
7.829 1754.747
7.829 1754.747
7.829 1754.747
7.829 1754.747
7.829 1754.747
7.829 1754.747
7.829 1754.747
7.829 1754.747
7.829 7531.807
7.829 2658.054
7.829 2658.054
7.829 2658.054
7.829 2658.054
7.829 2658.054
7.829 2658.054
7.829 2658.054
7.829 2658.054
7.829 2658.054
7.829 2658.054
7.829 2658.054
7.829 2658.054
7.829 7957.526
7.829 1754.747
7.829 1754.747
7.829 1754.747
7.829 1754.747
7.829 1754.747
7.829 1754.747
7.829 1754.747
7.829 1754.747
7.829 1754.747
7.829 1754.747
7.829 1754.747
7.829 1754.747
7.829 1754.747
7.829 1754.747
7.829 1754.747
7.829 1754.747
7.829 1754.747
7.829 1754.747
7.829 1754.747
7.829 7803.876
7.829 2658.054
7.829 2658.054
7.829 2658.054
7.829 2658.054
7.829 2658.054
7.829 2658.054
7.829 2658.054
7.829 2658.054
7.829 2658.054
7.829 2658.054
7.829 2658.054
7.829 2658.054
7.829 2658.054
7.829 6610.883
7.829 1754.747
7.829 1754.747
7.829 1754.747
7.829 1754.747
7.829 1754.747
7.829 1754.747
7.829 1754.747
7.829 1754.747
7.829 1754.747
7.829 1754.747
7.829 1754.747
7.829 1754.747
7.829 1754.747
7.829 1754.747
7.829 1754.747
7.829 1754.747
7.829 1754.747
7.829 1754.747
7.829 1754.747
7.829 7522.999
7.829 2658.054
7.829 2658.054
7.829 2658.054
7.829 2658.054
7.829 2658.054
7.829 2658.054
7.829 2658.054
7.829 2658.054
7.829 2658.054
7.829 2658.054
7.829 2658.054
7.829 2658.054
7.829 7952.633
7.829 1754.747
7.829 1754.747
7.829 1754.747
7.829 1754.747
7.829 1754.747
7.829 1754.747
7.829 1754.747
7.829 1754.747
7.829 1754.747
7.829 1754.747
7.829 1754.747
7.829 1754.747
7.829 1754.747
7.829 1754.747
7.829 1754.747
7.829 1754.747
7.829 1754.747
7.829 1754.747
7.829 1754.747
7.829 6185.163
7.829 2658.054
7.829 2658.054
7.829 2658.054
7.829 2658.054
7.829 2658.054
7.829 2658.054
7.829 2658.054
7.829 2658.054
7.829 2658.054
7.829 2658.054
7.829 2658.054
7.829 2658.054
7.829 2658.054
7.829 9932.472
7.829 1754.747
7.829 1754.747
7.829 1754.747
7.829 1754.747
7.829 1754.747
7.829 1754.747
7.829 1754.747
7.829 1754.747
7.829 1754.747
7.829 1754.747
7.829 1754.747
7.829 1754.747
7.829 1754.747
7.829 1754.747
7.829 1754.747
7.829 1754.747
7.829 1754.747
7.829 1754.747
7.829 1754.747
7.829 7522.999
7.829 2658.054
7.829 2658.054
7.829 2658.054
7.829 2658.054
7.829 2658.054
7.829 2658.054
7.829 2658.054
7.829 2658.054
7.829 2658.054
7.829 2658.054
7.829 2658.054
7.829 2658.054
7.829 7948.718
7.829 1754.747
7.829 1754.747
7.829 1754.747
7.829 1754.747
7.829 1754.747
7.829 1754.747
7.829 1754.747
7.829 1754.747
7.829 1754.747
7.829 1754.747
7.829 1754.747
7.829 1754.747
7.829 1754.747
7.829 1754.747
7.829 1754.747
7.829 1754.747
7.829 1754.747
7.829 1754.747
7.829 1754.747
7.829 6185.163
7.829 2658.054
7.829 2658.054
7.829 2658.054
7.829 2658.054
7.829 2658.054
7.829 2658.054
7.829 2658.054
7.829 2658.054
7.829 2658.054
7.829 2658.054
7.829 2658.054
7.829 2658.054
7.829 2658.054
7.829 6600.117
7.829 1754.747
7.829 1754.747
7.829 1754.747
7.829 1754.747
7.829 1754.747
7.829 1754.747
7.829 1754.747
7.829 1754.747
7.829 1754.747
7.829 1754.747
7.829 1754.747
7.829 1754.747
7.829 1754.747
7.829 1754.747
7.829 1754.747
7.829 1754.747
7.829 1754.747
7.829 1754.747
7.829 1754.747
7.829 9132.903
7.829 2658.054
7.829 2658.054
7.829 2658.054
7.829 2658.054
7.829 2658.054
7.829 2658.054
7.829 2658.054
7.829 2658.054
7.829 2658.054
7.829 2658.054
7.829 2658.054
7.829 2658.054
7.829 7939.910
7.829 1754.747
7.829 1754.747
7.829 1754.747
7.829 1754.747
7.829 1754.747
7.829 1754.747
7.829 1754.747
7.829 1754.747
7.829 1754.747
7.829 1754.747
7.829 1754.747
7.829 1754.747
7.829 1754.747
7.829 1754.747
7.829 1754.747
7.829 1754.747
7.829 1754.747
7.829 1754.747
7.829 1754.747
7.829 6176.355
7.829 2658.054
7.829 2658.054
7.829 2658.054
7.829 2658.054
7.829 2658.054
7.829 2658.054
7.829 2658.054
7.829 2658.054
7.829 2658.054
7.829 2658.054
7.829 2658.054
7.829 2658.054
7.829 2658.054
7.829 6605.989
7.829 1754.747
7.829 1754.747
7.829 1754.747
7.829 1754.747
7.829 1754.747
7.829 1754.747
7.829 1754.747
7.829 1754.747
7.829 1754.747
7.829 1754.747
7.829 1754.747
7.829 1754.747
7.829 1754.747
7.829 1754.747
7.829 1754.747
7.829 1754.747
7.829 1754.747
7.829 1754.747
7.829 1754.747
7.829 7514.191
7.829 2658.054
7.829 2658.054
7.829 2658.054
7.829 2658.054
7.829 2658.054
7.829 2658.054
7.829 2658.054
7.829 2658.054
7.829 2658.054
7.829 2658.054
7.829 2658.054
7.829 2658.054
7.829 7939.910
7.829 1754.747
7.829 1754.747
7.829 1754.747
7.829 1754.747
7.829 1754.747
7.829 1754.747
7.829 1754.747
7.829 1754.747
7.829 1754.747
7.829 1754.747
7.829 1754.747
7.829 1754.747
7.829 1754.747
7.829 1754.747
7.829 1754.747
7.829 1754.747
7.829 1754.747
7.829 1754.747
7.829 1754.747
7.829 6180.270
7.829 2658.054
7.829 2658.054
7.829 2658.054
7.829 2658.054
7.829 2658.054
7.829 2658.054
7.829 2658.054
7.829 2658.054
7.829 2658.054
7.829 2658.054
7.829 2658.054
7.829 2658.054
7.829 2658.054
7.829 6602.075
7.829 1754.747
7.829 1754.747
7.829 1754.747
7.829 1754.747
7.829 1754.747
7.829 1754.747
7.829 1754.747
7.829 1754.747
7.829 1754.747
7.829 1754.747
7.829 1754.747
7.829 1754.747
7.829 1754.747
7.829 1754.747
7.829 1754.747
7.829 1754.747
7.829 1754.747
7.829 1754.747
7.829 1754.747
7.829 7514.191
7.829 2658.054
7.829 2658.054
7.829 2658.054
7.829 2658.054
7.829 2658.054
7.829 2658.054
7.829 2658.054
7.829 2658.054
7.829 2658.054
7.829 2658.054
7.829 2658.054
7.829 2658.054
7.829 7939.910
7.829 1754.747
7.829 1754.747
7.829 1754.747
7.829 1754.747
7.829 1754.747
7.829 1754.747
7.829 1754.747
7.829 1754.747
7.829 1754.747
7.829 1754.747
7.829 1754.747
7.829 1754.747
7.829 1754.747
7.829 1754.747
7.829 1754.747
7.829 1754.747
7.829 1754.747
7.829 1754.747
7.829 1754.747
7.829 6176.355
7.829 2658.054
7.829 2658.054
7.829 2658.054
7.829 2658.054
7.829 2658.054
7.829 2658.054
7.829 2658.054
7.829 2658.054
7.829 2658.054
7.829 2658.054
7.829 2658.054
7.829 2658.054
7.829 2658.054
7.829 6602.075
7.829 1754.747
7.829 1754.747
7.829 1754.747
7.829 1754.747
7.829 1754.747
7.829 1754.747
7.829 1754.747
7.829 1754.747
7.829 1754.747
7.829 1754.747
7.829 1754.747
7.829 1754.747
7.829 1754.747
7.829 1754.747
7.829 1754.747
7.829 1754.747
7.829 1754.747
7.829 1754.747
7.829 1754.747
7.829 7514.191
7.829 2658.054
7.829 2658.054
7.829 2658.054
7.829 2658.054
7.829 2658.054
7.829 2658.054
7.829 2658.054
7.829 2658.054
7.829 2658.054
7.829 2658.054
7.829 2658.054
7.829 2658.054
7.829 7940.889
7.829 1754.747
7.829 1754.747
7.829 1754.747
7.829 1754.747
7.829 1754.747
7.829 1754.747
7.829 1754.747
7.829 1754.747
7.829 1754.747
7.829 1754.747
7.829 1754.747
7.829 1754.747
7.829 1754.747
7.829 1754.747
7.829 1754.747
7.829 1754.747
7.829 1754.747
7.829 1754.747
7.829 1754.747
7.829 6176.355
7.829 2658.054
7.829 2658.054
7.829 2658.054
7.829 2658.054
7.829 2658.054
7.829 2658.054
7.829 2658.054
7.829 2658.054
7.829 2658.054
7.829 2658.054
7.829 2658.054
7.829 2658.054
7.829 2658.054
7.829 6602.075
7.829 1754.747
7.829 1754.747
7.829 1754.747
7.829 1754.747
7.829 1754.747
7.829 1754.747
7.829 1754.747
7.829 1754.747
7.829 1754.747
7.829 1754.747
7.829 1754.747
7.829 1754.747
7.829 1754.747
7.829 1754.747
7.829 1754.747
7.829 1754.747
7.829 1754.747
7.829 1754.747
7.829 1754.747
7.829 7515.169
7.829 2658.054
7.829 2658.054
7.829 2658.054
7.829 2658.054
7.829 2658.054
7.829 2658.054
7.829 2658.054
7.829 2658.054
7.829 2658.054
7.829 2658.054
7.829 2658.054
7.829 2658.054
7.829 7939.910
7.829 1754.747
7.829 1754.747
7.829 1754.747
7.829 1754.747
7.829 1754.747
7.829 1754.747
7.829 1754.747
7.829 1754.747
7.829 1754.747
7.829 1754.747
7.829 1754.747
7.829 1754.747
7.829 1754.747
7.829 1754.747
7.829 1754.747
7.829 1754.747
7.829 1754.747
7.829 1754.747
7.829 1754.747
7.829 6176.355
7.829 2658.054
7.829 2658.054
7.829 2658.054
7.829 2658.054
7.829 2658.054
7.829 2658.054
7.829 2658.054
7.829 2658.054
7.829 2658.054
7.829 2658.054
7.829 2658.054
7.829 2658.054
7.829 2658.054
7.829 6605.989
7.829 1754.747
7.829 1754.747
7.829 1754.747
7.829 1754.747
7.829 1754.747
7.829 1754.747
7.829 1754.747
7.829 1754.747
7.829 1754.747
7.829 1754.747
7.829 1754.747
7.829 1754.747
7.829 1754.747
7.829 1754.747
7.829 1754.747
7.829 1754.747
7.829 1754.747
7.829 1754.747
7.829 1754.747
7.829 7514.191
7.829 2658.054
7.829 2658.054
7.829 2658.054
7.829 2658.054
7.829 2658.054
7.829 2658.054
7.829 2658.054
7.829 2658.054
7.829 2658.054
7.829 2658.054
7.829 2658.054
7.829 2658.054
7.829 7939.910
7.829 1754.747
7.829 1754.747
7.829 1754.747
7.829 1754.747
7.829 1754.747
7.829 1754.747
7.829 1754.747
7.829 1754.747
7.829 1754.747
7.829 1754.747
7.829 1754.747
7.829 1754.747
7.829 1754.747
7.829 1754.747
7.829 1754.747
7.829 1754.747
7.829 1754.747
7.829 1754.747
7.829 1754.747
7.829 6180.270
7.829 2658.054
7.829 2658.054
7.829 2658.054
7.829 2658.054
7.829 2658.054
7.829 2658.054
7.829 2658.054
7.829 2658.054
7.829 2658.054
7.829 2658.054
7.829 2658.054
7.829 2658.054
7.829 2658.054
7.829 6602.075
7.829 1754.747
7.829 1754.747
7.829 1754.747
7.829 1754.747
7.829 1754.747
7.829 1754.747
7.829 1754.747
7.829 1754.747
7.829 1754.747
7.829 1754.747
7.829 1754.747
7.829 1754.747
7.829 1754.747
7.829 1754.747
7.829 1754.747
7.829 1754.747
7.829 1754.747
7.829 1754.747
7.829 1754.747
7.829 7514.191
7.829 2658.054
7.829 2658.054
7.829 2658.054
7.829 2658.054
7.829 2658.054
7.829 2658.054
7.829 2658.054
7.829 2658.054
7.829 2658.054
7.829 2658.054
7.829 2658.054
7.829 2658.054
7.829 7939.910
7.829 1754.747
7.829 1754.747
7.829 1754.747
7.829 1754.747
7.829 1754.747
7.829 1754.747
7.829 1754.747
7.829 1754.747
7.829 1754.747
7.829 1754.747
7.829 1754.747
7.829 1754.747
7.829 1754.747
7.829 1754.747
7.829 1754.747
7.829 1754.747
7.829 1754.747
7.829 1754.747
7.829 1754.747
7.829 6176.355
7.829 2658.054
7.829 2658.054
7.829 2658.054
7.829 2658.054
7.829 2658.054
7.829 2658.054
7.829 2658.054
7.829 2658.054
7.829 2658.054
7.829 2658.054
7.829 2658.054
7.829 2658.054
7.829 2658.054
7.829 6602.075
7.829 1754.747
7.829 1754.747
7.829 1754.747
7.829 1754.747
7.829 1754.747
7.829 1754.747
7.829 1754.747
7.829 1754.747
7.829 1754.747
7.829 1754.747
7.829 1754.747
7.829 1754.747
7.829 1754.747
7.829 1754.747
7.829 1754.747
7.829 1754.747
7.829 1754.747
7.829 1754.747
7.829 1754.747
7.829 7514.191
7.829 2658.054
7.829 2658.054
7.829 2658.054
7.829 2658.054
7.829 2658.054
7.829 2658.054
7.829 2658.054
7.829 2658.054
7.829 2658.054
7.829 2658.054
7.829 2658.054
7.829 2658.054
7.829 1226976.904
22.509 4209.239
22.509 4209.239
22.509 4209.239
22.509 4209.239
22.509 4209.239
22.509 4209.239
22.509 4209.239
22.509 11567.821
22.509 4444.118
22.509 4444.118
22.509 4444.118
22.509 4444.118
22.509 4444.118
22.509 4444.118
22.509 4444.118
22.509 9680.955
22.509 4678.998
22.509 4678.998
22.509 4678.998
22.509 4678.998
22.509 4678.998
22.509 4678.998
22.509 12350.754
22.509 4992.171
22.509 4992.171
22.509 4992.171
22.509 4992.171
22.509 4992.171
22.509 4992.171
22.509 10378.743
22.509 5371.893
22.509 5371.893
22.509 5371.893
22.509 5371.893
22.509 5371.893
22.509 13395.968
22.509 5685.066
22.509 5685.066
22.509 5685.066
22.509 5685.066
22.509 5685.066
22.509 13863.770
22.509 5998.238
22.509 5998.238
22.509 5998.238
22.509 5998.238
22.509 5998.238
22.509 11319.241
22.509 6311.411
22.509 6311.411
22.509 6311.411
22.509 6311.411
22.509 14959.875
22.509 6781.170
22.509 6781.170
22.509 6781.170
22.509 6781.170
22.509 15508.906
22.509 7094.343
22.509 7094.343
22.509 7094.343
22.509 7094.343
22.509 12570.953
22.509 7564.103
22.509 7564.103
22.509 7564.103
22.509 16843.805
22.509 8033.862
22.509 8033.862
22.509 8033.862
22.509 17543.551
22.509 8503.621
22.509 8503.621
22.509 8503.621
22.509 13981.210
22.509 8973.380
22.509 8973.380
22.509 8973.380
22.509 14449.990
22.509 9443.140
22.509 9443.140
22.509 9443.140
22.509 15077.315
22.509 10069.485
22.509 10069.485
22.509 22465.257
22.509 10695.831
22.509 10695.831
22.509 21702.877
22.509 11322.177
22.509 11322.177
22.509 16953.416
22.509 11948.522
22.509 11948.522
22.509 17591.505
22.509 12574.868
22.509 12574.868
22.509 18519.280
22.509 13514.386
22.509 25930.711
22.509 14140.732
22.509 28792.327
22.509 15080.251
22.509 28583.872
22.509 16019.769
22.509 21966.138
22.509 16959.288
22.509 22906.635
22.509 17898.806
22.509 23845.175
22.509 18838.325
22.509 25098.845
22.509 20091.016
22.509 1395343.511
76.336 4152.476
76.336 4152.476
76.336 4152.476
76.336 4152.476
76.336 4152.476
76.336 4152.476
76.336 4152.476
76.336 52689.372
56.763 4172.049
56.763 4172.049
56.763 4172.049
56.763 4172.049
56.763 4172.049
56.763 4172.049
56.763 4172.049
56.763 50961.049
76.336 3917.596
76.336 3917.596
76.336 3917.596
76.336 3917.596
76.336 3917.596
76.336 3917.596
76.336 3917.596
76.336 3917.596
76.336 48732.629
56.763 3937.170
56.763 3937.170
56.763 3937.170
56.763 3937.170
56.763 3937.170
56.763 3937.170
56.763 3937.170
56.763 3937.170
56.763 48618.125
76.336 3682.717
76.336 3682.717
76.336 3682.717
76.336 3682.717
76.336 3682.717
76.336 3682.717
76.336 3682.717
76.336 3682.717
76.336 50356.234
56.763 3702.290
56.763 3702.290
56.763 3702.290
56.763 3702.290
56.763 3702.290
56.763 3702.290
56.763 3702.290
56.763 3702.290
56.763 50765.316
281.856 3712.077
281.856 3712.077
281.856 3712.077
281.856 3712.077
281.856 3712.077
281.856 3712.077
281.856 3712.077
281.856 3712.077
281.856 12770.601
144.842 7911.529
144.842 7911.529
144.842 7911.529
144.842 12685.457
203.562 3790.370
203.562 3790.370
203.562 3790.370
203.562 3790.370
203.562 3790.370
203.562 3790.370
203.562 3790.370
203.562 3790.370
203.562 8788.413
105.696 7950.675
105.696 7950.675
105.696 7950.675
105.696 7950.675
105.696 8691.525
164.416 3829.517
164.416 3829.517
164.416 3829.517
164.416 3829.517
164.416 3829.517
164.416 3829.517
164.416 3829.517
164.416 3829.517
164.416 12841.065
86.123 7970.249
86.123 7970.249
86.123 7970.249
86.123 12744.177
144.842 3849.090
144.842 3849.090
144.842 3849.090
144.842 3849.090
144.842 3849.090
144.842 3849.090
144.842 3849.090
144.842 3849.090
144.842 8817.773
76.336 7980.035
76.336 7980.035
76.336 7980.035
76.336 7980.035
76.336 8730.671
125.269 3868.663
125.269 3868.663
125.269 3868.663
125.269 3868.663
125.269 3868.663
125.269 3868.663
125.269 3868.663
125.269 3868.663
125.269 12860.638
66.549 7989.822
66.549 7989.822
66.549 7989.822
66.549 12783.324
105.696 3888.236
105.696 3888.236
105.696 3888.236
105.696 3888.236
105.696 3888.236
105.696 3888.236
105.696 3888.236
105.696 3888.236
105.696 8838.325
56.763 7999.609
56.763 7999.609
56.763 7999.609
56.763 7999.609
56.763 8769.818
86.123 3907.810
86.123 3907.810
86.123 3907.810
86.123 3907.810
86.123 3907.810
86.123 3907.810
86.123 3907.810
86.123 3907.810
86.123 12880.211
46.976 8009.395
46.976 8009.395
46.976 8009.395
46.976 12802.897
86.123 3907.810
86.123 3907.810
86.123 3907.810
86.123 3907.810
86.123 3907.810
86.123 3907.810
86.123 3907.810
86.123 3907.810
86.123 8847.133
46.976 8009.395
46.976 8009.395
46.976 8009.395
46.976 8009.395
46.976 8793.306
66.549 3927.383
66.549 3927.383
66.549 3927.383
66.549 3927.383
66.549 3927.383
66.549 3927.383
66.549 3927.383
66.549 3927.383
66.549 12893.913
37.189 8019.182
37.189 8019.182
37.189 8019.182
37.189 12822.470
66.549 3927.383
66.549 3927.383
66.549 3927.383
66.549 3927.383
66.549 3927.383
66.549 3927.383
66.549 3927.383
66.549 3927.383
66.549 8856.919
37.189 8019.182
37.189 8019.182
37.189 8019.182
37.189 8019.182
37.189 8787.434
66.549 3927.383
66.549 3927.383
66.549 3927.383
66.549 3927.383
66.549 3927.383
66.549 3927.383
66.549 3927.383
66.549 3927.383
66.549 12926.209
27.403 8028.968
27.403 8028.968
27.403 8028.968
27.403 12820.513
66.549 3927.383
66.549 3927.383
66.549 3927.383
66.549 3927.383
66.549 3927.383
66.549 3927.383
66.549 3927.383
66.549 3927.383
66.549 8866.706
27.403 8028.968
27.403 8028.968
27.403 8028.968
27.403 8028.968
27.403 8787.434
66.549 3927.383
66.549 3927.383
66.549 3927.383
66.549 3927.383
66.549 3927.383
66.549 3927.383
66.549 3927.383
66.549 3927.383
66.549 12899.785
27.403 8028.968
27.403 8028.968
27.403 8028.968
27.403 12821.491
66.549 3927.383
66.549 3927.383
66.549 3927.383
66.549 3927.383
66.549 3927.383
66.549 3927.383
66.549 3927.383
66.549 3927.383
66.549 8866.706
27.403 8028.968
27.403 8028.968
27.403 8028.968
27.403 8028.968
27.403 8787.434
66.549 3927.383
66.549 3927.383
66.549 3927.383
66.549 3927.383
66.549 3927.383
66.549 3927.383
66.549 3927.383
66.549 3927.383
66.549 12909.571
17.616 8038.755
17.616 8038.755
17.616 8038.755
17.616 12820.513
66.549 3927.383
66.549 3927.383
66.549 3927.383
66.549 3927.383
66.549 3927.383
66.549 3927.383
66.549 3927.383
66.549 3927.383
66.549 8876.492
17.616 8038.755
17.616 8038.755
17.616 8038.755
17.616 8038.755
17.616 8949.892
66.549 3927.383
66.549 3927.383
66.549 3927.383
66.549 3927.383
66.549 3927.383
66.549 3927.383
66.549 3927.383
66.549 3927.383
66.549 13236.445
144.842 8381.288
144.842 8381.288
144.842 8381.288
144.842 8776.669
66.549 3927.383
66.549 3927.383
66.549 3927.383
66.549 3927.383
66.549 3927.383
66.549 3927.383
66.549 3927.383
66.549 3927.383
66.549 13280.485
105.696 8420.435
105.696 8420.435
105.696 8420.435
105.696 8787.434
66.549 3927.383
66.549 3927.383
66.549 3927.383
66.549 3927.383
66.549 3927.383
66.549 3927.383
66.549 3927.383
66.549 3927.383
66.549 13310.824
86.123 8440.008
86.123 8440.008
86.123 8440.008
86.123 8787.434
66.549 3927.383
66.549 3927.383
66.549 3927.383
66.549 3927.383
66.549 3927.383
66.549 3927.383
66.549 3927.383
66.549 3927.383
66.549 13320.611
76.336 8449.794
76.336 8449.794
76.336 8449.794
76.336 8787.434
66.549 3927.383
66.549 3927.383
66.549 3927.383
66.549 3927.383
66.549 3927.383
66.549 3927.383
66.549 3927.383
66.549 3927.383
66.549 13330.397
66.549 8459.581
66.549 8459.581
66.549 8459.581
66.549 8787.434
66.549 3927.383
66.549 3927.383
66.549 3927.383
66.549 3927.383
66.549 3927.383
66.549 3927.383
66.549 3927.383
66.549 3927.383
66.549 13340.184
56.763 8469.368
56.763 8469.368
56.763 8469.368
56.763 8835.389
46.976 3946.956
46.976 3946.956
46.976 3946.956
46.976 3946.956
46.976 3946.956
46.976 3946.956
46.976 3946.956
46.976 3946.956
46.976 13349.971
46.976 8479.154
46.976 8479.154
46.976 8479.154
46.976 8808.965
46.976 3946.956
46.976 3946.956
46.976 3946.956
46.976 3946.956
46.976 3946.956
46.976 3946.956
46.976 3946.956
46.976 3946.956
46.976 13353.885
46.976 8479.154
46.976 8479.154
46.976 8479.154
46.976 8808.965
46.976 3946.956
46.976 3946.956
46.976 3946.956
46.976 3946.956
46.976 3946.956
46.976 3946.956
46.976 3946.956
46.976 3946.956
46.976 13359.757
37.189 8488.941
37.189 8488.941
37.189 8488.941
37.189 8812.879
46.976 3946.956
46.976 3946.956
46.976 3946.956
46.976 3946.956
46.976 3946.956
46.976 3946.956
46.976 3946.956
46.976 3946.956
46.976 13359.757
37.189 8488.941
37.189 8488.941
37.189 8488.941
37.189 8828.538
27.403 3966.530
27.403 3966.530
27.403 3966.530
27.403 3966.530
27.403 3966.530
27.403 3966.530
27.403 3966.530
27.403 3966.530
27.403 13395.968
27.403 8498.728
27.403 8498.728
27.403 8498.728
27.403 8828.538
27.403 3966.530
27.403 3966.530
27.403 3966.530
27.403 3966.530
27.403 3966.530
27.403 3966.530
27.403 3966.530
27.403 3966.530
27.403 13369.544
27.403 8498.728
27.403 8498.728
27.403 8498.728
27.403 8828.538
27.403 3966.530
27.403 3966.530
27.403 3966.530
27.403 3966.530
27.403 3966.530
27.403 3966.530
27.403 3966.530
27.403 3966.530
27.403 13370.523
27.403 8498.728
27.403 8498.728
27.403 8498.728
27.403 8828.538
27.403 3966.530
27.403 3966.530
27.403 3966.530
27.403 3966.530
27.403 3966.530
27.403 3966.530
27.403 3966.530
27.403 3966.530
27.403 13369.544
27.403 8498.728
27.403 8498.728
27.403 8498.728
27.403 8829.517
27.403 3966.530
27.403 3966.530
27.403 3966.530
27.403 3966.530
27.403 3966.530
27.403 3966.530
27.403 3966.530
27.403 3966.530
27.403 13379.331
17.616 8508.514
17.616 8508.514
17.616 8508.514
17.616 8848.111
7.829 3986.103
7.829 3986.103
7.829 3986.103
7.829 3986.103
7.829 3986.103
7.829 3986.103
7.829 3986.103
7.829 3986.103
7.829 13518.301
17.616 8508.514
17.616 8508.514
17.616 8508.514
17.616 54844.392
144.842 9947.152
144.842 9947.152
144.842 54744.568
105.696 9986.299
105.696 9986.299
105.696 9986.299
105.696 54760.227
86.123 10005.872
86.123 10005.872
86.123 56467.019
76.336 10015.659
76.336 10015.659
76.336 10015.659
76.336 54771.971
66.549 10025.445
66.549 10025.445
66.549 54781.758
56.763 10035.232
56.763 10035.232
56.763 10035.232
56.763 56412.214
46.976 10045.019
46.976 10045.019
46.976 54919.749
46.976 10045.019
46.976 10045.019
46.976 10045.019
46.976 55470.738
144.842 10573.498
144.842 10573.498
144.842 55366.999
105.696 10612.644
105.696 10612.644
105.696 10612.644
105.696 55386.573
86.123 10632.218
86.123 10632.218
86.123 58631.826
144.842 8381.288
144.842 8381.288
144.842 8381.288
144.842 53304.952
105.696 8420.435
105.696 8420.435
105.696 8420.435
105.696 11380.896
281.856 6518.888
281.856 6518.888
281.856 6518.888
281.856 6518.888
281.856 16715.600
86.123 8440.008
86.123 8440.008
86.123 8440.008
86.123 11448.424
203.562 6597.181
203.562 6597.181
203.562 6597.181
203.562 6597.181
203.562 16884.909
76.336 8449.794
76.336 8449.794
76.336 8449.794
76.336 9971.619
281.856 5109.610
281.856 5109.610
281.856 5109.610
281.856 5109.610
281.856 5109.610
281.856 16030.534
66.549 8459.581
66.549 8459.581
66.549 8459.581
66.549 10049.912
203.562 5187.904
203.562 5187.904
203.562 5187.904
203.562 5187.904
203.562 5187.904
203.562 16040.321
56.763 8469.368
56.763 8469.368
56.763 8469.368
56.763 10089.059
164.416 5227.050
164.416 5227.050
164.416 5227.050
164.416 5227.050
164.416 5227.050
164.416 16050.108
46.976 8479.154
46.976 8479.154
46.976 8479.154
46.976 10109.610
144.842 5246.624
144.842 5246.624
144.842 5246.624
144.842 5246.624
144.842 5246.624
144.842 16050.108
46.976 8479.154
46.976 8479.154
46.976 8479.154
46.976 10128.205
125.269 5266.197
125.269 5266.197
125.269 5266.197
125.269 5266.197
125.269 5266.197
125.269 17772.558
37.189 8488.941
37.189 8488.941
37.189 8488.941
37.189 10156.586
105.696 5285.770
105.696 5285.770
105.696 5285.770
105.696 5285.770
105.696 5285.770
105.696 16057.937
37.189 8488.941
37.189 8488.941
37.189 8488.941
37.189 10180.074
86.123 5305.344
86.123 5305.344
86.123 5305.344
86.123 5305.344
86.123 5305.344
86.123 17778.430
37.189 8488.941
37.189 8488.941
37.189 8488.941
37.189 10184.968
86.123 5305.344
86.123 5305.344
86.123 5305.344
86.123 5305.344
86.123 5305.344
86.123 16075.553
37.189 8488.941
37.189 8488.941
37.189 8488.941
37.189 11814.445
66.549 5324.917
66.549 5324.917
66.549 5324.917
66.549 5324.917
66.549 5324.917
66.549 16066.745
37.189 8488.941
37.189 8488.941
37.189 8488.941
37.189 10195.733
66.549 5324.917
66.549 5324.917
66.549 5324.917
66.549 5324.917
66.549 5324.917
66.549 16070.660
37.189 8488.941
37.189 8488.941
37.189 8488.941
37.189 10193.776
66.549 5324.917
66.549 5324.917
66.549 5324.917
66.549 5324.917
66.549 5324.917
66.549 19426.502
27.403 8498.728
27.403 8498.728
27.403 8498.728
27.403 10193.776
66.549 5324.917
66.549 5324.917
66.549 5324.917
66.549 5324.917
66.549 5324.917
66.549 16078.489
27.403 8498.728
27.403 8498.728
27.403 8498.728
27.403 10193.776
66.549 5324.917
66.549 5324.917
66.549 5324.917
66.549 5324.917
66.549 5324.917
66.549 16067.724
27.403 8498.728
27.403 8498.728
27.403 8498.728
27.403 11851.634
46.976 5344.490
46.976 5344.490
46.976 5344.490
46.976 5344.490
46.976 5344.490
46.976 16069.681
27.403 8498.728
27.403 8498.728
27.403 8498.728
27.403 10206.498
46.976 5344.490
46.976 5344.490
46.976 5344.490
46.976 5344.490
46.976 5344.490
46.976 16083.382
17.616 8508.514
17.616 8508.514
17.616 8508.514
17.616 10206.498
46.976 5344.490
46.976 5344.490
46.976 5344.490
46.976 5344.490
46.976 5344.490
46.976 16079.468
17.616 8508.514
17.616 8508.514
17.616 8508.514
17.616 10210.413
46.976 5344.490
46.976 5344.490
46.976 5344.490
46.976 5344.490
46.976 5344.490
46.976 16079.468
17.616 8508.514
17.616 8508.514
17.616 8508.514
17.616 10226.072
27.403 5364.063
27.403 5364.063
27.403 5364.063
27.403 5364.063
27.403 5364.063
27.403 16079.468
17.616 8508.514
17.616 8508.514
17.616 8508.514
17.616 10226.072
27.403 5364.063
27.403 5364.063
27.403 5364.063
27.403 5364.063
27.403 5364.063
27.403 16079.468
17.616 8508.514
17.616 8508.514
17.616 8508.514
17.616 10226.072
27.403 5364.063
27.403 5364.063
27.403 5364.063
27.403 5364.063
27.403 5364.063
27.403 16090.233
7.829 8518.301
7.829 8518.301
7.829 8518.301
7.829 3800782.932
22.509 2678.606
12.723 2683.500
22.509 2678.606
12.723 2683.500
22.509 2678.606
12.723 2683.500
22.509 2678.606
12.723 2683.500
22.509 2678.606
12.723 2683.500
22.509 2678.606
12.723 2683.500
22.509 10202.584
22.509 5341.554
12.723 5347.426
22.509 5341.554
12.723 5347.426
22.509 5341.554
12.723 5347.426
22.509 7551.380
12.723 2688.393
17.616 2678.606
12.723 2688.393
17.616 2678.606
12.723 2688.393
17.616 2678.606
12.723 2688.393
17.616 2678.606
12.723 2688.393
17.616 2678.606
12.723 2688.393
17.616 2678.606
12.723 10212.370
12.723 5352.319
17.616 5341.554
12.723 5352.319
17.616 5341.554
12.723 5352.319
17.616 5341.554
12.723 7550.401
17.616 2678.606
12.723 2688.393
17.616 2678.606
12.723 2688.393
17.616 2678.606
12.723 2688.393
17.616 2678.606
12.723 2688.393
17.616 2678.606
12.723 2688.393
17.616 2678.606
12.723 2688.393
17.616 10227.050
17.616 5341.554
12.723 5352.319
17.616 5341.554
12.723 5352.319
17.616 5341.554
12.723 5352.319
17.616 7556.273
7.829 2693.286
12.723 2683.500
7.829 2693.286
12.723 2683.500
7.829 2693.286
12.723 2683.500
7.829 2693.286
12.723 2683.500
7.829 2693.286
12.723 2683.500
7.829 2693.286
12.723 2683.500
7.829 10217.264
7.829 5357.213
12.723 5346.447
7.829 5357.213
12.723 5346.447
7.829 5357.213
12.723 5346.447
7.829 7566.060
12.723 2683.500
7.829 2693.286
12.723 2683.500
7.829 2693.286
12.723 2683.500
7.829 2693.286
12.723 2683.500
7.829 2693.286
12.723 2683.500
7.829 2693.286
12.723 2683.500
7.829 2693.286
12.723 10228.029
12.723 5346.447
7.829 5357.213
12.723 5346.447
7.829 5357.213
12.723 5346.447
7.829 5357.213
12.723 7556.273
7.829 2693.286
12.723 2683.500
7.829 2693.286
12.723 2683.500
7.829 2693.286
12.723 2683.500
7.829 2693.286
12.723 2683.500
7.829 2693.286
12.723 2683.500
7.829 2693.286
12.723 2683.500
7.829 10217.264
7.829 5357.213
12.723 5346.447
7.829 5357.213
12.723 5346.447
7.829 5357.213
12.723 5346.447
7.829 7571.932
7.829 2683.500
7.829 2698.180
7.829 2683.500
7.829 2698.180
7.829 2683.500
7.829 2698.180
7.829 2683.500
7.829 2698.180
7.829 2683.500
7.829 2698.180
7.829 2683.500
7.829 2698.180
7.829 10232.922
7.829 5346.447
7.829 5362.106
7.829 5346.447
7.829 5362.106
7.829 5346.447
7.829 5362.106
7.829 7556.273
7.829 2698.180
7.829 2683.500
7.829 2698.180
7.829 2683.500
7.829 2698.180
7.829 2683.500
7.829 2698.180
7.829 2683.500
7.829 2698.180
7.829 2683.500
7.829 2698.180
7.829 2683.500
7.829 11929.928
7.829 5362.106
7.829 5346.447
7.829 5362.106
7.829 5346.447
7.829 5362.106
7.829 5346.447
7.829 7579.761
7.829 2683.500
7.829 2698.180
7.829 2683.500
7.829 2698.180
7.829 2683.500
7.829 2698.180
7.829 2683.500
7.829 2698.180
7.829 2683.500
7.829 2698.180
7.829 2683.500
7.829 2698.180
7.829 10230.965
7.829 5346.447
7.829 5362.106
7.829 5346.447
7.829 5362.106
7.829 5346.447
7.829 5362.106
7.829 7568.996
7.829 2698.180
7.829 2683.500
7.829 2698.180
7.829 2683.500
7.829 2698.180
7.829 2683.500
7.829 2698.180
7.829 2683.500
7.829 2698.180
7.829 2683.500
7.829 2698.180
7.829 2683.500
7.829 11937.757
7.829 5362.106
7.829 5346.447
7.829 5362.106
7.829 5346.447
7.829 5362.106
7.829 5346.447
7.829 7588.569
7.829 2683.500
7.829 2698.180
7.829 2683.500
7.829 2698.180
7.829 2683.500
7.829 2698.180
7.829 2683.500
7.829 2698.180
7.829 2683.500
7.829 2698.180
7.829 2683.500
7.829 2698.180
7.829 10250.538
7.829 5346.447
7.829 5362.106
7.829 5346.447
7.829 5362.106
7.829 5346.447
7.829 5362.106
7.829 9169.113
7.829 2698.180
7.829 2683.500
7.829 2698.180
7.829 2683.500
7.829 2698.180
7.829 2683.500
7.829 2698.180
7.829 2683.500
7.829 2698.180
7.829 2683.500
7.829 2698.180
7.829 2683.500
7.829 10211.392
7.829 5362.106
7.829 5346.447
7.829 5362.106
7.829 5346.447
7.829 5362.106
7.829 5346.447
7.829 7565.081
7.829 2683.500
7.829 2698.180
7.829 2683.500
7.829 2698.180
7.829 2683.500
7.829 2698.180
7.829 2683.500
7.829 2698.180
7.829 2683.500
7.829 2698.180
7.829 2683.500
7.829 2698.180
7.829 10230.965
7.829 5346.447
7.829 5362.106
7.829 5346.447
7.829 5362.106
7.829 5346.447
7.829 5362.106
7.829 7550.401
7.829 2698.180
7.829 2683.500
7.829 2698.180
7.829 2683.500
7.829 2698.180
7.829 2683.500
7.829 2698.180
7.829 2683.500
7.829 2698.180
7.829 2683.500
7.829 2698.180
7.829 2683.500
7.829 13532.981
7.829 5362.106
7.829 5346.447
7.829 5362.106
7.829 5346.447
7.829 5362.106
7.829 5346.447
7.829 7565.081
7.829 2683.500
7.829 2698.180
7.829 2683.500
7.829 2698.180
7.829 2683.500
7.829 2698.180
7.829 2683.500
7.829 2698.180
7.829 2683.500
7.829 2698.180
7.829 2683.500
7.829 2698.180
7.829 10227.050
7.829 5346.447
7.829 5362.106
7.829 5346.447
7.829 5362.106
7.829 5346.447
7.829 5362.106
7.829 7550.401
7.829 2698.180
7.829 2683.500
7.829 2698.180
7.829 2683.500
7.829 2698.180
7.829 2683.500
7.829 2698.180
7.829 2683.500
7.829 2698.180
7.829 2683.500
7.829 2698.180
7.829 2683.500
7.829 10335.682
7.829 5362.106
7.829 5346.447
7.829 5362.106
7.829 5346.447
7.829 5362.106
7.829 5346.447
7.829 1286411.235
42.083 2478.959
22.509 2474.065
42.083 2478.959
22.509 2474.065
42.083 2478.959
22.509 2474.065
42.083 2478.959
22.509 2474.065
42.083 2478.959
22.509 2474.065
42.083 2478.959
22.509 2474.065
42.083 2478.959
22.509 9835.584
76.336 4999.021
42.083 4980.427
76.336 4999.021
42.083 4980.427
76.336 4999.021
42.083 4980.427
76.336 7356.626
32.296 2483.852
17.616 2483.852
32.296 2483.852
17.616 2483.852
32.296 2483.852
17.616 2483.852
32.296 2483.852
17.616 2483.852
32.296 2483.852
17.616 2483.852
32.296 2483.852
17.616 2483.852
32.296 2483.852
17.616 9879.624
32.296 5000.000
56.763 5008.808
32.296 5000.000
56.763 5008.808
32.296 5000.000
56.763 5008.808
32.296 7350.754
27.403 2483.852
17.616 2488.745
27.403 2483.852
17.616 2488.745
27.403 2483.852
17.616 2488.745
27.403 2483.852
17.616 2488.745
27.403 2483.852
17.616 2488.745
27.403 2483.852
17.616 2488.745
27.403 2483.852
17.616 9869.838
46.976 5013.701
27.403 5009.787
46.976 5013.701
27.403 5009.787
46.976 5013.701
27.403 5009.787
46.976 7366.412
22.509 2488.745
12.723 2493.639
22.509 2488.745
12.723 2493.639
22.509 2488.745
12.723 2493.639
22.509 2488.745
12.723 2493.639
22.509 2488.745
12.723 2493.639
22.509 2488.745
12.723 2493.639
22.509 2488.745
12.723 9889.411
22.509 5019.573
37.189 5018.595
22.509 5019.573
37.189 5018.595
22.509 5019.573
37.189 5018.595
22.509 7371.306
17.616 2488.745
12.723 2498.532
17.616 2488.745
12.723 2498.532
17.616 2488.745
12.723 2498.532
17.616 2488.745
12.723 2498.532
17.616 2488.745
12.723 2498.532
17.616 2488.745
12.723 2498.532
17.616 2488.745
12.723 9895.283
32.296 5023.488
17.616 5024.467
32.296 5023.488
17.616 5024.467
32.296 5023.488
17.616 5024.467
32.296 7371.306
17.616 2488.745
12.723 2498.532
17.616 2488.745
12.723 2498.532
17.616 2488.745
12.723 2498.532
17.616 2488.745
12.723 2498.532
17.616 2488.745
12.723 2498.532
17.616 2488.745
12.723 2498.532
17.616 2488.745
12.723 9894.304
17.616 5029.360
27.403 5023.488
17.616 5029.360
27.403 5023.488
17.616 5029.360
27.403 5023.488
17.616 7376.199
12.723 2493.639
7.829 2503.425
12.723 2493.639
7.829 2503.425
12.723 2493.639
7.829 2503.425
12.723 2493.639
7.829 2503.425
12.723 2493.639
7.829 2503.425
12.723 2493.639
7.829 2503.425
12.723 2493.639
7.829 9905.069
22.509 5028.381
12.723 5034.253
22.509 5028.381
12.723 5034.253
22.509 5028.381
12.723 5034.253
22.509 7376.199
12.723 2493.639
7.829 2503.425
12.723 2493.639
7.829 2503.425
12.723 2493.639
7.829 2503.425
12.723 2493.639
7.829 2503.425
12.723 2493.639
7.829 2503.425
12.723 2493.639
7.829 2503.425
12.723 2493.639
7.829 9899.197
12.723 5039.147
17.616 5028.381
12.723 5039.147
17.616 5028.381
12.723 5039.147
17.616 5028.381
12.723 7381.092
7.829 2493.639
7.829 2508.319
7.829 2493.639
7.829 2508.319
7.829 2493.639
7.829 2508.319
7.829 2493.639
7.829 2508.319
7.829 2493.639
7.829 2508.319
7.829 2493.639
7.829 2508.319
7.829 2493.639
7.829 9918.771
12.723 5033.275
7.829 5044.040
12.723 5033.275
7.829 5044.040
12.723 5033.275
7.829 5044.040
12.723 7381.092
7.829 2493.639
7.829 2508.319
7.829 2493.639
7.829 2508.319
7.829 2493.639
7.829 2508.319
7.829 2493.639
7.829 2508.319
7.829 2493.639
7.829 2508.319
7.829 2493.639
7.829 2508.319
7.829 2493.639
7.829 9904.091
7.829 5044.040
12.723 5033.275
7.829 5044.040
12.723 5033.275
7.829 5044.040
12.723 5033.275
7.829 7385.007
7.829 2493.639
7.829 2508.319
7.829 2493.639
7.829 2508.319
7.829 2493.639
7.829 2508.319
7.829 2493.639
7.829 2508.319
7.829 2493.639
7.829 2508.319
7.829 2493.639
7.829 2508.319
7.829 2493.639
7.829 9919.749
7.829 5033.275
7.829 5048.933
7.829 5033.275
7.829 5048.933
7.829 5033.275
7.829 5048.933
7.829 7366.412
7.829 2493.639
7.829 2508.319
7.829 2493.639
7.829 2508.319
7.829 2493.639
7.829 2508.319
7.829 2493.639
7.829 2508.319
7.829 2493.639
7.829 2508.319
7.829 2493.639
7.829 2508.319
7.829 2493.639
7.829 9889.411
7.829 5048.933
7.829 5033.275
7.829 5048.933
7.829 5033.275
7.829 5048.933
7.829 5033.275
7.829 7366.412
7.829 2493.639
7.829 2508.319
7.829 2493.639
7.829 2508.319
7.829 2493.639
7.829 2508.319
7.829 2493.639
7.829 2508.319
7.829 2493.639
7.829 2508.319
7.829 2493.639
7.829 2508.319
7.829 2493.639
7.829 9905.069
7.829 5033.275
7.829 5048.933
7.829 5033.275
7.829 5048.933
7.829 5033.275
7.829 5048.933
7.829 7366.412
7.829 2493.639
7.829 2508.319
7.829 2493.639
7.829 2508.319
7.829 2493.639
7.829 2508.319
7.829 2493.639
7.829 2508.319
7.829 2493.639
7.829 2508.319
7.829 2493.639
7.829 2508.319
7.829 2493.639
7.829 9890.390
7.829 5048.933
7.829 5033.275
7.829 5048.933
7.829 5033.275
7.829 5048.933
7.829 5033.275
7.829 7366.412
7.829 2493.639
7.829 2508.319
7.829 2493.639
7.829 2508.319
7.829 2493.639
7.829 2508.319
7.829 2493.639
7.829 2508.319
7.829 2493.639
7.829 2508.319
7.829 2493.639
7.829 2508.319
7.829 2493.639
7.829 9905.069
7.829 5033.275
7.829 5048.933
7.829 5033.275
7.829 5048.933
7.829 5033.275
7.829 5048.933
7.829 7367.391
7.829 2493.639
7.829 2508.319
7.829 2493.639
7.829 2508.319
7.829 2493.639
7.829 2508.319
7.829 2493.639
7.829 2508.319
7.829 2493.639
7.829 2508.319
7.829 2493.639
7.829 2508.319
7.829 2493.639
7.829 10024.467
7.829 5048.933
7.829 5033.275
7.829 5048.933
7.829 5033.275
7.829 5048.933
7.829 5033.275
7.829 1287490.703
281.856 1965.160
144.842 1842.826
281.856 1965.160
144.842 1842.826
281.856 1965.160
144.842 1842.826
281.856 1965.160
144.842 1842.826
281.856 1965.160
144.842 1842.826
281.856 1965.160
144.842 1842.826
281.856 1965.160
144.842 1842.826
281.856 1965.160
144.842 1842.826
281.856 8847.133
281.856 4113.329
144.842 3991.975
281.856 4113.329
144.842 3991.975
281.856 4113.329
144.842 3991.975
281.856 4113.329
144.842 6877.080
105.696 1921.120
203.562 2004.306
105.696 1921.120
203.562 2004.306
105.696 1921.120
203.562 2004.306
105.696 1921.120
203.562 2004.306
105.696 1921.120
203.562 2004.306
105.696 1921.120
203.562 2004.306
105.696 1921.120
203.562 2004.306
105.696 1921.120
203.562 2004.306
105.696 8941.084
203.562 4152.476
105.696 4070.268
203.562 4152.476
105.696 4070.268
203.562 4152.476
105.696 4070.268
203.562 4152.476
105.696 6833.040
164.416 2023.879
86.123 1960.266
164.416 2023.879
86.123 1960.266
164.416 2023.879
86.123 1960.266
164.416 2023.879
86.123 1960.266
164.416 2023.879
86.123 1960.266
164.416 2023.879
86.123 1960.266
164.416 2023.879
86.123 1960.266
164.416 2023.879
86.123 1960.266
164.416 8980.231
164.416 4172.049
86.123 4109.415
164.416 4172.049
86.123 4109.415
164.416 4172.049
86.123 4109.415
164.416 4172.049
86.123 6917.205
66.549 1999.413
125.269 2043.453
66.549 1999.413
125.269 2043.453
66.549 1999.413
125.269 2043.453
66.549 1999.413
125.269 2043.453
66.549 1999.413
125.269 2043.453
66.549 1999.413
125.269 2043.453
66.549 1999.413
125.269 2043.453
66.549 1999.413
125.269 2043.453
66.549 9019.378
125.269 4191.623
66.549 4148.561
125.269 4191.623
66.549 4148.561
125.269 4191.623
66.549 4148.561
125.269 4191.623
66.549 6891.760
105.696 2053.239
56.763 2018.986
105.696 2053.239
56.763 2018.986
105.696 2053.239
56.763 2018.986
105.696 2053.239
56.763 2018.986
105.696 2053.239
56.763 2018.986
105.696 2053.239
56.763 2018.986
105.696 2053.239
56.763 2018.986
105.696 2053.239
56.763 2018.986
105.696 10751.615
105.696 4201.409
56.763 4168.135
105.696 4201.409
56.763 4168.135
105.696 4201.409
56.763 4168.135
105.696 4201.409
56.763 6944.608
46.976 2038.559
86.123 2063.026
46.976 2038.559
86.123 2063.026
46.976 2038.559
86.123 2063.026
46.976 2038.559
86.123 2063.026
46.976 2038.559
86.123 2063.026
46.976 2038.559
86.123 2063.026
46.976 2038.559
86.123 2063.026
46.976 2038.559
86.123 2063.026
46.976 9056.567
86.123 4211.196
46.976 4187.708
86.123 4211.196
46.976 4187.708
86.123 4211.196
46.976 4187.708
86.123 4211.196
46.976 6943.629
66.549 2072.813
37.189 2058.133
66.549 2072.813
37.189 2058.133
66.549 2072.813
37.189 2058.133
66.549 2072.813
37.189 2058.133
66.549 2072.813
37.189 2058.133
66.549 2072.813
37.189 2058.133
66.549 2072.813
37.189 2058.133
66.549 2072.813
37.189 2058.133
66.549 10798.591
66.549 4220.983
37.189 4207.281
66.549 4220.983
37.189 4207.281
66.549 4220.983
37.189 4207.281
66.549 4220.983
37.189 6972.989
27.403 2077.706
46.976 2082.599
27.403 2077.706
46.976 2082.599
27.403 2077.706
46.976 2082.599
27.403 2077.706
46.976 2082.599
27.403 2077.706
46.976 2082.599
27.403 2077.706
46.976 2082.599
27.403 2077.706
46.976 2082.599
27.403 2077.706
46.976 2082.599
27.403 9115.287
46.976 4230.769
27.403 4226.855
46.976 4230.769
27.403 4226.855
46.976 4230.769
27.403 4226.855
46.976 4230.769
27.403 8597.573
27.403 2092.386
17.616 2097.279
27.403 2092.386
17.616 2097.279
27.403 2092.386
17.616 2097.279
27.403 2092.386
17.616 2097.279
27.403 2092.386
17.616 2097.279
27.403 2092.386
17.616 2097.279
27.403 2092.386
17.616 2097.279
27.403 2092.386
17.616 2097.279
27.403 9126.052
27.403 4240.556
17.616 4246.428
27.403 4240.556
17.616 4246.428
27.403 4240.556
17.616 4246.428
27.403 4240.556
17.616 6973.968
17.616 2097.279
27.403 2092.386
17.616 2097.279
27.403 2092.386
17.616 2097.279
27.403 2092.386
17.616 2097.279
27.403 2092.386
17.616 2097.279
27.403 2092.386
17.616 2097.279
27.403 2092.386
17.616 2097.279
27.403 2092.386
17.616 2097.279
27.403 2092.386
17.616 9129.967
27.403 4240.556
17.616 4246.428
27.403 4240.556
17.616 4246.428
27.403 4240.556
17.616 4246.428
27.403 4240.556
17.616 6998.434
7.829 2102.173
7.829 2116.853
7.829 2102.173
7.829 2116.853
7.829 2102.173
7.829 2116.853
7.829 2102.173
7.829 2116.853
7.829 2102.173
7.829 2116.853
7.829 2102.173
7.829 2116.853
7.829 2102.173
7.829 2116.853
7.829 2102.173
7.829 2116.853
7.829 12467.215
7.829 4250.343
7.829 4266.001
7.829 4250.343
7.829 4266.001
7.829 4250.343
7.829 4266.001
7.829 4250.343
7.829 6969.074
7.829 2116.853
7.829 2102.173
7.829 2116.853
7.829 2102.173
7.829 2116.853
7.829 2102.173
7.829 2116.853
7.829 2102.173
7.829 2116.853
7.829 2102.173
7.829 2116.853
7.829 2102.173
7.829 2116.853
7.829 2102.173
7.829 2116.853
7.829 2102.173
7.829 9130.945
7.829 4250.343
7.829 4266.001
7.829 4250.343
7.829 4266.001
7.829 4250.343
7.829 4266.001
7.829 4250.343
7.829 6983.754
7.829 2102.173
7.829 2116.853
7.829 2102.173
7.829 2116.853
7.829 2102.173
7.829 2116.853
7.829 2102.173
7.829 2116.853
7.829 2102.173
7.829 2116.853
7.829 2102.173
7.829 2116.853
7.829 2102.173
7.829 2116.853
7.829 2102.173
7.829 2116.853
7.829 9120.180
7.829 4250.343
7.829 4266.001
7.829 4250.343
7.829 4266.001
7.829 4250.343
7.829 4266.001
7.829 4250.343
7.829 8578.978
7.829 2116.853
7.829 2102.173
7.829 2116.853
7.829 2102.173
7.829 2116.853
7.829 2102.173
7.829 2116.853
7.829 2102.173
7.829 2116.853
7.829 2102.173
7.829 2116.853
7.829 2102.173
7.829 2116.853
7.829 2102.173
7.829 2116.853
7.829 2102.173
7.829 9122.137
7.829 4250.343
7.829 4266.001
7.829 4250.343
7.829 4266.001
7.829 4250.343
7.829 4266.001
7.829 4250.343
7.829 6974.946
7.829 2102.173
7.829 2116.853
7.829 2102.173
7.829 2116.853
7.829 2102.173
7.829 2116.853
7.829 2102.173
7.829 2116.853
7.829 2102.173
7.829 2116.853
7.829 2102.173
7.829 2116.853
7.829 2102.173
7.829 2116.853
7.829 2102.173
7.829 2116.853
7.829 9126.052
7.829 4250.343
7.829 4266.001
7.829 4250.343
7.829 4266.001
7.829 4250.343
7.829 4266.001
7.829 4250.343
7.829 6960.266
7.829 2116.853
7.829 2102.173
7.829 2116.853
7.829 2102.173
7.829 2116.853
7.829 2102.173
7.829 2116.853
7.829 2102.173
7.829 2116.853
7.829 2102.173
7.829 2116.853
7.829 2102.173
7.829 2116.853
7.829 2102.173
7.829 2116.853
7.829 2102.173
7.829 9167.156
7.829 4250.343
7.829 4266.001
7.829 4250.343
7.829 4266.001
7.829 4250.343
7.829 4266.001
7.829 4250.343
7.829 2107360.540
22.509 8033.862
22.509 8033.862
22.509 8033.862
22.509 15202.584
12.723 8043.648
12.723 8043.648
12.723 8043.648
12.723 8043.648
12.723 13613.232
22.509 6311.411
22.509 6311.411
22.509 6311.411
22.509 6311.411
22.509 13480.133
12.723 6321.198
12.723 6321.198
12.723 6321.198
12.723 6321.198
12.723 6321.198
12.723 12288.119
22.509 4992.171
22.509 4992.171
22.509 4992.171
22.509 4992.171
22.509 4992.171
22.509 4992.171
22.509 12165.786
12.723 5001.957
12.723 5001.957
12.723 5001.957
12.723 5001.957
12.723 5001.957
12.723 5001.957
12.723 11338.814
42.083 3954.786
42.083 3954.786
42.083 3954.786
42.083 3954.786
42.083 3954.786
42.083 3954.786
42.083 3954.786
42.083 3954.786
42.083 11138.188
17.616 3979.252
17.616 3979.252
17.616 3979.252
17.616 3979.252
17.616 3979.252
17.616 3979.252
17.616 3979.252
17.616 3979.252
17.616 10390.487
42.083 3093.560
42.083 3093.560
42.083 3093.560
42.083 3093.560
42.083 3093.560
42.083 3093.560
42.083 3093.560
42.083 3093.560
42.083 3093.560
42.083 3093.560
42.083 10276.962
17.616 3118.027
17.616 3118.027
17.616 3118.027
17.616 3118.027
17.616 3118.027
17.616 3118.027
17.616 3118.027
17.616 3118.027
17.616 3118.027
17.616 3118.027
17.616 3118.027
17.616 9763.163
42.083 2467.215
42.083 2467.215
42.083 2467.215
42.083 2467.215
42.083 2467.215
42.083 2467.215
42.083 2467.215
42.083 2467.215
42.083 2467.215
42.083 2467.215
42.083 2467.215
42.083 2467.215
42.083 2467.215
42.083 9651.595
17.616 2491.681
17.616 2491.681
17.616 2491.681
17.616 2491.681
17.616 2491.681
17.616 2491.681
17.616 2491.681
17.616 2491.681
17.616 2491.681
17.616 2491.681
17.616 2491.681
17.616 2491.681
17.616 2491.681
17.616 9304.169
76.336 1924.056
76.336 1924.056
76.336 1924.056
76.336 1924.056
76.336 1924.056
76.336 1924.056
76.336 1924.056
76.336 1924.056
76.336 1924.056
76.336 1924.056
76.336 1924.056
76.336 1924.056
76.336 1924.056
76.336 1924.056
76.336 1924.056
76.336 1924.056
76.336 1924.056
76.336 9131.924
27.403 1972.989
27.403 1972.989
27.403 1972.989
27.403 1972.989
27.403 1972.989
27.403 1972.989
27.403 1972.989
27.403 1972.989
27.403 1972.989
27.403 1972.989
27.403 1972.989
27.403 1972.989
27.403 1972.989
27.403 1972.989
27.403 1972.989
27.403 1972.989
27.403 1972.989
27.403 8790.370
76.336 1493.443
76.336 1493.443
76.336 1493.443
76.336 1493.443
76.336 1493.443
76.336 1493.443
76.336 1493.443
76.336 1493.443
76.336 1493.443
76.336 1493.443
76.336 1493.443
76.336 1493.443
76.336 1493.443
76.336 1493.443
76.336 1493.443
76.336 1493.443
76.336 1493.443
76.336 1493.443
76.336 1493.443
76.336 1493.443
76.336 1493.443
76.336 8702.290
27.403 1542.376
27.403 1542.376
27.403 1542.376
27.403 1542.376
27.403 1542.376
27.403 1542.376
27.403 1542.376
27.403 1542.376
27.403 1542.376
27.403 1542.376
27.403 1542.376
27.403 1542.376
27.403 1542.376
27.403 1542.376
27.403 1542.376
27.403 1542.376
27.403 1542.376
27.403 1542.376
27.403 1542.376
27.403 1542.376
27.403 1542.376
27.403 1542.376
27.403 8477.197
76.336 1180.270
76.336 1180.270
76.336 1180.270
76.336 1180.270
76.336 1180.270
76.336 1180.270
76.336 1180.270
76.336 1180.270
76.336 1180.270
76.336 1180.270
76.336 1180.270
76.336 1180.270
76.336 1180.270
76.336 1180.270
76.336 1180.270
76.336 1180.270
76.336 1180.270
76.336 1180.270
76.336 1180.270
76.336 1180.270
76.336 1180.270
76.336 1180.270
76.336 1180.270
76.336 1180.270
76.336 1180.270
76.336 1180.270
76.336 1180.270
76.336 8389.117
27.403 1229.203
27.403 1229.203
27.403 1229.203
27.403 1229.203
27.403 1229.203
27.403 1229.203
27.403 1229.203
27.403 1229.203
27.403 1229.203
27.403 1229.203
27.403 1229.203
27.403 1229.203
27.403 1229.203
27.403 1229.203
27.403 1229.203
27.403 1229.203
27.403 1229.203
27.403 1229.203
27.403 1229.203
27.403 1229.203
27.403 1229.203
27.403 1229.203
27.403 1229.203
27.403 1229.203
27.403 1229.203
27.403 1229.203
27.403 1229.203
27.403 1229.203
27.403 8221.766
76.336 925.817
76.336 925.817
76.336 925.817
76.336 925.817
76.336 925.817
76.336 925.817
76.336 925.817
76.336 925.817
76.336 925.817
76.336 925.817
76.336 925.817
76.336 925.817
76.336 925.817
76.336 925.817
76.336 925.817
76.336 925.817
76.336 925.817
76.336 925.817
76.336 925.817
76.336 925.817
76.336 925.817
76.336 925.817
76.336 925.817
76.336 925.817
76.336 925.817
76.336 925.817
76.336 925.817
76.336 925.817
76.336 925.817
76.336 925.817
76.336 925.817
76.336 925.817
76.336 925.817
76.336 925.817
76.336 8133.686
27.403 974.750
27.403 974.750
27.403 974.750
27.403 974.750
27.403 974.750
27.403 974.750
27.403 974.750
27.403 974.750
27.403 974.750
27.403 974.750
27.403 974.750
27.403 974.750
27.403 974.750
27.403 974.750
27.403 974.750
27.403 974.750
27.403 974.750
27.403 974.750
27.403 974.750
27.403 974.750
27.403 974.750
27.403 974.750
27.403 974.750
27.403 974.750
27.403 974.750
27.403 974.750
27.403 974.750
27.403 974.750
27.403 974.750
27.403 974.750
27.403 974.750
27.403 974.750
27.403 974.750
27.403 974.750
27.403 974.750
27.403 8806.029
144.842 1424.936
144.842 1424.936
144.842 1424.936
144.842 1424.936
144.842 1424.936
144.842 1424.936
144.842 1424.936
144.842 1424.936
144.842 1424.936
144.842 1424.936
144.842 1424.936
144.842 1424.936
144.842 1424.936
144.842 1424.936
144.842 1424.936
144.842 1424.936
144.842 1424.936
144.842 1424.936
144.842 1424.936
144.842 1424.936
144.842 1424.936
144.842 8685.653
46.976 1522.803
46.976 1522.803
46.976 1522.803
46.976 1522.803
46.976 1522.803
46.976 1522.803
46.976 1522.803
46.976 1522.803
46.976 1522.803
46.976 1522.803
46.976 1522.803
46.976 1522.803
46.976 1522.803
46.976 1522.803
46.976 1522.803
46.976 1522.803
46.976 1522.803
46.976 1522.803
46.976 1522.803
46.976 1522.803
46.976 1522.803
46.976 1522.803
46.976 8411.627
144.842 1111.764
144.842 1111.764
144.842 1111.764
144.842 1111.764
144.842 1111.764
144.842 1111.764
144.842 1111.764
144.842 1111.764
144.842 1111.764
144.842 1111.764
144.842 1111.764
144.842 1111.764
144.842 1111.764
144.842 1111.764
144.842 1111.764
144.842 1111.764
144.842 1111.764
144.842 1111.764
144.842 1111.764
144.842 1111.764
144.842 1111.764
144.842 1111.764
144.842 1111.764
144.842 1111.764
144.842 1111.764
144.842 1111.764
144.842 1111.764
144.842 8369.544
46.976 1209.630
46.976 1209.630
46.976 1209.630
46.976 1209.630
46.976 1209.630
46.976 1209.630
46.976 1209.630
46.976 1209.630
46.976 1209.630
46.976 1209.630
46.976 1209.630
46.976 1209.630
46.976 1209.630
46.976 1209.630
46.976 1209.630
46.976 1209.630
46.976 1209.630
46.976 1209.630
46.976 1209.630
46.976 1209.630
46.976 1209.630
46.976 1209.630
46.976 1209.630
46.976 1209.630
46.976 1209.630
46.976 1209.630
46.976 1209.630
46.976 1209.630
46.976 7795.068
213.349 910.159
76.336 1263.457
213.349 1400.470
76.336 773.145
213.349 910.159
76.336 282.834
213.349 1400.470
76.336 773.145
213.349 841.652
144.842 910.159
76.336 282.834
213.349 841.652
144.842 910.159
76.336 1822.274
144.842 773.145
213.349 841.652
144.842 910.159
76.336 841.652
144.842 910.159
76.336 910.159
76.336 841.652
144.842 773.145
213.349 841.652
144.842 1400.470
76.336 1822.274
144.842 1263.457
213.349 910.159
76.336 910.159
76.336 841.652
144.842 1263.457
213.349 773.145
213.349 8578.978
56.763 1322.177
154.629 1420.043
56.763 880.799
105.696 831.865
154.629 1420.043
56.763 831.865
154.629 1910.354
56.763 1322.177
154.629 1861.421
105.696 1420.043
56.763 1812.488
154.629 1420.043
56.763 1322.177
154.629 1420.043
56.763 1322.177
154.629 831.865
154.629 1371.110
105.696 1420.043
56.763 831.865
154.629 929.732
56.763 1322.177
154.629 1371.110
105.696 1322.177
154.629 8549.618
86.123 861.225
125.269 939.518
46.976 861.225
125.269 1352.515
125.269 1432.766
46.976 941.476
46.976 863.183
125.269 2376.199
86.123 941.476
46.976 941.476
46.976 863.183
125.269 1393.619
86.123 863.183
125.269 902.329
86.123 1432.766
46.976 863.183
125.269 941.476
46.976 1354.472
125.269 1884.909
86.123 941.476
46.976 863.183
125.269 941.476
46.976 1845.762
125.269 1432.766
46.976 863.183
125.269 902.329
86.123 863.183
125.269 1432.766
46.976 8601.488
37.189 1875.122
95.909 921.903
66.549 1442.552
37.189 892.543
95.909 1933.842
37.189 1383.832
95.909 921.903
66.549 892.543
95.909 2425.132
37.189 892.543
95.909 1399.491
95.909 949.305
37.189 1380.896
95.909 1439.616
37.189 890.585
95.909 949.305
37.189 400.274
95.909 1439.616
37.189 890.585
95.909 919.945
66.549 949.305
37.189 400.274
95.909 919.945
66.549 949.305
37.189 1900.568
66.549 890.585
95.909 919.945
66.549 8112.155
32.296 929.732
56.763 954.198
32.296 954.198
32.296 929.732
56.763 905.265
81.229 929.732
56.763 1444.510
32.296 1910.354
56.763 1395.576
81.229 954.198
32.296 954.198
32.296 929.732
56.763 1395.576
81.229 905.265
81.229 1444.510
32.296 1395.576
81.229 1444.510
32.296 929.732
56.763 905.265
81.229 1444.510
32.296 905.265
81.229 1934.821
32.296 1395.576
81.229 1910.354
56.763 1444.510
32.296 1885.888
81.229 10321.002
27.403 1410.256
66.549 1449.403
27.403 1410.256
66.549 919.945
66.549 1429.830
46.976 1449.403
27.403 919.945
66.549 959.092
27.403 1410.256
66.549 1429.830
46.976 1410.256
66.549 1429.830
46.976 919.945
66.549 959.092
27.403 919.945
66.549 1411.235
66.549 1452.339
27.403 961.049
27.403 921.903
66.549 2415.345
46.976 961.049
27.403 961.049
27.403 921.903
66.549 1432.766
46.976 921.903
66.549 941.476
46.976 8623.997
22.509 936.583
51.869 965.942
22.509 1427.872
51.869 1933.842
37.189 965.942
22.509 936.583
51.869 965.942
22.509 1919.162
51.869 1457.232
22.509 936.583
51.869 951.262
37.189 936.583
51.869 1457.232
22.509 1457.232
22.509 1919.162
51.869 951.262
37.189 1457.232
22.509 936.583
51.869 1948.522
22.509 1427.872
51.869 951.262
37.189 936.583
51.869 2439.812
22.509 936.583
51.869 1443.531
51.869 963.985
22.509 8596.594
37.189 1459.190
17.616 949.305
37.189 968.878
17.616 458.994
37.189 1459.190
17.616 949.305
37.189 959.092
27.403 968.878
17.616 458.994
37.189 959.092
27.403 968.878
17.616 1939.714
27.403 949.305
37.189 959.092
27.403 968.878
17.616 959.092
27.403 968.878
17.616 968.878
17.616 959.092
27.403 949.305
37.189 959.092
27.403 1459.190
17.616 1939.714
27.403 1439.616
37.189 968.878
17.616 968.878
17.616 959.092
27.403 1439.616
37.189 949.305
37.189 1459.190
17.616 8622.040
22.509 1464.083
12.723 968.878
17.616 963.985
22.509 1464.083
12.723 963.985
22.509 1954.394
12.723 1454.296
22.509 1949.501
17.616 1464.083
12.723 1944.608
22.509 1464.083
12.723 1454.296
22.509 1464.083
12.723 1454.296
22.509 963.985
22.509 1459.190
17.616 1464.083
12.723 963.985
22.509 973.772
12.723 1454.296
22.509 1459.190
17.616 1454.296
22.509 1459.190
17.616 963.985
22.509 8130.750
12.723 963.985
22.509 1455.275
22.509 1467.019
12.723 975.729
12.723 965.942
22.509 2444.705
17.616 975.729
12.723 975.729
12.723 965.942
22.509 1462.126
17.616 965.942
22.509 970.836
17.616 1467.019
12.723 965.942
22.509 975.729
12.723 1457.232
22.509 1953.416
17.616 975.729
12.723 965.942
22.509 975.729
12.723 1948.522
22.509 1467.019
12.723 965.942
22.509 970.836
17.616 965.942
22.509 1467.019
12.723 1467.019
12.723 9129.967
7.829 980.622
7.829 1471.912
7.829 980.622
7.829 1963.202
7.829 1471.912
7.829 980.622
7.829 980.622
7.829 2454.492
7.829 980.622
7.829 1487.571
7.829 978.665
7.829 1468.976
7.829 1468.976
7.829 978.665
7.829 978.665
7.829 488.354
7.829 1468.976
7.829 978.665
7.829 978.665
7.829 978.665
7.829 488.354
7.829 978.665
7.829 978.665
7.829 1959.288
7.829 978.665
7.829 978.665
7.829 978.665
7.829 978.665
7.829 9742.611
7.829 978.665
7.829 978.665
7.829 978.665
7.829 978.665
7.829 1468.976
7.829 1959.288
7.829 1468.976
7.829 978.665
7.829 978.665
7.829 978.665
7.829 1468.976
7.829 978.665
7.829 1468.976
7.829 1468.976
7.829 1468.976
7.829 978.665
7.829 978.665
7.829 1468.976
7.829 978.665
7.829 1959.288
7.829 1468.976
7.829 1959.288
7.829 1468.976
7.829 1959.288
7.829 1468.976
7.829 8612.253
7.829 1468.976
7.829 1468.976
7.829 978.665
7.829 1468.976
7.829 1468.976
7.829 978.665
7.829 978.665
7.829 1468.976
7.829 1468.976
7.829 1468.976
7.829 1468.976
7.829 978.665
7.829 978.665
7.829 978.665
7.829 1469.955
7.829 1471.912
7.829 980.622
7.829 980.622
7.829 2454.492
7.829 980.622
7.829 980.622
7.829 980.622
7.829 1471.912
7.829 980.622
7.829 980.622
7.829 1471.912
7.829 980.622
7.829 8124.878
7.829 1471.912
7.829 1963.202
7.829 980.622
7.829 980.622
7.829 980.622
7.829 1963.202
7.829 1471.912
7.829 980.622
7.829 980.622
7.829 980.622
7.829 1471.912
7.829 1471.912
7.829 1963.202
7.829 980.622
7.829 1471.912
7.829 980.622
7.829 1963.202
7.829 1471.912
7.829 980.622
7.829 980.622
7.829 2454.492
7.829 980.622
7.829 1487.571
7.829 978.665
7.829 1468.976
7.829 8613.232
7.829 978.665
7.829 978.665
7.829 488.354
7.829 1468.976
7.829 978.665
7.829 978.665
7.829 978.665
7.829 488.354
7.829 978.665
7.829 978.665
7.829 1959.288
7.829 978.665
7.829 978.665
7.829 978.665
7.829 978.665
7.829 978.665
7.829 978.665
7.829 978.665
7.829 978.665
7.829 978.665
7.829 1468.976
7.829 1959.288
7.829 1468.976
7.829 978.665
7.829 978.665
7.829 978.665
7.829 1468.976
7.829 978.665
7.829 1468.976
7.829 1468.976
7.829 8613.232
7.829 978.665
7.829 978.665
7.829 1468.976
7.829 978.665
7.829 1959.288
7.829 1468.976
7.829 1959.288
7.829 1468.976
7.829 1959.288
7.829 1468.976
7.829 1468.976
7.829 1468.976
7.829 1468.976
7.829 978.665
7.829 1468.976
7.829 1468.976
7.829 978.665
7.829 978.665
7.829 1468.976
7.829 1468.976
7.829 1468.976
7.829 1468.976
7.829 978.665
7.829 978.665
7.829 8121.942
7.829 1469.955
7.829 1471.912
7.829 980.622
7.829 980.622
7.829 2454.492
7.829 980.622
7.829 980.622
7.829 980.622
7.829 1471.912
7.829 980.622
7.829 980.622
7.829 1471.912
7.829 980.622
7.829 980.622
7.829 1471.912
7.829 1963.202
7.829 980.622
7.829 980.622
7.829 980.622
7.829 1963.202
7.829 1471.912
7.829 980.622
7.829 980.622
7.829 980.622
7.829 1471.912
7.829 1471.912
7.829 9108.436
7.829 980.622
7.829 1471.912
7.829 980.622
7.829 1963.202
7.829 1471.912
7.829 980.622
7.829 980.622
7.829 2454.492
7.829 980.622
7.829 1487.571
7.829 978.665
7.829 1468.976
7.829 1468.976
7.829 978.665
7.829 978.665
7.829 488.354
7.829 1468.976
7.829 978.665
7.829 978.665
7.829 978.665
7.829 488.354
7.829 978.665
7.829 978.665
7.829 1959.288
7.829 978.665
7.829 978.665
7.829 978.665
7.829 978.665
7.829 978.665
7.829 8125.856
7.829 978.665
7.829 978.665
7.829 978.665
7.829 1468.976
7.829 1959.288
7.829 1468.976
7.829 978.665
7.829 978.665
7.829 978.665
7.829 1468.976
7.829 978.665
7.829 1468.976
7.829 1468.976
7.829 1468.976
7.829 978.665
7.829 978.665
7.829 1468.976
7.829 978.665
7.829 1959.288
7.829 1468.976
7.829 1959.288
7.829 1468.976
7.829 1959.288
7.829 1468.976
7.829 1468.976
7.829 8613.232
7.829 1468.976
7.829 978.665
7.829 1468.976
7.829 1468.976
7.829 978.665
7.829 978.665
7.829 1468.976
7.829 1468.976
7.829 1468.976
7.829 1468.976
7.829 978.665
7.829 978.665
7.829 978.665
7.829 1469.955
7.829 1471.912
7.829 980.622
7.829 980.622
7.829 2454.492
7.829 980.622
7.829 980.622
7.829 980.622
7.829 1471.912
7.829 980.622
7.829 980.622
7.829 1471.912
7.829 980.622
7.829 980.622
7.829 5986321.198
281.856 19828.734
281.856 71042.278
86.123 20024.467
86.123 69454.884
46.976 20063.613
46.976 69478.372
27.403 20083.187
27.403 69630.065
76.336 20034.253
76.336 69449.012
27.403 20083.187
27.403 69469.564
17.616 20092.973
17.616 69462.713
12.723 20097.867
12.723 749774.907
281.856 19828.734
281.856 69418.673
86.123 20024.467
86.123 69461.734
46.976 20063.613
46.976 72798.004
27.403 20083.187
27.403 69648.659
76.336 20034.253
76.336 71076.532
27.403 20083.187
27.403 69468.585
17.616 20092.973
17.616 69478.372
12.723 20097.867
12.723 744816.990
281.856 19828.734
281.856 69401.057
86.123 20024.467
86.123 69439.225
46.976 20063.613
46.976 69459.777
27.403 20083.187
27.403 69769.035
76.336 20034.253
76.336 69473.478
27.403 20083.187
27.403 69484.243
17.616 20092.973
17.616 69478.372
12.723 20097.867
12.723 744651.595
281.856 19828.734
281.856 69400.078
86.123 20024.467
86.123 69440.204
46.976 20063.613
46.976 69460.756
27.403 20083.187
27.403 69631.043
76.336 20034.253
76.336 69459.777
27.403 20083.187
27.403 69473.478
17.616 20092.973
17.616 69477.393
12.723 20097.867
12.723 3607474.065
281.856 19828.734
281.856 58736.543
86.123 20024.467
86.123 58791.349
46.976 20063.613
46.976 58810.922
27.403 20083.187
27.403 58967.508
76.336 20034.253
76.336 58796.242
27.403 20083.187
27.403 58806.029
17.616 20092.973
17.616 58810.922
12.723 20097.867
12.723 648685.653
281.856 19828.734
281.856 58737.522
86.123 20024.467
86.123 58776.669
46.976 20063.613
46.976 58796.242
27.403 20083.187
27.403 58967.508
76.336 20034.253
76.336 58796.242
27.403 20083.187
27.403 58806.029
17.616 20092.973
17.616 58810.922
12.723 20097.867
12.723 225368.957
42.083 2075.749
42.083 2075.749
42.083 2075.749
42.083 2075.749
42.083 2075.749
42.083 2075.749
42.083 2075.749
42.083 2075.749
42.083 2075.749
42.083 2075.749
42.083 2075.749
42.083 2075.749
42.083 2075.749
42.083 2075.749
42.083 2075.749
42.083 2075.749
42.083 40757.487
32.296 2085.535
32.296 2085.535
32.296 2085.535
32.296 2085.535
32.296 2085.535
32.296 2085.535
32.296 2085.535
32.296 2085.535
32.296 2085.535
32.296 2085.535
32.296 2085.535
32.296 2085.535
32.296 2085.535
32.296 2085.535
32.296 2085.535
32.296 2085.535
32.296 40768.252
42.083 1958.309
42.083 1958.309
42.083 1958.309
42.083 1958.309
42.083 1958.309
42.083 1958.309
42.083 1958.309
42.083 1958.309
42.083 1958.309
42.083 1958.309
42.083 1958.309
42.083 1958.309
42.083 1958.309
42.083 1958.309
42.083 1958.309
42.083 1958.309
42.083 1958.309
42.083 40640.047
32.296 1968.096
32.296 1968.096
32.296 1968.096
32.296 1968.096
32.296 1968.096
32.296 1968.096
32.296 1968.096
32.296 1968.096
32.296 1968.096
32.296 1968.096
32.296 1968.096
32.296 1968.096
32.296 1968.096
32.296 1968.096
32.296 1968.096
32.296 1968.096
32.296 1968.096
32.296 40650.812
42.083 1840.869
42.083 1840.869
42.083 1840.869
42.083 1840.869
42.083 1840.869
42.083 1840.869
42.083 1840.869
42.083 1840.869
42.083 1840.869
42.083 1840.869
42.083 1840.869
42.083 1840.869
42.083 1840.869
42.083 1840.869
42.083 1840.869
42.083 1840.869
42.083 1840.869
42.083 1840.869
42.083 40906.244
32.296 1850.656
32.296 1850.656
32.296 1850.656
32.296 1850.656
32.296 1850.656
32.296 1850.656
32.296 1850.656
32.296 1850.656
32.296 1850.656
32.296 1850.656
32.296 1850.656
32.296 1850.656
32.296 1850.656
32.296 1850.656
32.296 1850.656
32.296 1850.656
32.296 1850.656
32.296 1850.656
32.296 21801.722
281.856 19828.734
281.856 3773.733
42.083 1958.309
42.083 1958.309
42.083 1958.309
42.083 1958.309
42.083 1958.309
42.083 1958.309
42.083 1958.309
42.083 1958.309
42.083 1958.309
42.083 1958.309
42.083 1958.309
42.083 1958.309
42.083 1958.309
42.083 1958.309
42.083 1958.309
42.083 1958.309
42.083 1958.309
42.083 21858.485
86.123 20024.467
86.123 3799.178
32.296 1968.096
32.296 1968.096
32.296 1968.096
32.296 1968.096
32.296 1968.096
32.296 1968.096
32.296 1968.096
32.296 1968.096
32.296 1968.096
32.296 1968.096
32.296 1968.096
32.296 1968.096
32.296 1968.096
32.296 1968.096
32.296 1968.096
32.296 1968.096
32.296 1968.096
32.296 21897.632
46.976 20063.613
46.976 3804.071
27.403 1972.989
27.403 1972.989
27.403 1972.989
27.403 1972.989
27.403 1972.989
27.403 1972.989
27.403 1972.989
27.403 1972.989
27.403 1972.989
27.403 1972.989
27.403 1972.989
27.403 1972.989
27.403 1972.989
27.403 1972.989
27.403 1972.989
27.403 1972.989
27.403 1972.989
27.403 21917.205
27.403 20083.187
27.403 4043.844
22.509 1977.882
22.509 1977.882
22.509 1977.882
22.509 1977.882
22.509 1977.882
22.509 1977.882
22.509 1977.882
22.509 1977.882
22.509 1977.882
22.509 1977.882
22.509 1977.882
22.509 1977.882
22.509 1977.882
22.509 1977.882
22.509 1977.882
22.509 1977.882
22.509 1977.882
22.509 21853.592
76.336 20034.253
76.336 3813.858
17.616 1982.775
17.616 1982.775
17.616 1982.775
17.616 1982.775
17.616 1982.775
17.616 1982.775
17.616 1982.775
17.616 1982.775
17.616 1982.775
17.616 1982.775
17.616 1982.775
17.616 1982.775
17.616 1982.775
17.616 1982.775
17.616 1982.775
17.616 1982.775
17.616 1982.775
17.616 21917.205
27.403 20083.187
27.403 3813.858
17.616 1982.775
17.616 1982.775
17.616 1982.775
17.616 1982.775
17.616 1982.775
17.616 1982.775
17.616 1982.775
17.616 1982.775
17.616 1982.775
17.616 1982.775
17.616 1982.775
17.616 1982.775
17.616 1982.775
17.616 1982.775
17.616 1982.775
17.616 1982.775
17.616 1982.775
17.616 21926.992
17.616 20092.973
17.616 3818.751
12.723 1987.669
12.723 1987.669
12.723 1987.669
12.723 1987.669
12.723 1987.669
12.723 1987.669
12.723 1987.669
12.723 1987.669
12.723 1987.669
12.723 1987.669
12.723 1987.669
12.723 1987.669
12.723 1987.669
12.723 1987.669
12.723 1987.669
12.723 1987.669
12.723 1987.669
12.723 21931.885
12.723 20097.867
12.723 3953.807
12.723 1987.669
12.723 1987.669
12.723 1987.669
12.723 1987.669
12.723 1987.669
12.723 1987.669
12.723 1987.669
12.723 1987.669
12.723 1987.669
12.723 1987.669
12.723 1987.669
12.723 1987.669
12.723 1987.669
12.723 1987.669
12.723 1987.669
12.723 1987.669
12.723 1987.669
12.723 40664.514
7.829 1992.562
7.829 1992.562
7.829 1992.562
7.829 1992.562
7.829 1992.562
7.829 1992.562
7.829 1992.562
7.829 1992.562
7.829 1992.562
7.829 1992.562
7.829 1992.562
7.829 1992.562
7.829 1992.562
7.829 1992.562
7.829 1992.562
7.829 1992.562
7.829 1992.562
7.829 40679.194
7.829 1992.562
7.829 1992.562
7.829 1992.562
7.829 1992.562
7.829 1992.562
7.829 1992.562
7.829 1992.562
7.829 1992.562
7.829 1992.562
7.829 1992.562
7.829 1992.562
7.829 1992.562
7.829 1992.562
7.829 1992.562
7.829 1992.562
7.829 1992.562
7.829 1992.562
7.829 40679.194
7.829 1992.562
7.829 1992.562
7.829 1992.562
7.829 1992.562
7.829 1992.562
7.829 1992.562
7.829 1992.562
7.829 1992.562
7.829 1992.562
7.829 1992.562
7.829 1992.562
7.829 1992.562
7.829 1992.562
7.829 1992.562
7.829 1992.562
7.829 1992.562
7.829 1992.562
7.829 40649.834
7.829 1992.562
7.829 1992.562
7.829 1992.562
7.829 1992.562
7.829 1992.562
7.829 1992.562
7.829 1992.562
7.829 1992.562
7.829 1992.562
7.829 1992.562
7.829 1992.562
7.829 1992.562
7.829 1992.562
7.829 1992.562
7.829 1992.562
7.829 1992.562
7.829 1992.562
7.829 40649.834
7.829 1992.562
7.829 1992.562
7.829 1992.562
7.829 1992.562
7.829 1992.562
7.829 1992.562
7.829 1992.562
7.829 1992.562
7.829 1992.562
7.829 1992.562
7.829 1992.562
7.829 1992.562
7.829 1992.562
7.829 1992.562
7.829 1992.562
7.829 1992.562
7.829 1992.562
7.829 40649.834
7.829 1992.562
7.829 1992.562
7.829 1992.562
7.829 1992.562
7.829 1992.562
7.829 1992.562
7.829 1992.562
7.829 1992.562
7.829 1992.562
7.829 1992.562
7.829 1992.562
7.829 1992.562
7.829 1992.562
7.829 1992.562
7.829 1992.562
7.829 1992.562
7.829 1992.562
7.829 40649.834
7.829 1992.562
7.829 1992.562
7.829 1992.562
7.829 1992.562
7.829 1992.562
7.829 1992.562
7.829 1992.562
7.829 1992.562
7.829 1992.562
7.829 1992.562
7.829 1992.562
7.829 1992.562
7.829 1992.562
7.829 1992.562
7.829 1992.562
7.829 1992.562
7.829 1992.562
7.829 40884.713
7.829 1992.562
7.829 1992.562
7.829 1992.562
7.829 1992.562
7.829 1992.562
7.829 1992.562
7.829 1992.562
7.829 1992.562
7.829 1992.562
7.829 1992.562
7.829 1992.562
7.829 1992.562
7.829 1992.562
7.829 1992.562
7.829 1992.562
7.829 1992.562
7.829 1992.562
7.829 21648.072
281.856 19828.734
281.856 3808.965
7.829 1992.562
7.829 1992.562
7.829 1992.562
7.829 1992.562
7.829 1992.562
7.829 1992.562
7.829 1992.562
7.829 1992.562
7.829 1992.562
7.829 1992.562
7.829 1992.562
7.829 1992.562
7.829 1992.562
7.829 1992.562
7.829 1992.562
7.829 1992.562
7.829 1992.562
7.829 21858.485
86.123 20024.467
86.123 3808.965
7.829 1992.562
7.829 1992.562
7.829 1992.562
7.829 1992.562
7.829 1992.562
7.829 1992.562
7.829 1992.562
7.829 1992.562
7.829 1992.562
7.829 1992.562
7.829 1992.562
7.829 1992.562
7.829 1992.562
7.829 1992.562
7.829 1992.562
7.829 1992.562
7.829 1992.562
7.829 21897.632
46.976 20063.613
46.976 3808.965
7.829 1992.562
7.829 1992.562
7.829 1992.562
7.829 1992.562
7.829 1992.562
7.829 1992.562
7.829 1992.562
7.829 1992.562
7.829 1992.562
7.829 1992.562
7.829 1992.562
7.829 1992.562
7.829 1992.562
7.829 1992.562
7.829 1992.562
7.829 1992.562
7.829 1992.562
7.829 21917.205
27.403 20083.187
27.403 4043.844
7.829 1992.562
7.829 1992.562
7.829 1992.562
7.829 1992.562
7.829 1992.562
7.829 1992.562
7.829 1992.562
7.829 1992.562
7.829 1992.562
7.829 1992.562
7.829 1992.562
7.829 1992.562
7.829 1992.562
7.829 1992.562
7.829 1992.562
7.829 1992.562
7.829 1992.562
7.829 21853.592
76.336 20034.253
76.336 3808.965
7.829 1992.562
7.829 1992.562
7.829 1992.562
7.829 1992.562
7.829 1992.562
7.829 1992.562
7.829 1992.562
7.829 1992.562
7.829 1992.562
7.829 1992.562
7.829 1992.562
7.829 1992.562
7.829 1992.562
7.829 1992.562
7.829 1992.562
7.829 1992.562
7.829 1992.562
7.829 21917.205
27.403 20083.187
27.403 3808.965
7.829 1992.562
7.829 1992.562
7.829 1992.562
7.829 1992.562
7.829 1992.562
7.829 1992.562
7.829 1992.562
7.829 1992.562
7.829 1992.562
7.829 1992.562
7.829 1992.562
7.829 1992.562
7.829 1992.562
7.829 1992.562
7.829 1992.562
7.829 1992.562
7.829 1992.562
7.829 22064.983
17.616 20092.973
17.616 58809.943
12.723 20097.867
12.723 225163.437
42.083 1840.869
42.083 1840.869
42.083 1840.869
42.083 1840.869
42.083 1840.869
42.083 1840.869
42.083 1840.869
42.083 1840.869
42.083 1840.869
42.083 1840.869
42.083 1840.869
42.083 1840.869
42.083 1840.869
42.083 1840.869
42.083 1840.869
42.083 1840.869
42.083 1840.869
42.083 1840.869
42.083 40522.607
32.296 1850.656
32.296 1850.656
32.296 1850.656
32.296 1850.656
32.296 1850.656
32.296 1850.656
32.296 1850.656
32.296 1850.656
32.296 1850.656
32.296 1850.656
32.296 1850.656
32.296 1850.656
32.296 1850.656
32.296 1850.656
32.296 1850.656
32.296 1850.656
32.296 1850.656
32.296 1850.656
32.296 40337.639
42.083 1527.696
42.083 1527.696
42.083 1527.696
42.083 1527.696
42.083 1527.696
42.083 1527.696
42.083 1527.696
42.083 1527.696
42.083 1527.696
42.083 1527.696
42.083 1527.696
42.083 1527.696
42.083 1527.696
42.083 1527.696
42.083 1527.696
42.083 1527.696
42.083 1527.696
42.083 1527.696
42.083 1527.696
42.083 1527.696
42.083 1527.696
42.083 40209.434
32.296 1537.483
32.296 1537.483
32.296 1537.483
32.296 1537.483
32.296 1537.483
32.296 1537.483
32.296 1537.483
32.296 1537.483
32.296 1537.483
32.296 1537.483
32.296 1537.483
32.296 1537.483
32.296 1537.483
32.296 1537.483
32.296 1537.483
32.296 1537.483
32.296 1537.483
32.296 1537.483
32.296 1537.483
32.296 1537.483
32.296 1537.483
32.296 1537.483
32.296 40650.812
42.083 1840.869
42.083 1840.869
42.083 1840.869
42.083 1840.869
42.083 1840.869
42.083 1840.869
42.083 1840.869
42.083 1840.869
42.083 1840.869
42.083 1840.869
42.083 1840.869
42.083 1840.869
42.083 1840.869
42.083 1840.869
42.083 1840.869
42.083 1840.869
42.083 1840.869
42.083 1840.869
42.083 41025.641
32.296 1850.656
32.296 1850.656
32.296 1850.656
32.296 1850.656
32.296 1850.656
32.296 1850.656
32.296 1850.656
32.296 1850.656
32.296 1850.656
32.296 1850.656
32.296 1850.656
32.296 1850.656
32.296 1850.656
32.296 1850.656
32.296 1850.656
32.296 1850.656
32.296 1850.656
32.296 1850.656
32.296 21801.722
281.856 19828.734
281.856 3773.733
42.083 1958.309
42.083 1958.309
42.083 1958.309
42.083 1958.309
42.083 1958.309
42.083 1958.309
42.083 1958.309
42.083 1958.309
42.083 1958.309
42.083 1958.309
42.083 1958.309
42.083 1958.309
42.083 1958.309
42.083 1958.309
42.083 1958.309
42.083 1958.309
42.083 1958.309
42.083 21858.485
86.123 20024.467
86.123 3799.178
32.296 1968.096
32.296 1968.096
32.296 1968.096
32.296 1968.096
32.296 1968.096
32.296 1968.096
32.296 1968.096
32.296 1968.096
32.296 1968.096
32.296 1968.096
32.296 1968.096
32.296 1968.096
32.296 1968.096
32.296 1968.096
32.296 1968.096
32.296 1968.096
32.296 1968.096
32.296 21897.632
46.976 20063.613
46.976 3804.071
27.403 1972.989
27.403 1972.989
27.403 1972.989
27.403 1972.989
27.403 1972.989
27.403 1972.989
27.403 1972.989
27.403 1972.989
27.403 1972.989
27.403 1972.989
27.403 1972.989
27.403 1972.989
27.403 1972.989
27.403 1972.989
27.403 1972.989
27.403 1972.989
27.403 1972.989
27.403 21917.205
27.403 20083.187
27.403 4043.844
22.509 1977.882
22.509 1977.882
22.509 1977.882
22.509 1977.882
22.509 1977.882
22.509 1977.882
22.509 1977.882
22.509 1977.882
22.509 1977.882
22.509 1977.882
22.509 1977.882
22.509 1977.882
22.509 1977.882
22.509 1977.882
22.509 1977.882
22.509 1977.882
22.509 1977.882
22.509 21853.592
76.336 20034.253
76.336 3813.858
17.616 1982.775
17.616 1982.775
17.616 1982.775
17.616 1982.775
17.616 1982.775
17.616 1982.775
17.616 1982.775
17.616 1982.775
17.616 1982.775
17.616 1982.775
17.616 1982.775
17.616 1982.775
17.616 1982.775
17.616 1982.775
17.616 1982.775
17.616 1982.775
17.616 1982.775
17.616 21917.205
27.403 20083.187
27.403 3813.858
17.616 1982.775
17.616 1982.775
17.616 1982.775
17.616 1982.775
17.616 1982.775
17.616 1982.775
17.616 1982.775
17.616 1982.775
17.616 1982.775
17.616 1982.775
17.616 1982.775
17.616 1982.775
17.616 1982.775
17.616 1982.775
17.616 1982.775
17.616 1982.775
17.616 1982.775
17.616 21926.992
17.616 20092.973
17.616 3818.751
12.723 1987.669
12.723 1987.669
12.723 1987.669
12.723 1987.669
12.723 1987.669
12.723 1987.669
12.723 1987.669
12.723 1987.669
12.723 1987.669
12.723 1987.669
12.723 1987.669
12.723 1987.669
12.723 1987.669
12.723 1987.669
12.723 1987.669
12.723 1987.669
12.723 1987.669
12.723 21931.885
12.723 20097.867
12.723 3953.807
12.723 1987.669
12.723 1987.669
12.723 1987.669
12.723 1987.669
12.723 1987.669
12.723 1987.669
12.723 1987.669
12.723 1987.669
12.723 1987.669
12.723 1987.669
12.723 1987.669
12.723 1987.669
12.723 1987.669
12.723 1987.669
12.723 1987.669
12.723 1987.669
12.723 1987.669
12.723 40664.514
7.829 1992.562
7.829 1992.562
7.829 1992.562
7.829 1992.562
7.829 1992.562
7.829 1992.562
7.829 1992.562
7.829 1992.562
7.829 1992.562
7.829 1992.562
7.829 1992.562
7.829 1992.562
7.829 1992.562
7.829 1992.562
7.829 1992.562
7.829 1992.562
7.829 1992.562
7.829 40679.194
7.829 1992.562
7.829 1992.562
7.829 1992.562
7.829 1992.562
7.829 1992.562
7.829 1992.562
7.829 1992.562
7.829 1992.562
7.829 1992.562
7.829 1992.562
7.829 1992.562
7.829 1992.562
7.829 1992.562
7.829 1992.562
7.829 1992.562
7.829 1992.562
7.829 1992.562
7.829 40679.194
7.829 1992.562
7.829 1992.562
7.829 1992.562
7.829 1992.562
7.829 1992.562
7.829 1992.562
7.829 1992.562
7.829 1992.562
7.829 1992.562
7.829 1992.562
7.829 1992.562
7.829 1992.562
7.829 1992.562
7.829 1992.562
7.829 1992.562
7.829 1992.562
7.829 1992.562
7.829 40649.834
7.829 1992.562
7.829 1992.562
7.829 1992.562
7.829 1992.562
7.829 1992.562
7.829 1992.562
7.829 1992.562
7.829 1992.562
7.829 1992.562
7.829 1992.562
7.829 1992.562
7.829 1992.562
7.829 1992.562
7.829 1992.562
7.829 1992.562
7.829 1992.562
7.829 1992.562
7.829 40649.834
7.829 1992.562
7.829 1992.562
7.829 1992.562
7.829 1992.562
7.829 1992.562
7.829 1992.562
7.829 1992.562
7.829 1992.562
7.829 1992.562
7.829 1992.562
7.829 1992.562
7.829 1992.562
7.829 1992.562
7.829 1992.562
7.829 1992.562
7.829 1992.562
7.829 1992.562
7.829 40649.834
7.829 1992.562
7.829 1992.562
7.829 1992.562
7.829 1992.562
7.829 1992.562
7.829 1992.562
7.829 1992.562
7.829 1992.562
7.829 1992.562
7.829 1992.562
7.829 1992.562
7.829 1992.562
7.829 1992.562
7.829 1992.562
7.829 1992.562
7.829 1992.562
7.829 1992.562
7.829 40649.834
7.829 1992.562
7.829 1992.562
7.829 1992.562
7.829 1992.562
7.829 1992.562
7.829 1992.562
7.829 1992.562
7.829 1992.562
7.829 1992.562
7.829 1992.562
7.829 1992.562
7.829 1992.562
7.829 1992.562
7.829 1992.562
7.829 1992.562
7.829 1992.562
7.829 1992.562
7.829 40884.713
7.829 1992.562
7.829 1992.562
7.829 1992.562
7.829 1992.562
7.829 1992.562
7.829 1992.562
7.829 1992.562
7.829 1992.562
7.829 1992.562
7.829 1992.562
7.829 1992.562
7.829 1992.562
7.829 1992.562
7.829 1992.562
7.829 1992.562
7.829 1992.562
7.829 1992.562
7.829 21648.072
281.856 19828.734
281.856 3808.965
7.829 1992.562
7.829 1992.562
7.829 1992.562
7.829 1992.562
7.829 1992.562
7.829 1992.562
7.829 1992.562
7.829 1992.562
7.829 1992.562
7.829 1992.562
7.829 1992.562
7.829 1992.562
7.829 1992.562
7.829 1992.562
7.829 1992.562
7.829 1992.562
7.829 1992.562
7.829 21858.485
86.123 20024.467
86.123 3808.965
7.829 1992.562
7.829 1992.562
7.829 1992.562
7.829 1992.562
7.829 1992.562
7.829 1992.562
7.829 1992.562
7.829 1992.562
7.829 1992.562
7.829 1992.562
7.829 1992.562
7.829 1992.562
7.829 1992.562
7.829 1992.562
7.829 1992.562
7.829 1992.562
7.829 1992.562
7.829 21897.632
46.976 20063.613
46.976 3808.965
7.829 1992.562
7.829 1992.562
7.829 1992.562
7.829 1992.562
7.829 1992.562
7.829 1992.562
7.829 1992.562
7.829 1992.562
7.829 1992.562
7.829 1992.562
7.829 1992.562
7.829 1992.562
7.829 1992.562
7.829 1992.562
7.829 1992.562
7.829 1992.562
7.829 1992.562
7.829 21917.205
27.403 20083.187
27.403 4043.844
7.829 1992.562
7.829 1992.562
7.829 1992.562
7.829 1992.562
7.829 1992.562
7.829 1992.562
7.829 1992.562
7.829 1992.562
7.829 1992.562
7.829 1992.562
7.829 1992.562
7.829 1992.562
7.829 1992.562
7.829 1992.562
7.829 1992.562
7.829 1992.562
7.829 1992.562
7.829 21853.592
76.336 20034.253
76.336 3808.965
7.829 1992.562
7.829 1992.562
7.829 1992.562
7.829 1992.562
7.829 1992.562
7.829 1992.562
7.829 1992.562
7.829 1992.562
7.829 1992.562
7.829 1992.562
7.829 1992.562
7.829 1992.562
7.829 1992.562
7.829 1992.562
7.829 1992.562
7.829 1992.562
7.829 1992.562
7.829 21917.205
27.403 20083.187
27.403 3808.965
7.829 1992.562
7.829 1992.562
7.829 1992.562
7.829 1992.562
7.829 1992.562
7.829 1992.562
7.829 1992.562
7.829 1992.562
7.829 1992.562
7.829 1992.562
7.829 1992.562
7.829 1992.562
7.829 1992.562
7.829 1992.562
7.829 1992.562
7.829 1992.562
7.829 1992.562
7.829 22064.983
17.616 20092.973
17.616 58809.943
12.723 20097.867
12.723 226259.542
42.083 2936.974
42.083 2936.974
42.083 2936.974
42.083 2936.974
42.083 2936.974
42.083 2936.974
42.083 2936.974
42.083 2936.974
42.083 2936.974
42.083 2936.974
42.083 2936.974
42.083 41618.712
32.296 2946.761
32.296 2946.761
32.296 2946.761
32.296 2946.761
32.296 2946.761
32.296 2946.761
32.296 2946.761
32.296 2946.761
32.296 2946.761
32.296 2946.761
32.296 2946.761
32.296 41623.605
27.403 2951.654
27.403 2951.654
27.403 2951.654
27.403 2951.654
27.403 2951.654
27.403 2951.654
27.403 2951.654
27.403 2951.654
27.403 2951.654
27.403 2951.654
27.403 2951.654
27.403 41628.499
22.509 2956.547
22.509 2956.547
22.509 2956.547
22.509 2956.547
22.509 2956.547
22.509 2956.547
22.509 2956.547
22.509 2956.547
22.509 2956.547
22.509 2956.547
22.509 2956.547
22.509 41633.392
17.616 2961.441
17.616 2961.441
17.616 2961.441
17.616 2961.441
17.616 2961.441
17.616 2961.441
17.616 2961.441
17.616 2961.441
17.616 2961.441
17.616 2961.441
17.616 2961.441
17.616 42136.426
17.616 2961.441
17.616 2961.441
17.616 2961.441
17.616 2961.441
17.616 2961.441
17.616 2961.441
17.616 2961.441
17.616 2961.441
17.616 2961.441
17.616 2961.441
17.616 2961.441
17.616 21801.722
281.856 19828.734
281.856 4282.638
42.083 2467.215
42.083 2467.215
42.083 2467.215
42.083 2467.215
42.083 2467.215
42.083 2467.215
42.083 2467.215
42.083 2467.215
42.083 2467.215
42.083 2467.215
42.083 2467.215
42.083 2467.215
42.083 2467.215
42.083 21858.485
86.123 20024.467
86.123 4308.084
32.296 2477.001
32.296 2477.001
32.296 2477.001
32.296 2477.001
32.296 2477.001
32.296 2477.001
32.296 2477.001
32.296 2477.001
32.296 2477.001
32.296 2477.001
32.296 2477.001
32.296 2477.001
32.296 2477.001
32.296 21897.632
46.976 20063.613
46.976 4312.977
27.403 2481.895
27.403 2481.895
27.403 2481.895
27.403 2481.895
27.403 2481.895
27.403 2481.895
27.403 2481.895
27.403 2481.895
27.403 2481.895
27.403 2481.895
27.403 2481.895
27.403 2481.895
27.403 2481.895
27.403 21917.205
27.403 20083.187
27.403 4552.750
22.509 2486.788
22.509 2486.788
22.509 2486.788
22.509 2486.788
22.509 2486.788
22.509 2486.788
22.509 2486.788
22.509 2486.788
22.509 2486.788
22.509 2486.788
22.509 2486.788
22.509 2486.788
22.509 2486.788
22.509 21853.592
76.336 20034.253
76.336 4322.764
17.616 2491.681
17.616 2491.681
17.616 2491.681
17.616 2491.681
17.616 2491.681
17.616 2491.681
17.616 2491.681
17.616 2491.681
17.616 2491.681
17.616 2491.681
17.616 2491.681
17.616 2491.681
17.616 2491.681
17.616 21917.205
27.403 20083.187
27.403 4322.764
17.616 2491.681
17.616 2491.681
17.616 2491.681
17.616 2491.681
17.616 2491.681
17.616 2491.681
17.616 2491.681
17.616 2491.681
17.616 2491.681
17.616 2491.681
17.616 2491.681
17.616 2491.681
17.616 2491.681
17.616 21926.992
17.616 20092.973
17.616 4327.657
12.723 2496.575
12.723 2496.575
12.723 2496.575
12.723 2496.575
12.723 2496.575
12.723 2496.575
12.723 2496.575
12.723 2496.575
12.723 2496.575
12.723 2496.575
12.723 2496.575
12.723 2496.575
12.723 2496.575
12.723 21931.885
12.723 20097.867
12.723 4462.713
12.723 2496.575
12.723 2496.575
12.723 2496.575
12.723 2496.575
12.723 2496.575
12.723 2496.575
12.723 2496.575
12.723 2496.575
12.723 2496.575
12.723 2496.575
12.723 2496.575
12.723 2496.575
12.723 2496.575
12.723 41173.419
7.829 2501.468
7.829 2501.468
7.829 2501.468
7.829 2501.468
7.829 2501.468
7.829 2501.468
7.829 2501.468
7.829 2501.468
7.829 2501.468
7.829 2501.468
7.829 2501.468
7.829 2501.468
7.829 2501.468
7.829 41188.099
7.829 2501.468
7.829 2501.468
7.829 2501.468
7.829 2501.468
7.829 2501.468
7.829 2501.468
7.829 2501.468
7.829 2501.468
7.829 2501.468
7.829 2501.468
7.829 2501.468
7.829 2501.468
7.829 2501.468
7.829 41188.099
7.829 2501.468
7.829 2501.468
7.829 2501.468
7.829 2501.468
7.829 2501.468
7.829 2501.468
7.829 2501.468
7.829 2501.468
7.829 2501.468
7.829 2501.468
7.829 2501.468
7.829 2501.468
7.829 2501.468
7.829 41158.739
7.829 2501.468
7.829 2501.468
7.829 2501.468
7.829 2501.468
7.829 2501.468
7.829 2501.468
7.829 2501.468
7.829 2501.468
7.829 2501.468
7.829 2501.468
7.829 2501.468
7.829 2501.468
7.829 2501.468
7.829 41158.739
7.829 2501.468
7.829 2501.468
7.829 2501.468
7.829 2501.468
7.829 2501.468
7.829 2501.468
7.829 2501.468
7.829 2501.468
7.829 2501.468
7.829 2501.468
7.829 2501.468
7.829 2501.468
7.829 2501.468
7.829 41158.739
7.829 2501.468
7.829 2501.468
7.829 2501.468
7.829 2501.468
7.829 2501.468
7.829 2501.468
7.829 2501.468
7.829 2501.468
7.829 2501.468
7.829 2501.468
7.829 2501.468
7.829 2501.468
7.829 2501.468
7.829 41158.739
7.829 2501.468
7.829 2501.468
7.829 2501.468
7.829 2501.468
7.829 2501.468
7.829 2501.468
7.829 2501.468
7.829 2501.468
7.829 2501.468
7.829 2501.468
7.829 2501.468
7.829 2501.468
7.829 2501.468
7.829 41393.619
7.829 2501.468
7.829 2501.468
7.829 2501.468
7.829 2501.468
7.829 2501.468
7.829 2501.468
7.829 2501.468
7.829 2501.468
7.829 2501.468
7.829 2501.468
7.829 2501.468
7.829 2501.468
7.829 2501.468
7.829 21648.072
281.856 19828.734
281.856 4317.870
7.829 2501.468
7.829 2501.468
7.829 2501.468
7.829 2501.468
7.829 2501.468
7.829 2501.468
7.829 2501.468
7.829 2501.468
7.829 2501.468
7.829 2501.468
7.829 2501.468
7.829 2501.468
7.829 2501.468
7.829 21858.485
86.123 20024.467
86.123 4317.870
7.829 2501.468
7.829 2501.468
7.829 2501.468
7.829 2501.468
7.829 2501.468
7.829 2501.468
7.829 2501.468
7.829 2501.468
7.829 2501.468
7.829 2501.468
7.829 2501.468
7.829 2501.468
7.829 2501.468
7.829 21897.632
46.976 20063.613
46.976 4317.870
7.829 2501.468
7.829 2501.468
7.829 2501.468
7.829 2501.468
7.829 2501.468
7.829 2501.468
7.829 2501.468
7.829 2501.468
7.829 2501.468
7.829 2501.468
7.829 2501.468
7.829 2501.468
7.829 2501.468
7.829 21917.205
27.403 20083.187
27.403 4552.750
7.829 2501.468
7.829 2501.468
7.829 2501.468
7.829 2501.468
7.829 2501.468
7.829 2501.468
7.829 2501.468
7.829 2501.468
7.829 2501.468
7.829 2501.468
7.829 2501.468
7.829 2501.468
7.829 2501.468
7.829 21853.592
76.336 20034.253
76.336 4317.870
7.829 2501.468
7.829 2501.468
7.829 2501.468
7.829 2501.468
7.829 2501.468
7.829 2501.468
7.829 2501.468
7.829 2501.468
7.829 2501.468
7.829 2501.468
7.829 2501.468
7.829 2501.468
7.829 2501.468
7.829 21917.205
27.403 20083.187
27.403 4317.870
7.829 2501.468
7.829 2501.468
7.829 2501.468
7.829 2501.468
7.829 2501.468
7.829 2501.468
7.829 2501.468
7.829 2501.468
7.829 2501.468
7.829 2501.468
7.829 2501.468
7.829 2501.468
7.829 2501.468
7.829 21926.992
17.616 20092.973
17.616 4317.870
7.829 2501.468
7.829 2501.468
7.829 2501.468
7.829 2501.468
7.829 2501.468
7.829 2501.468
7.829 2501.468
7.829 2501.468
7.829 2501.468
7.829 2501.468
7.829 2501.468
7.829 2501.468
7.829 2501.468
7.829 21931.885
12.723 20097.867
12.723 4452.926
7.829 2501.468
7.829 2501.468
7.829 2501.468
7.829 2501.468
7.829 2501.468
7.829 2501.468
7.829 2501.468
7.829 2501.468
7.829 2501.468
7.829 2501.468
7.829 2501.468
7.829 2501.468
7.829 2501.468
7.829 41003.132
42.083 2193.188
42.083 2193.188
42.083 2193.188
42.083 2193.188
42.083 2193.188
42.083 2193.188
42.083 2193.188
42.083 2193.188
42.083 2193.188
42.083 2193.188
42.083 2193.188
42.083 2193.188
42.083 2193.188
42.083 2193.188
42.083 2193.188
42.083 40889.607
32.296 2202.975
32.296 2202.975
32.296 2202.975
32.296 2202.975
32.296 2202.975
32.296 2202.975
32.296 2202.975
32.296 2202.975
32.296 2202.975
32.296 2202.975
32.296 2202.975
32.296 2202.975
32.296 2202.975
32.296 2202.975
32.296 2202.975
32.296 40894.500
27.403 2207.868
27.403 2207.868
27.403 2207.868
27.403 2207.868
27.403 2207.868
27.403 2207.868
27.403 2207.868
27.403 2207.868
27.403 2207.868
27.403 2207.868
27.403 2207.868
27.403 2207.868
27.403 2207.868
27.403 2207.868
27.403 2207.868
27.403 40884.713
22.509 2212.762
22.509 2212.762
22.509 2212.762
22.509 2212.762
22.509 2212.762
22.509 2212.762
22.509 2212.762
22.509 2212.762
22.509 2212.762
22.509 2212.762
22.509 2212.762
22.509 2212.762
22.509 2212.762
22.509 2212.762
22.509 2212.762
22.509 42764.729
42.083 3954.786
42.083 3954.786
42.083 3954.786
42.083 3954.786
42.083 3954.786
42.083 3954.786
42.083 3954.786
42.083 3954.786
42.083 42636.524
32.296 3964.572
32.296 3964.572
32.296 3964.572
32.296 3964.572
32.296 3964.572
32.296 3964.572
32.296 3964.572
32.296 3964.572
32.296 41433.744
42.083 2623.801
42.083 2623.801
42.083 2623.801
42.083 2623.801
42.083 2623.801
42.083 2623.801
42.083 2623.801
42.083 2623.801
42.083 2623.801
42.083 2623.801
42.083 2623.801
42.083 2623.801
42.083 41808.573
32.296 2633.588
32.296 2633.588
32.296 2633.588
32.296 2633.588
32.296 2633.588
32.296 2633.588
32.296 2633.588
32.296 2633.588
32.296 2633.588
32.296 2633.588
32.296 2633.588
32.296 2633.588
32.296 2633.588
32.296 21648.072
281.856 19828.734
281.856 4469.564
27.403 2638.481
27.403 2638.481
27.403 2638.481
27.403 2638.481
27.403 2638.481
27.403 2638.481
27.403 2638.481
27.403 2638.481
27.403 2638.481
27.403 2638.481
27.403 2638.481
27.403 2638.481
27.403 23196.320
86.123 20024.467
86.123 3136.622
22.509 2643.374
22.509 2643.374
22.509 2643.374
22.509 2643.374
22.509 2643.374
22.509 2643.374
22.509 2643.374
22.509 2643.374
22.509 2643.374
22.509 2643.374
22.509 2643.374
22.509 2643.374
22.509 2643.374
22.509 21897.632
46.976 20063.613
46.976 4474.457
22.509 2643.374
22.509 2643.374
22.509 2643.374
22.509 2643.374
22.509 2643.374
22.509 2643.374
22.509 2643.374
22.509 2643.374
22.509 2643.374
22.509 2643.374
22.509 2643.374
22.509 2643.374
22.509 23255.040
27.403 20083.187
27.403 3376.395
17.616 2648.268
17.616 2648.268
17.616 2648.268
17.616 2648.268
17.616 2648.268
17.616 2648.268
17.616 2648.268
17.616 2648.268
17.616 2648.268
17.616 2648.268
17.616 2648.268
17.616 2648.268
17.616 2648.268
17.616 21853.592
76.336 20034.253
76.336 4479.350
17.616 2648.268
17.616 2648.268
17.616 2648.268
17.616 2648.268
17.616 2648.268
17.616 2648.268
17.616 2648.268
17.616 2648.268
17.616 2648.268
17.616 2648.268
17.616 2648.268
17.616 2648.268
17.616 23255.040
27.403 20083.187
27.403 3141.515
17.616 2648.268
17.616 2648.268
17.616 2648.268
17.616 2648.268
17.616 2648.268
17.616 2648.268
17.616 2648.268
17.616 2648.268
17.616 2648.268
17.616 2648.268
17.616 2648.268
17.616 2648.268
17.616 2648.268
17.616 21926.992
17.616 20092.973
17.616 4484.243
12.723 2653.161
12.723 2653.161
12.723 2653.161
12.723 2653.161
12.723 2653.161
12.723 2653.161
12.723 2653.161
12.723 2653.161
12.723 2653.161
12.723 2653.161
12.723 2653.161
12.723 2653.161
12.723 23269.720
12.723 20097.867
12.723 3281.464
12.723 2653.161
12.723 2653.161
12.723 2653.161
12.723 2653.161
12.723 2653.161
12.723 2653.161
12.723 2653.161
12.723 2653.161
12.723 2653.161
12.723 2653.161
12.723 2653.161
12.723 2653.161
12.723 2653.161
12.723 41323.155
12.723 2653.161
12.723 2653.161
12.723 2653.161
12.723 2653.161
12.723 2653.161
12.723 2653.161
12.723 2653.161
12.723 2653.161
12.723 2653.161
12.723 2653.161
12.723 2653.161
12.723 2653.161
12.723 41337.835
12.723 2653.161
12.723 2653.161
12.723 2653.161
12.723 2653.161
12.723 2653.161
12.723 2653.161
12.723 2653.161
12.723 2653.161
12.723 2653.161
12.723 2653.161
12.723 2653.161
12.723 2653.161
12.723 2653.161
12.723 41337.835
12.723 2653.161
12.723 2653.161
12.723 2653.161
12.723 2653.161
12.723 2653.161
12.723 2653.161
12.723 2653.161
12.723 2653.161
12.723 2653.161
12.723 2653.161
12.723 2653.161
12.723 2653.161
12.723 41323.155
12.723 2653.161
12.723 2653.161
12.723 2653.161
12.723 2653.161
12.723 2653.161
12.723 2653.161
12.723 2653.161
12.723 2653.161
12.723 2653.161
12.723 2653.161
12.723 2653.161
12.723 2653.161
12.723 2653.161
12.723 41323.155
12.723 2653.161
12.723 2653.161
12.723 2653.161
12.723 2653.161
12.723 2653.161
12.723 2653.161
12.723 2653.161
12.723 2653.161
12.723 2653.161
12.723 2653.161
12.723 2653.161
12.723 2653.161
12.723 41323.155
12.723 2653.161
12.723 2653.161
12.723 2653.161
12.723 2653.161
12.723 2653.161
12.723 2653.161
12.723 2653.161
12.723 2653.161
12.723 2653.161
12.723 2653.161
12.723 2653.161
12.723 2653.161
12.723 2653.161
12.723 41323.155
12.723 2653.161
12.723 2653.161
12.723 2653.161
12.723 2653.161
12.723 2653.161
12.723 2653.161
12.723 2653.161
12.723 2653.161
12.723 2653.161
12.723 2653.161
12.723 2653.161
12.723 2653.161
12.723 41558.035
12.723 2653.161
12.723 2653.161
12.723 2653.161
12.723 2653.161
12.723 2653.161
12.723 2653.161
12.723 2653.161
12.723 2653.161
12.723 2653.161
12.723 2653.161
12.723 2653.161
12.723 2653.161
12.723 2653.161
12.723 21648.072
281.856 19828.734
281.856 4482.286
12.723 2653.161
12.723 2653.161
12.723 2653.161
12.723 2653.161
12.723 2653.161
12.723 2653.161
12.723 2653.161
12.723 2653.161
12.723 2653.161
12.723 2653.161
12.723 2653.161
12.723 2653.161
12.723 23196.320
86.123 20024.467
86.123 3144.451
12.723 2653.161
12.723 2653.161
12.723 2653.161
12.723 2653.161
12.723 2653.161
12.723 2653.161
12.723 2653.161
12.723 2653.161
12.723 2653.161
12.723 2653.161
12.723 2653.161
12.723 2653.161
12.723 2653.161
12.723 21897.632
46.976 20063.613
46.976 4510.667
12.723 2653.161
12.723 2653.161
12.723 2653.161
12.723 2653.161
12.723 2653.161
12.723 2653.161
12.723 2653.161
12.723 2653.161
12.723 2653.161
12.723 2653.161
12.723 2653.161
12.723 2653.161
12.723 23255.040
27.403 20083.187
27.403 3381.288
12.723 2653.161
12.723 2653.161
12.723 2653.161
12.723 2653.161
12.723 2653.161
12.723 2653.161
12.723 2653.161
12.723 2653.161
12.723 2653.161
12.723 2653.161
12.723 2653.161
12.723 2653.161
12.723 2653.161
12.723 21853.592
76.336 20034.253
76.336 4484.243
12.723 2653.161
12.723 2653.161
12.723 2653.161
12.723 2653.161
12.723 2653.161
12.723 2653.161
12.723 2653.161
12.723 2653.161
12.723 2653.161
12.723 2653.161
12.723 2653.161
12.723 2653.161
12.723 23255.040
27.403 20083.187
27.403 3146.408
12.723 2653.161
12.723 2653.161
12.723 2653.161
12.723 2653.161
12.723 2653.161
12.723 2653.161
12.723 2653.161
12.723 2653.161
12.723 2653.161
12.723 2653.161
12.723 2653.161
12.723 2653.161
12.723 2653.161
12.723 21926.992
17.616 20092.973
17.616 4489.137
7.829 2658.054
7.829 2658.054
7.829 2658.054
7.829 2658.054
7.829 2658.054
7.829 2658.054
7.829 2658.054
7.829 2658.054
7.829 2658.054
7.829 2658.054
7.829 2658.054
7.829 2658.054
7.829 23269.720
12.723 20097.867
12.723 3286.357
7.829 2658.054
7.829 2658.054
7.829 2658.054
7.829 2658.054
7.829 2658.054
7.829 2658.054
7.829 2658.054
7.829 2658.054
7.829 2658.054
7.829 2658.054
7.829 2658.054
7.829 2658.054
7.829 2658.054
7.829 41330.006
7.829 2658.054
7.829 2658.054
7.829 2658.054
7.829 2658.054
7.829 2658.054
7.829 2658.054
7.829 2658.054
7.829 2658.054
7.829 2658.054
7.829 2658.054
7.829 2658.054
7.829 2658.054
7.829 41344.686
7.829 2658.054
7.829 2658.054
7.829 2658.054
7.829 2658.054
7.829 2658.054
7.829 2658.054
7.829 2658.054
7.829 2658.054
7.829 2658.054
7.829 2658.054
7.829 2658.054
7.829 2658.054
7.829 2658.054
7.829 41344.686
7.829 2658.054
7.829 2658.054
7.829 2658.054
7.829 2658.054
7.829 2658.054
7.829 2658.054
7.829 2658.054
7.829 2658.054
7.829 2658.054
7.829 2658.054
7.829 2658.054
7.829 2658.054
7.829 41330.006
7.829 2658.054
7.829 2658.054
7.829 2658.054
7.829 2658.054
7.829 2658.054
7.829 2658.054
7.829 2658.054
7.829 2658.054
7.829 2658.054
7.829 2658.054
7.829 2658.054
7.829 2658.054
7.829 2658.054
7.829 310720.298
144.842 13389.117
144.842 52200.039
46.976 13486.984
46.976 13486.984
46.976 52219.612
27.403 13506.557
27.403 52229.399
17.616 13516.344
17.616 13516.344
17.616 52390.879
76.336 13457.624
76.336 52219.612
27.403 13506.557
27.403 13506.557
27.403 52229.399
17.616 13516.344
17.616 52234.292
12.723 13521.237
12.723 13521.237
12.723 642394.794
144.842 13389.117
144.842 52200.039
46.976 13486.984
46.976 13486.984
46.976 52219.612
27.403 13506.557
27.403 52229.399
17.616 13516.344
17.616 13516.344
17.616 52390.879
76.336 13457.624
76.336 52219.612
27.403 13506.557
27.403 13506.557
27.403 52229.399
17.616 13516.344
17.616 52234.292
12.723 13521.237
12.723 13521.237
12.723 642699.158
281.856 13252.104
281.856 15108.632
281.856 6521.824
281.856 6521.824
281.856 6521.824
281.856 6521.824
281.856 11917.205
86.123 13447.837
86.123 13447.837
86.123 5141.906
86.123 6717.557
86.123 6717.557
86.123 6717.557
86.123 6717.557
86.123 6717.557
86.123 15321.002
46.976 13486.984
46.976 15359.170
46.976 6756.704
46.976 6756.704
46.976 6756.704
46.976 6756.704
46.976 11975.925
27.403 13506.557
27.403 13506.557
27.403 5435.506
27.403 6776.277
27.403 6776.277
27.403 6776.277
27.403 6776.277
27.403 6776.277
27.403 15519.671
76.336 13457.624
76.336 15314.151
76.336 6727.344
76.336 6727.344
76.336 6727.344
76.336 6727.344
76.336 11975.925
27.403 13506.557
27.403 13506.557
27.403 5200.626
27.403 6776.277
27.403 6776.277
27.403 6776.277
27.403 6776.277
27.403 6776.277
27.403 15350.362
17.616 13516.344
17.616 15388.530
17.616 6786.064
17.616 6786.064
17.616 6786.064
17.616 6786.064
17.616 11990.605
12.723 13521.237
12.723 13521.237
12.723 5350.362
12.723 6790.957
12.723 6790.957
12.723 6790.957
12.723 6790.957
12.723 6790.957
12.723 606037.385
281.856 13252.104
281.856 15108.632
281.856 6521.824
281.856 6521.824
281.856 6521.824
281.856 6521.824
281.856 11917.205
86.123 13447.837
86.123 13447.837
86.123 5141.906
86.123 6717.557
86.123 6717.557
86.123 6717.557
86.123 6717.557
86.123 6717.557
86.123 15321.002
46.976 13486.984
46.976 15359.170
46.976 6756.704
46.976 6756.704
46.976 6756.704
46.976 6756.704
46.976 11975.925
27.403 13506.557
27.403 13506.557
27.403 5435.506
27.403 6776.277
27.403 6776.277
27.403 6776.277
27.403 6776.277
27.403 6776.277
27.403 15519.671
76.336 13457.624
76.336 15314.151
76.336 6727.344
76.336 6727.344
76.336 6727.344
76.336 6727.344
76.336 11975.925
27.403 13506.557
27.403 13506.557
27.403 5200.626
27.403 6776.277
27.403 6776.277
27.403 6776.277
27.403 6776.277
27.403 6776.277
27.403 15350.362
17.616 13516.344
17.616 15388.530
17.616 6786.064
17.616 6786.064
17.616 6786.064
17.616 6786.064
17.616 11990.605
12.723 13521.237
12.723 13521.237
12.723 5350.362
12.723 6790.957
12.723 6790.957
12.723 6790.957
12.723 6790.957
12.723 6790.957
12.723 596286.945
281.856 3251.125
144.842 3128.792
281.856 3251.125
144.842 3128.792
281.856 3251.125
144.842 3128.792
281.856 3251.125
144.842 3128.792
281.856 3251.125
144.842 3128.792
281.856 2877.275
281.856 1183.206
144.842 1061.852
281.856 1183.206
144.842 1061.852
281.856 1183.206
144.842 1061.852
281.856 1183.206
144.842 1061.852
281.856 1183.206
144.842 1061.852
281.856 1183.206
144.842 1061.852
281.856 1183.206
144.842 1061.852
281.856 1183.206
144.842 1061.852
281.856 1183.206
144.842 1061.852
281.856 1183.206
144.842 1061.852
281.856 1183.206
144.842 1061.852
281.856 1183.206
144.842 1061.852
281.856 1183.206
144.842 1061.852
281.856 5143.864
86.123 3246.232
164.416 3309.845
86.123 3246.232
164.416 3309.845
86.123 3246.232
164.416 3309.845
86.123 3246.232
164.416 3309.845
86.123 3246.232
164.416 3309.845
86.123 3053.435
105.696 1140.145
203.562 1222.353
105.696 1140.145
203.562 1222.353
105.696 1140.145
203.562 1222.353
105.696 1140.145
203.562 1222.353
105.696 1140.145
203.562 1222.353
105.696 1140.145
203.562 1222.353
105.696 1140.145
203.562 1222.353
105.696 1140.145
203.562 1222.353
105.696 1140.145
203.562 1222.353
105.696 1140.145
203.562 1222.353
105.696 1140.145
203.562 1222.353
105.696 1140.145
203.562 1222.353
105.696 1140.145
203.562 1222.353
105.696 5119.397
125.269 3329.419
66.549 3285.379
125.269 3329.419
66.549 3285.379
125.269 3329.419
66.549 3285.379
125.269 3329.419
66.549 3285.379
125.269 3329.419
66.549 3285.379
125.269 3010.374
164.416 1241.926
86.123 1179.291
164.416 1241.926
86.123 1179.291
164.416 1241.926
86.123 1179.291
164.416 1241.926
86.123 1179.291
164.416 1241.926
86.123 1179.291
164.416 1241.926
86.123 1179.291
164.416 1241.926
86.123 1179.291
164.416 1241.926
86.123 1179.291
164.416 1241.926
86.123 1179.291
164.416 1241.926
86.123 1179.291
164.416 1241.926
86.123 1179.291
164.416 1241.926
86.123 1179.291
164.416 1241.926
86.123 1179.291
164.416 5183.010
46.976 3324.525
86.123 3348.992
46.976 3324.525
86.123 3348.992
46.976 3324.525
86.123 3348.992
46.976 3324.525
86.123 3348.992
46.976 3324.525
86.123 3348.992
46.976 3082.795
76.336 1198.865
144.842 1251.713
76.336 1198.865
144.842 1251.713
76.336 1198.865
144.842 1251.713
76.336 1198.865
144.842 1251.713
76.336 1198.865
144.842 1251.713
76.336 1198.865
144.842 1251.713
76.336 1198.865
144.842 1251.713
76.336 1198.865
144.842 1251.713
76.336 1198.865
144.842 1251.713
76.336 1198.865
144.842 1251.713
76.336 1198.865
144.842 1251.713
76.336 1198.865
144.842 1251.713
76.336 1198.865
144.842 1251.713
76.336 5197.690
46.976 3368.565
27.403 3363.672
46.976 3368.565
27.403 3363.672
46.976 3368.565
27.403 3363.672
46.976 3368.565
27.403 3363.672
46.976 3368.565
27.403 3363.672
46.976 3049.520
125.269 1261.499
66.549 1218.438
125.269 1261.499
66.549 1218.438
125.269 1261.499
66.549 1218.438
125.269 1261.499
66.549 1218.438
125.269 1261.499
66.549 1218.438
125.269 1261.499
66.549 1218.438
125.269 1261.499
66.549 1218.438
125.269 1261.499
66.549 1218.438
125.269 1261.499
66.549 1218.438
125.269 1261.499
66.549 1218.438
125.269 1261.499
66.549 1218.438
125.269 1261.499
66.549 1218.438
125.269 1261.499
66.549 1218.438
125.269 5212.370
17.616 3383.245
27.403 3378.352
17.616 3383.245
27.403 3378.352
17.616 3383.245
27.403 3378.352
17.616 3383.245
27.403 3378.352
17.616 3383.245
27.403 3378.352
17.616 3237.424
56.763 1238.011
105.696 1271.286
56.763 1238.011
105.696 1271.286
56.763 1238.011
105.696 1271.286
56.763 1238.011
105.696 1271.286
56.763 1238.011
105.696 1271.286
56.763 1238.011
105.696 1271.286
56.763 1238.011
105.696 1271.286
56.763 1238.011
105.696 1271.286
56.763 1238.011
105.696 1271.286
56.763 1238.011
105.696 1271.286
56.763 1238.011
105.696 1271.286
56.763 1238.011
105.696 1271.286
56.763 1238.011
105.696 1271.286
56.763 39929.536
86.123 1281.073
46.976 1257.585
86.123 1281.073
46.976 1257.585
86.123 1281.073
46.976 1257.585
86.123 1281.073
46.976 1257.585
86.123 1281.073
46.976 1257.585
86.123 1281.073
46.976 1257.585
86.123 1281.073
46.976 1257.585
86.123 1281.073
46.976 1257.585
86.123 1281.073
46.976 1257.585
86.123 1281.073
46.976 1257.585
86.123 1281.073
46.976 1257.585
86.123 1281.073
46.976 1257.585
86.123 1281.073
46.976 1257.585
86.123 39967.704
46.976 1257.585
86.123 1281.073
46.976 1257.585
86.123 1281.073
46.976 1257.585
86.123 1281.073
46.976 1257.585
86.123 1281.073
46.976 1257.585
86.123 1281.073
46.976 1257.585
86.123 1281.073
46.976 1257.585
86.123 1281.073
46.976 1257.585
86.123 1281.073
46.976 1257.585
86.123 1281.073
46.976 1257.585
86.123 1281.073
46.976 1257.585
86.123 1281.073
46.976 1257.585
86.123 1281.073
46.976 1257.585
86.123 1281.073
46.976 39963.789
66.549 1290.859
37.189 1277.158
66.549 1290.859
37.189 1277.158
66.549 1290.859
37.189 1277.158
66.549 1290.859
37.189 1277.158
66.549 1290.859
37.189 1277.158
66.549 1290.859
37.189 1277.158
66.549 1290.859
37.189 1277.158
66.549 1290.859
37.189 1277.158
66.549 1290.859
37.189 1277.158
66.549 1290.859
37.189 1277.158
66.549 1290.859
37.189 1277.158
66.549 1290.859
37.189 1277.158
66.549 1290.859
37.189 1277.158
66.549 39962.811
37.189 1277.158
66.549 1290.859
37.189 1277.158
66.549 1290.859
37.189 1277.158
66.549 1290.859
37.189 1277.158
66.549 1290.859
37.189 1277.158
66.549 1290.859
37.189 1277.158
66.549 1290.859
37.189 1277.158
66.549 1290.859
37.189 1277.158
66.549 1290.859
37.189 1277.158
66.549 1290.859
37.189 1277.158
66.549 1290.859
37.189 1277.158
66.549 1290.859
37.189 1277.158
66.549 1290.859
37.189 1277.158
66.549 1290.859
37.189 39947.152
66.549 1290.859
37.189 1277.158
66.549 1290.859
37.189 1277.158
66.549 1290.859
37.189 1277.158
66.549 1290.859
37.189 1277.158
66.549 1290.859
37.189 1277.158
66.549 1290.859
37.189 1277.158
66.549 1290.859
37.189 1277.158
66.549 1290.859
37.189 1277.158
66.549 1290.859
37.189 1277.158
66.549 1290.859
37.189 1277.158
66.549 1290.859
37.189 1277.158
66.549 1290.859
37.189 1277.158
66.549 1290.859
37.189 1277.158
66.549 40195.733
37.189 1277.158
66.549 1290.859
37.189 1277.158
66.549 1290.859
37.189 1277.158
66.549 1290.859
37.189 1277.158
66.549 1290.859
37.189 1277.158
66.549 1290.859
37.189 1277.158
66.549 1290.859
37.189 1277.158
66.549 1290.859
37.189 1277.158
66.549 1290.859
37.189 1277.158
66.549 1290.859
37.189 1277.158
66.549 1290.859
37.189 1277.158
66.549 1290.859
37.189 1277.158
66.549 1290.859
37.189 1277.158
66.549 1290.859
37.189 4948.131
281.856 3251.125
144.842 3128.792
281.856 3251.125
144.842 3128.792
281.856 3251.125
144.842 3128.792
281.856 3251.125
144.842 3128.792
281.856 3251.125
144.842 3128.792
281.856 3106.283
66.549 1290.859
37.189 1277.158
66.549 1290.859
37.189 1277.158
66.549 1290.859
37.189 1277.158
66.549 1290.859
37.189 1277.158
66.549 1290.859
37.189 1277.158
66.549 1290.859
37.189 1277.158
66.549 1290.859
37.189 1277.158
66.549 1290.859
37.189 1277.158
66.549 1290.859
37.189 1277.158
66.549 1290.859
37.189 1277.158
66.549 1290.859
37.189 1277.158
66.549 1290.859
37.189 1277.158
66.549 1290.859
37.189 1277.158
66.549 5143.864
86.123 3246.232
164.416 3309.845
86.123 3246.232
164.416 3309.845
86.123 3246.232
164.416 3309.845
86.123 3246.232
164.416 3309.845
86.123 3246.232
164.416 3309.845
86.123 3119.984
37.189 1277.158
66.549 1290.859
37.189 1277.158
66.549 1290.859
37.189 1277.158
66.549 1290.859
37.189 1277.158
66.549 1290.859
37.189 1277.158
66.549 1290.859
37.189 1277.158
66.549 1290.859
37.189 1277.158
66.549 1290.859
37.189 1277.158
66.549 1290.859
37.189 1277.158
66.549 1290.859
37.189 1277.158
66.549 1290.859
37.189 1277.158
66.549 1290.859
37.189 1277.158
66.549 1290.859
37.189 1277.158
66.549 1290.859
37.189 5119.397
125.269 3329.419
66.549 3285.379
125.269 3329.419
66.549 3285.379
125.269 3329.419
66.549 3285.379
125.269 3329.419
66.549 3285.379
125.269 3329.419
66.549 3285.379
125.269 3106.283
66.549 1290.859
37.189 1277.158
66.549 1290.859
37.189 1277.158
66.549 1290.859
37.189 1277.158
66.549 1290.859
37.189 1277.158
66.549 1290.859
37.189 1277.158
66.549 1290.859
37.189 1277.158
66.549 1290.859
37.189 1277.158
66.549 1290.859
37.189 1277.158
66.549 1290.859
37.189 1277.158
66.549 1290.859
37.189 1277.158
66.549 1290.859
37.189 1277.158
66.549 1290.859
37.189 1277.158
66.549 1290.859
37.189 1277.158
66.549 5183.010
46.976 3324.525
86.123 3348.992
46.976 3324.525
86.123 3348.992
46.976 3324.525
86.123 3348.992
46.976 3324.525
86.123 3348.992
46.976 3324.525
86.123 3348.992
46.976 3119.984
37.189 1277.158
66.549 1290.859
37.189 1277.158
66.549 1290.859
37.189 1277.158
66.549 1290.859
37.189 1277.158
66.549 1290.859
37.189 1277.158
66.549 1290.859
37.189 1277.158
66.549 1290.859
37.189 1277.158
66.549 1290.859
37.189 1277.158
66.549 1290.859
37.189 1277.158
66.549 1290.859
37.189 1277.158
66.549 1290.859
37.189 1277.158
66.549 1290.859
37.189 1277.158
66.549 1290.859
37.189 1277.158
66.549 1290.859
37.189 5197.690
46.976 3368.565
27.403 3363.672
46.976 3368.565
27.403 3363.672
46.976 3368.565
27.403 3363.672
46.976 3368.565
27.403 3363.672
46.976 3368.565
27.403 3363.672
46.976 3106.283
66.549 1290.859
37.189 1277.158
66.549 1290.859
37.189 1277.158
66.549 1290.859
37.189 1277.158
66.549 1290.859
37.189 1277.158
66.549 1290.859
37.189 1277.158
66.549 1290.859
37.189 1277.158
66.549 1290.859
37.189 1277.158
66.549 1290.859
37.189 1277.158
66.549 1290.859
37.189 1277.158
66.549 1290.859
37.189 1277.158
66.549 1290.859
37.189 1277.158
66.549 1290.859
37.189 1277.158
66.549 1290.859
37.189 1277.158
66.549 5212.370
17.616 3383.245
27.403 3378.352
17.616 3383.245
27.403 3378.352
17.616 3383.245
27.403 3378.352
17.616 3383.245
27.403 3378.352
17.616 3383.245
27.403 3378.352
17.616 3255.040
37.189 1277.158
66.549 1290.859
37.189 1277.158
66.549 1290.859
37.189 1277.158
66.549 1290.859
37.189 1277.158
66.549 1290.859
37.189 1277.158
66.549 1290.859
37.189 1277.158
66.549 1290.859
37.189 1277.158
66.549 1290.859
37.189 1277.158
66.549 1290.859
37.189 1277.158
66.549 1290.859
37.189 1277.158
66.549 1290.859
37.189 1277.158
66.549 1290.859
37.189 1277.158
66.549 1290.859
37.189 1277.158
66.549 1290.859
37.189 39947.152
66.549 1290.859
37.189 1277.158
66.549 1290.859
37.189 1277.158
66.549 1290.859
37.189 1277.158
66.549 1290.859
37.189 1277.158
66.549 1290.859
37.189 1277.158
66.549 1290.859
37.189 1277.158
66.549 1290.859
37.189 1277.158
66.549 1290.859
37.189 1277.158
66.549 1290.859
37.189 1277.158
66.549 1290.859
37.189 1277.158
66.549 1290.859
37.189 1277.158
66.549 1290.859
37.189 1277.158
66.549 1290.859
37.189 1277.158
66.549 39975.533
37.189 1277.158
66.549 1290.859
37.189 1277.158
66.549 1290.859
37.189 1277.158
66.549 1290.859
37.189 1277.158
66.549 1290.859
37.189 1277.158
66.549 1290.859
37.189 1277.158
66.549 1290.859
37.189 1277.158
66.549 1290.859
37.189 1277.158
66.549 1290.859
37.189 1277.158
66.549 1290.859
37.189 1277.158
66.549 1290.859
37.189 1277.158
66.549 1290.859
37.189 1277.158
66.549 1290.859
37.189 1277.158
66.549 1290.859
37.189 40009.787
46.976 1300.646
27.403 1296.731
46.976 1300.646
27.403 1296.731
46.976 1300.646
27.403 1296.731
46.976 1300.646
27.403 1296.731
46.976 1300.646
27.403 1296.731
46.976 1300.646
27.403 1296.731
46.976 1300.646
27.403 1296.731
46.976 1300.646
27.403 1296.731
46.976 1300.646
27.403 1296.731
46.976 1300.646
27.403 1296.731
46.976 1300.646
27.403 1296.731
46.976 1300.646
27.403 1296.731
46.976 1300.646
27.403 1296.731
46.976 39972.597
27.403 1296.731
46.976 1300.646
27.403 1296.731
46.976 1300.646
27.403 1296.731
46.976 1300.646
27.403 1296.731
46.976 1300.646
27.403 1296.731
46.976 1300.646
27.403 1296.731
46.976 1300.646
27.403 1296.731
46.976 1300.646
27.403 1296.731
46.976 1300.646
27.403 1296.731
46.976 1300.646
27.403 1296.731
46.976 1300.646
27.403 1296.731
46.976 1300.646
27.403 1296.731
46.976 1300.646
27.403 1296.731
46.976 1300.646
27.403 39968.683
46.976 1300.646
27.403 1296.731
46.976 1300.646
27.403 1296.731
46.976 1300.646
27.403 1296.731
46.976 1300.646
27.403 1296.731
46.976 1300.646
27.403 1296.731
46.976 1300.646
27.403 1296.731
46.976 1300.646
27.403 1296.731
46.976 1300.646
27.403 1296.731
46.976 1300.646
27.403 1296.731
46.976 1300.646
27.403 1296.731
46.976 1300.646
27.403 1296.731
46.976 1300.646
27.403 1296.731
46.976 1300.646
27.403 1296.731
46.976 40128.205
27.403 1296.731
46.976 1300.646
27.403 1296.731
46.976 1300.646
27.403 1296.731
46.976 1300.646
27.403 1296.731
46.976 1300.646
27.403 1296.731
46.976 1300.646
27.403 1296.731
46.976 1300.646
27.403 1296.731
46.976 1300.646
27.403 1296.731
46.976 1300.646
27.403 1296.731
46.976 1300.646
27.403 1296.731
46.976 1300.646
27.403 1296.731
46.976 1300.646
27.403 1296.731
46.976 1300.646
27.403 1296.731
46.976 1300.646
27.403 4243.492
281.856 2546.487
144.842 2424.153
281.856 2546.487
144.842 2424.153
281.856 2546.487
144.842 2424.153
281.856 2546.487
144.842 2424.153
281.856 2546.487
144.842 2424.153
281.856 2546.487
144.842 2424.153
281.856 3147.387
27.403 1310.433
17.616 1316.305
27.403 1310.433
17.616 1316.305
27.403 1310.433
17.616 1316.305
27.403 1310.433
17.616 1316.305
27.403 1310.433
17.616 1316.305
27.403 1310.433
17.616 1316.305
27.403 1310.433
17.616 1316.305
27.403 1310.433
17.616 1316.305
27.403 1310.433
17.616 1316.305
27.403 1310.433
17.616 1316.305
27.403 1310.433
17.616 1316.305
27.403 1310.433
17.616 1316.305
27.403 1310.433
17.616 1316.305
27.403 4439.225
86.123 2541.593
164.416 2605.206
86.123 2541.593
164.416 2605.206
86.123 2541.593
164.416 2605.206
86.123 2541.593
164.416 2605.206
86.123 2541.593
164.416 2605.206
86.123 2541.593
164.416 2605.206
86.123 3297.123
17.616 1316.305
27.403 1310.433
17.616 1316.305
27.403 1310.433
17.616 1316.305
27.403 1310.433
17.616 1316.305
27.403 1310.433
17.616 1316.305
27.403 1310.433
17.616 1316.305
27.403 1310.433
17.616 1316.305
27.403 1310.433
17.616 1316.305
27.403 1310.433
17.616 1316.305
27.403 1310.433
17.616 1316.305
27.403 1310.433
17.616 1316.305
27.403 1310.433
17.616 1316.305
27.403 1310.433
17.616 1316.305
27.403 1310.433
17.616 4243.492
281.856 2546.487
144.842 2424.153
281.856 2546.487
144.842 2424.153
281.856 2546.487
144.842 2424.153
281.856 2546.487
144.842 2424.153
281.856 2546.487
144.842 2424.153
281.856 2546.487
144.842 2424.153
281.856 3147.387
27.403 1310.433
17.616 1316.305
27.403 1310.433
17.616 1316.305
27.403 1310.433
17.616 1316.305
27.403 1310.433
17.616 1316.305
27.403 1310.433
17.616 1316.305
27.403 1310.433
17.616 1316.305
27.403 1310.433
17.616 1316.305
27.403 1310.433
17.616 1316.305
27.403 1310.433
17.616 1316.305
27.403 1310.433
17.616 1316.305
27.403 1310.433
17.616 1316.305
27.403 1310.433
17.616 1316.305
27.403 1310.433
17.616 1316.305
27.403 4439.225
86.123 2541.593
164.416 2605.206
86.123 2541.593
164.416 2605.206
86.123 2541.593
164.416 2605.206
86.123 2541.593
164.416 2605.206
86.123 2541.593
164.416 2605.206
86.123 2541.593
164.416 2605.206
86.123 3297.123
17.616 1316.305
27.403 1310.433
17.616 1316.305
27.403 1310.433
17.616 1316.305
27.403 1310.433
17.616 1316.305
27.403 1310.433
17.616 1316.305
27.403 1310.433
17.616 1316.305
27.403 1310.433
17.616 1316.305
27.403 1310.433
17.616 1316.305
27.403 1310.433
17.616 1316.305
27.403 1310.433
17.616 1316.305
27.403 1310.433
17.616 1316.305
27.403 1310.433
17.616 1316.305
27.403 1310.433
17.616 1316.305
27.403 1310.433
17.616 4243.492
281.856 2546.487
144.842 2424.153
281.856 2546.487
144.842 2424.153
281.856 2546.487
144.842 2424.153
281.856 2546.487
144.842 2424.153
281.856 2546.487
144.842 2424.153
281.856 2546.487
144.842 2424.153
281.856 3147.387
27.403 1310.433
17.616 1316.305
27.403 1310.433
17.616 1316.305
27.403 1310.433
17.616 1316.305
27.403 1310.433
17.616 1316.305
27.403 1310.433
17.616 1316.305
27.403 1310.433
17.616 1316.305
27.403 1310.433
17.616 1316.305
27.403 1310.433
17.616 1316.305
27.403 1310.433
17.616 1316.305
27.403 1310.433
17.616 1316.305
27.403 1310.433
17.616 1316.305
27.403 1310.433
17.616 1316.305
27.403 1310.433
17.616 1316.305
27.403 4439.225
86.123 2541.593
164.416 2605.206
86.123 2541.593
164.416 2605.206
86.123 2541.593
164.416 2605.206
86.123 2541.593
164.416 2605.206
86.123 2541.593
164.416 2605.206
86.123 2541.593
164.416 2605.206
86.123 3306.909
7.829 1335.878
7.829 1320.219
7.829 1335.878
7.829 1320.219
7.829 1335.878
7.829 1320.219
7.829 1335.878
7.829 1320.219
7.829 1335.878
7.829 1320.219
7.829 1335.878
7.829 1320.219
7.829 1335.878
7.829 1320.219
7.829 1335.878
7.829 1320.219
7.829 1335.878
7.829 1320.219
7.829 1335.878
7.829 1320.219
7.829 1335.878
7.829 1320.219
7.829 1335.878
7.829 1320.219
7.829 1335.878
7.829 1320.219
7.829 4397.142
281.856 2546.487
144.842 2424.153
281.856 2546.487
144.842 2424.153
281.856 2546.487
144.842 2424.153
281.856 2546.487
144.842 2424.153
281.856 2546.487
144.842 2424.153
281.856 2546.487
144.842 2424.153
281.856 2603.249
281.856 909.180
144.842 787.825
281.856 909.180
144.842 787.825
281.856 909.180
144.842 787.825
281.856 909.180
144.842 787.825
281.856 909.180
144.842 787.825
281.856 909.180
144.842 787.825
281.856 909.180
144.842 787.825
281.856 909.180
144.842 787.825
281.856 909.180
144.842 787.825
281.856 909.180
144.842 787.825
281.856 909.180
144.842 787.825
281.856 909.180
144.842 787.825
281.856 909.180
144.842 787.825
281.856 909.180
144.842 787.825
281.856 909.180
144.842 787.825
281.856 909.180
144.842 787.825
281.856 909.180
144.842 4439.225
86.123 2541.593
164.416 2605.206
86.123 2541.593
164.416 2605.206
86.123 2541.593
164.416 2605.206
86.123 2541.593
164.416 2605.206
86.123 2541.593
164.416 2605.206
86.123 2541.593
164.416 2605.206
86.123 2697.201
203.562 948.326
105.696 866.119
203.562 948.326
105.696 866.119
203.562 948.326
105.696 866.119
203.562 948.326
105.696 866.119
203.562 948.326
105.696 866.119
203.562 948.326
105.696 866.119
203.562 948.326
105.696 866.119
203.562 948.326
105.696 866.119
203.562 948.326
105.696 866.119
203.562 948.326
105.696 866.119
203.562 948.326
105.696 866.119
203.562 948.326
105.696 866.119
203.562 948.326
105.696 866.119
203.562 948.326
105.696 866.119
203.562 948.326
105.696 866.119
203.562 948.326
105.696 866.119
203.562 948.326
105.696 4414.758
125.269 2624.780
66.549 2580.740
125.269 2624.780
66.549 2580.740
125.269 2624.780
66.549 2580.740
125.269 2624.780
66.549 2580.740
125.269 2624.780
66.549 2580.740
125.269 2624.780
66.549 2580.740
125.269 2736.348
164.416 967.900
86.123 905.265
164.416 967.900
86.123 905.265
164.416 967.900
86.123 905.265
164.416 967.900
86.123 905.265
164.416 967.900
86.123 905.265
164.416 967.900
86.123 905.265
164.416 967.900
86.123 905.265
164.416 967.900
86.123 905.265
164.416 967.900
86.123 905.265
164.416 967.900
86.123 905.265
164.416 967.900
86.123 905.265
164.416 967.900
86.123 905.265
164.416 967.900
86.123 905.265
164.416 967.900
86.123 905.265
164.416 967.900
86.123 905.265
164.416 967.900
86.123 905.265
164.416 967.900
86.123 4478.372
46.976 2619.886
86.123 2644.353
46.976 2619.886
86.123 2644.353
46.976 2619.886
86.123 2644.353
46.976 2619.886
86.123 2644.353
46.976 2619.886
86.123 2644.353
46.976 2619.886
86.123 2644.353
46.976 2890.977
144.842 977.686
76.336 924.839
144.842 977.686
76.336 924.839
144.842 977.686
76.336 924.839
144.842 977.686
76.336 924.839
144.842 977.686
76.336 924.839
144.842 977.686
76.336 924.839
144.842 977.686
76.336 924.839
144.842 977.686
76.336 924.839
144.842 977.686
76.336 924.839
144.842 977.686
76.336 924.839
144.842 977.686
76.336 924.839
144.842 977.686
76.336 924.839
144.842 977.686
76.336 924.839
144.842 977.686
76.336 924.839
144.842 977.686
76.336 924.839
144.842 977.686
76.336 924.839
144.842 977.686
76.336 39616.363
125.269 987.473
66.549 944.412
125.269 987.473
66.549 944.412
125.269 987.473
66.549 944.412
125.269 987.473
66.549 944.412
125.269 987.473
66.549 944.412
125.269 987.473
66.549 944.412
125.269 987.473
66.549 944.412
125.269 987.473
66.549 944.412
125.269 987.473
66.549 944.412
125.269 987.473
66.549 944.412
125.269 987.473
66.549 944.412
125.269 987.473
66.549 944.412
125.269 987.473
66.549 944.412
125.269 987.473
66.549 944.412
125.269 987.473
66.549 944.412
125.269 987.473
66.549 944.412
125.269 987.473
66.549 39806.224
105.696 997.260
56.763 963.985
105.696 997.260
56.763 963.985
105.696 997.260
56.763 963.985
105.696 997.260
56.763 963.985
105.696 997.260
56.763 963.985
105.696 997.260
56.763 963.985
105.696 997.260
56.763 963.985
105.696 997.260
56.763 963.985
105.696 997.260
56.763 963.985
105.696 997.260
56.763 963.985
105.696 997.260
56.763 963.985
105.696 997.260
56.763 963.985
105.696 997.260
56.763 963.985
105.696 997.260
56.763 963.985
105.696 997.260
56.763 963.985
105.696 997.260
56.763 963.985
105.696 997.260
56.763 4243.492
281.856 2546.487
144.842 2424.153
281.856 2546.487
144.842 2424.153
281.856 2546.487
144.842 2424.153
281.856 2546.487
144.842 2424.153
281.856 2546.487
144.842 2424.153
281.856 2546.487
144.842 2424.153
281.856 2814.641
86.123 1007.046
46.976 983.558
86.123 1007.046
46.976 983.558
86.123 1007.046
46.976 983.558
86.123 1007.046
46.976 983.558
86.123 1007.046
46.976 983.558
86.123 1007.046
46.976 983.558
86.123 1007.046
46.976 983.558
86.123 1007.046
46.976 983.558
86.123 1007.046
46.976 983.558
86.123 1007.046
46.976 983.558
86.123 1007.046
46.976 983.558
86.123 1007.046
46.976 983.558
86.123 1007.046
46.976 983.558
86.123 1007.046
46.976 983.558
86.123 1007.046
46.976 983.558
86.123 1007.046
46.976 983.558
86.123 1007.046
46.976 4439.225
86.123 2541.593
164.416 2605.206
86.123 2541.593
164.416 2605.206
86.123 2541.593
164.416 2605.206
86.123 2541.593
164.416 2605.206
86.123 2541.593
164.416 2605.206
86.123 2541.593
164.416 2605.206
86.123 2814.641
86.123 1007.046
46.976 983.558
86.123 1007.046
46.976 983.558
86.123 1007.046
46.976 983.558
86.123 1007.046
46.976 983.558
86.123 1007.046
46.976 983.558
86.123 1007.046
46.976 983.558
86.123 1007.046
46.976 983.558
86.123 1007.046
46.976 983.558
86.123 1007.046
46.976 983.558
86.123 1007.046
46.976 983.558
86.123 1007.046
46.976 983.558
86.123 1007.046
46.976 983.558
86.123 1007.046
46.976 983.558
86.123 1007.046
46.976 983.558
86.123 1007.046
46.976 983.558
86.123 1007.046
46.976 983.558
86.123 1007.046
46.976 4414.758
125.269 2624.780
66.549 2580.740
125.269 2624.780
66.549 2580.740
125.269 2624.780
66.549 2580.740
125.269 2624.780
66.549 2580.740
125.269 2624.780
66.549 2580.740
125.269 2624.780
66.549 2580.740
125.269 2834.214
66.549 1016.833
37.189 1003.132
66.549 1016.833
37.189 1003.132
66.549 1016.833
37.189 1003.132
66.549 1016.833
37.189 1003.132
66.549 1016.833
37.189 1003.132
66.549 1016.833
37.189 1003.132
66.549 1016.833
37.189 1003.132
66.549 1016.833
37.189 1003.132
66.549 1016.833
37.189 1003.132
66.549 1016.833
37.189 1003.132
66.549 1016.833
37.189 1003.132
66.549 1016.833
37.189 1003.132
66.549 1016.833
37.189 1003.132
66.549 1016.833
37.189 1003.132
66.549 1016.833
37.189 1003.132
66.549 1016.833
37.189 1003.132
66.549 1016.833
37.189 4478.372
46.976 2619.886
86.123 2644.353
46.976 2619.886
86.123 2644.353
46.976 2619.886
86.123 2644.353
46.976 2619.886
86.123 2644.353
46.976 2619.886
86.123 2644.353
46.976 2619.886
86.123 2644.353
46.976 2969.270
66.549 1016.833
37.189 1003.132
66.549 1016.833
37.189 1003.132
66.549 1016.833
37.189 1003.132
66.549 1016.833
37.189 1003.132
66.549 1016.833
37.189 1003.132
66.549 1016.833
37.189 1003.132
66.549 1016.833
37.189 1003.132
66.549 1016.833
37.189 1003.132
66.549 1016.833
37.189 1003.132
66.549 1016.833
37.189 1003.132
66.549 1016.833
37.189 1003.132
66.549 1016.833
37.189 1003.132
66.549 1016.833
37.189 1003.132
66.549 1016.833
37.189 1003.132
66.549 1016.833
37.189 1003.132
66.549 1016.833
37.189 1003.132
66.549 1016.833
37.189 39721.080
46.976 1026.620
27.403 1022.705
46.976 1026.620
27.403 1022.705
46.976 1026.620
27.403 1022.705
46.976 1026.620
27.403 1022.705
46.976 1026.620
27.403 1022.705
46.976 1026.620
27.403 1022.705
46.976 1026.620
27.403 1022.705
46.976 1026.620
27.403 1022.705
46.976 1026.620
27.403 1022.705
46.976 1026.620
27.403 1022.705
46.976 1026.620
27.403 1022.705
46.976 1026.620
27.403 1022.705
46.976 1026.620
27.403 1022.705
46.976 1026.620
27.403 1022.705
46.976 1026.620
27.403 1022.705
46.976 1026.620
27.403 1022.705
46.976 1026.620
27.403 39864.944
46.976 1026.620
27.403 1022.705
46.976 1026.620
27.403 1022.705
46.976 1026.620
27.403 1022.705
46.976 1026.620
27.403 1022.705
46.976 1026.620
27.403 1022.705
46.976 1026.620
27.403 1022.705
46.976 1026.620
27.403 1022.705
46.976 1026.620
27.403 1022.705
46.976 1026.620
27.403 1022.705
46.976 1026.620
27.403 1022.705
46.976 1026.620
27.403 1022.705
46.976 1026.620
27.403 1022.705
46.976 1026.620
27.403 1022.705
46.976 1026.620
27.403 1022.705
46.976 1026.620
27.403 1022.705
46.976 1026.620
27.403 1022.705
46.976 1026.620
27.403 5728.127
281.856 3877.471
144.842 3755.138
281.856 3877.471
144.842 3755.138
281.856 3877.471
144.842 3755.138
281.856 3877.471
144.842 3755.138
281.856 2544.529
281.856 850.460
144.842 729.106
281.856 850.460
144.842 729.106
281.856 850.460
144.842 729.106
281.856 850.460
144.842 729.106
281.856 850.460
144.842 729.106
281.856 850.460
144.842 729.106
281.856 850.460
144.842 729.106
281.856 850.460
144.842 729.106
281.856 850.460
144.842 729.106
281.856 850.460
144.842 729.106
281.856 850.460
144.842 729.106
281.856 850.460
144.842 729.106
281.856 850.460
144.842 729.106
281.856 850.460
144.842 729.106
281.856 850.460
144.842 729.106
281.856 850.460
144.842 729.106
281.856 850.460
144.842 729.106
281.856 850.460
144.842 5770.209
86.123 3872.578
164.416 3936.191
86.123 3872.578
164.416 3936.191
86.123 3872.578
164.416 3936.191
86.123 3872.578
164.416 3936.191
86.123 2638.481
203.562 889.607
105.696 807.399
203.562 889.607
105.696 807.399
203.562 889.607
105.696 807.399
203.562 889.607
105.696 807.399
203.562 889.607
105.696 807.399
203.562 889.607
105.696 807.399
203.562 889.607
105.696 807.399
203.562 889.607
105.696 807.399
203.562 889.607
105.696 807.399
203.562 889.607
105.696 807.399
203.562 889.607
105.696 807.399
203.562 889.607
105.696 807.399
203.562 889.607
105.696 807.399
203.562 889.607
105.696 807.399
203.562 889.607
105.696 807.399
203.562 889.607
105.696 807.399
203.562 889.607
105.696 807.399
203.562 889.607
105.696 5745.743
125.269 3955.764
66.549 3911.724
125.269 3955.764
66.549 3911.724
125.269 3955.764
66.549 3911.724
125.269 3955.764
66.549 3911.724
125.269 2677.628
164.416 909.180
86.123 846.545
164.416 909.180
86.123 846.545
164.416 909.180
86.123 846.545
164.416 909.180
86.123 846.545
164.416 909.180
86.123 846.545
164.416 909.180
86.123 846.545
164.416 909.180
86.123 846.545
164.416 909.180
86.123 846.545
164.416 909.180
86.123 846.545
164.416 909.180
86.123 846.545
164.416 909.180
86.123 846.545
164.416 909.180
86.123 846.545
164.416 909.180
86.123 846.545
164.416 909.180
86.123 846.545
164.416 909.180
86.123 846.545
164.416 909.180
86.123 846.545
164.416 909.180
86.123 846.545
164.416 909.180
86.123 5809.356
46.976 3950.871
86.123 3975.338
46.976 3950.871
86.123 3975.338
46.976 3950.871
86.123 3975.338
46.976 3950.871
86.123 3975.338
46.976 2697.201
144.842 918.967
76.336 866.119
144.842 918.967
76.336 866.119
144.842 918.967
76.336 866.119
144.842 918.967
76.336 866.119
144.842 918.967
76.336 866.119
144.842 918.967
76.336 866.119
144.842 918.967
76.336 866.119
144.842 918.967
76.336 866.119
144.842 918.967
76.336 866.119
144.842 918.967
76.336 866.119
144.842 918.967
76.336 866.119
144.842 918.967
76.336 866.119
144.842 918.967
76.336 866.119
144.842 918.967
76.336 866.119
144.842 918.967
76.336 866.119
144.842 918.967
76.336 866.119
144.842 918.967
76.336 866.119
144.842 918.967
76.336 5824.036
46.976 3994.911
27.403 3990.018
46.976 3994.911
27.403 3990.018
46.976 3994.911
27.403 3990.018
46.976 3994.911
27.403 3990.018
46.976 2716.774
125.269 928.753
66.549 885.692
125.269 928.753
66.549 885.692
125.269 928.753
66.549 885.692
125.269 928.753
66.549 885.692
125.269 928.753
66.549 885.692
125.269 928.753
66.549 885.692
125.269 928.753
66.549 885.692
125.269 928.753
66.549 885.692
125.269 928.753
66.549 885.692
125.269 928.753
66.549 885.692
125.269 928.753
66.549 885.692
125.269 928.753
66.549 885.692
125.269 928.753
66.549 885.692
125.269 928.753
66.549 885.692
125.269 928.753
66.549 885.692
125.269 928.753
66.549 885.692
125.269 928.753
66.549 885.692
125.269 928.753
66.549 5838.716
17.616 4009.591
27.403 4004.698
17.616 4009.591
27.403 4004.698
17.616 4009.591
27.403 4004.698
17.616 4009.591
27.403 4004.698
17.616 2871.403
105.696 938.540
56.763 905.265
105.696 938.540
56.763 905.265
105.696 938.540
56.763 905.265
105.696 938.540
56.763 905.265
105.696 938.540
56.763 905.265
105.696 938.540
56.763 905.265
105.696 938.540
56.763 905.265
105.696 938.540
56.763 905.265
105.696 938.540
56.763 905.265
105.696 938.540
56.763 905.265
105.696 938.540
56.763 905.265
105.696 938.540
56.763 905.265
105.696 938.540
56.763 905.265
105.696 938.540
56.763 905.265
105.696 938.540
56.763 905.265
105.696 938.540
56.763 905.265
105.696 938.540
56.763 905.265
105.696 938.540
56.763 39596.790
86.123 948.326
46.976 924.839
86.123 948.326
46.976 924.839
86.123 948.326
46.976 924.839
86.123 948.326
46.976 924.839
86.123 948.326
46.976 924.839
86.123 948.326
46.976 924.839
86.123 948.326
46.976 924.839
86.123 948.326
46.976 924.839
86.123 948.326
46.976 924.839
86.123 948.326
46.976 924.839
86.123 948.326
46.976 924.839
86.123 948.326
46.976 924.839
86.123 948.326
46.976 924.839
86.123 948.326
46.976 924.839
86.123 948.326
46.976 924.839
86.123 948.326
46.976 924.839
86.123 948.326
46.976 924.839
86.123 948.326
46.976 39611.470
86.123 948.326
46.976 924.839
86.123 948.326
46.976 924.839
86.123 948.326
46.976 924.839
86.123 948.326
46.976 924.839
86.123 948.326
46.976 924.839
86.123 948.326
46.976 924.839
86.123 948.326
46.976 924.839
86.123 948.326
46.976 924.839
86.123 948.326
46.976 924.839
86.123 948.326
46.976 924.839
86.123 948.326
46.976 924.839
86.123 948.326
46.976 924.839
86.123 948.326
46.976 924.839
86.123 948.326
46.976 924.839
86.123 948.326
46.976 924.839
86.123 948.326
46.976 924.839
86.123 948.326
46.976 924.839
86.123 948.326
46.976 39631.043
66.549 958.113
37.189 944.412
66.549 958.113
37.189 944.412
66.549 958.113
37.189 944.412
66.549 958.113
37.189 944.412
66.549 958.113
37.189 944.412
66.549 958.113
37.189 944.412
66.549 958.113
37.189 944.412
66.549 958.113
37.189 944.412
66.549 958.113
37.189 944.412
66.549 958.113
37.189 944.412
66.549 958.113
37.189 944.412
66.549 958.113
37.189 944.412
66.549 958.113
37.189 944.412
66.549 958.113
37.189 944.412
66.549 958.113
37.189 944.412
66.549 958.113
37.189 944.412
66.549 958.113
37.189 944.412
66.549 958.113
37.189 39616.363
66.549 958.113
37.189 944.412
66.549 958.113
37.189 944.412
66.549 958.113
37.189 944.412
66.549 958.113
37.189 944.412
66.549 958.113
37.189 944.412
66.549 958.113
37.189 944.412
66.549 958.113
37.189 944.412
66.549 958.113
37.189 944.412
66.549 958.113
37.189 944.412
66.549 958.113
37.189 944.412
66.549 958.113
37.189 944.412
66.549 958.113
37.189 944.412
66.549 958.113
37.189 944.412
66.549 958.113
37.189 944.412
66.549 958.113
37.189 944.412
66.549 958.113
37.189 944.412
66.549 958.113
37.189 944.412
66.549 958.113
37.189 39662.361
46.976 967.900
27.403 963.985
46.976 967.900
27.403 963.985
46.976 967.900
27.403 963.985
46.976 967.900
27.403 963.985
46.976 967.900
27.403 963.985
46.976 967.900
27.403 963.985
46.976 967.900
27.403 963.985
46.976 967.900
27.403 963.985
46.976 967.900
27.403 963.985
46.976 967.900
27.403 963.985
46.976 967.900
27.403 963.985
46.976 967.900
27.403 963.985
46.976 967.900
27.403 963.985
46.976 967.900
27.403 963.985
46.976 967.900
27.403 963.985
46.976 967.900
27.403 963.985
46.976 967.900
27.403 963.985
46.976 967.900
27.403 39903.112
46.976 967.900
27.403 963.985
46.976 967.900
27.403 963.985
46.976 967.900
27.403 963.985
46.976 967.900
27.403 963.985
46.976 967.900
27.403 963.985
46.976 967.900
27.403 963.985
46.976 967.900
27.403 963.985
46.976 967.900
27.403 963.985
46.976 967.900
27.403 963.985
46.976 967.900
27.403 963.985
46.976 967.900
27.403 963.985
46.976 967.900
27.403 963.985
46.976 967.900
27.403 963.985
46.976 967.900
27.403 963.985
46.976 967.900
27.403 963.985
46.976 967.900
27.403 963.985
46.976 967.900
27.403 963.985
46.976 967.900
27.403 9590.918
281.856 7771.580
281.856 7771.580
281.856 7771.580
281.856 6826.189
46.976 967.900
27.403 963.985
46.976 967.900
27.403 963.985
46.976 967.900
27.403 963.985
46.976 967.900
27.403 963.985
46.976 967.900
27.403 963.985
46.976 967.900
27.403 963.985
46.976 967.900
27.403 963.985
46.976 967.900
27.403 963.985
46.976 967.900
27.403 963.985
46.976 967.900
27.403 963.985
46.976 967.900
27.403 963.985
46.976 967.900
27.403 963.985
46.976 967.900
27.403 963.985
46.976 967.900
27.403 963.985
46.976 967.900
27.403 963.985
46.976 967.900
27.403 963.985
46.976 967.900
27.403 963.985
46.976 967.900
27.403 5691.916
164.416 7889.019
164.416 7889.019
164.416 7889.019
164.416 7889.019
164.416 2795.068
46.976 967.900
27.403 963.985
46.976 967.900
27.403 963.985
46.976 967.900
27.403 963.985
46.976 967.900
27.403 963.985
46.976 967.900
27.403 963.985
46.976 967.900
27.403 963.985
46.976 967.900
27.403 963.985
46.976 967.900
27.403 963.985
46.976 967.900
27.403 963.985
46.976 967.900
27.403 963.985
46.976 967.900
27.403 963.985
46.976 967.900
27.403 963.985
46.976 967.900
27.403 963.985
46.976 967.900
27.403 963.985
46.976 967.900
27.403 963.985
46.976 967.900
27.403 963.985
46.976 967.900
27.403 963.985
46.976 967.900
27.403 10000.000
125.269 7928.166
125.269 7928.166
125.269 7928.166
125.269 6756.704
42.083 914.073
22.509 910.159
42.083 914.073
22.509 910.159
42.083 914.073
22.509 910.159
42.083 914.073
22.509 910.159
42.083 914.073
22.509 910.159
42.083 914.073
22.509 910.159
42.083 914.073
22.509 910.159
42.083 914.073
22.509 910.159
42.083 914.073
22.509 910.159
42.083 914.073
22.509 910.159
42.083 914.073
22.509 910.159
42.083 914.073
22.509 910.159
42.083 914.073
22.509 910.159
42.083 914.073
22.509 910.159
42.083 914.073
22.509 910.159
42.083 914.073
22.509 910.159
42.083 914.073
22.509 910.159
42.083 914.073
22.509 910.159
42.083 914.073
22.509 5770.209
86.123 7967.313
86.123 7967.313
86.123 7967.313
86.123 7967.313
86.123 2751.028
32.296 918.967
17.616 919.945
32.296 918.967
17.616 919.945
32.296 918.967
17.616 919.945
32.296 918.967
17.616 919.945
32.296 918.967
17.616 919.945
32.296 918.967
17.616 919.945
32.296 918.967
17.616 919.945
32.296 918.967
17.616 919.945
32.296 918.967
17.616 919.945
32.296 918.967
17.616 919.945
32.296 918.967
17.616 919.945
32.296 918.967
17.616 919.945
32.296 918.967
17.616 919.945
32.296 918.967
17.616 919.945
32.296 918.967
17.616 919.945
32.296 918.967
17.616 919.945
32.296 918.967
17.616 919.945
32.296 918.967
17.616 919.945
32.296 918.967
17.616 9994.128
46.976 8006.459
46.976 8006.459
46.976 8006.459
46.976 6600.117
42.083 757.487
22.509 753.572
42.083 757.487
22.509 753.572
42.083 757.487
22.509 753.572
42.083 757.487
22.509 753.572
42.083 757.487
22.509 753.572
42.083 757.487
22.509 753.572
42.083 757.487
22.509 753.572
42.083 757.487
22.509 753.572
42.083 757.487
22.509 753.572
42.083 757.487
22.509 753.572
42.083 757.487
22.509 753.572
42.083 757.487
22.509 753.572
42.083 757.487
22.509 753.572
42.083 757.487
22.509 753.572
42.083 757.487
22.509 753.572
42.083 757.487
22.509 753.572
42.083 757.487
22.509 753.572
42.083 757.487
22.509 753.572
42.083 757.487
22.509 753.572
42.083 757.487
22.509 753.572
42.083 757.487
22.509 753.572
42.083 757.487
22.509 753.572
42.083 5828.929
27.403 8026.032
27.403 8026.032
27.403 8026.032
27.403 8026.032
27.403 2728.518
17.616 763.359
32.296 762.380
17.616 763.359
32.296 762.380
17.616 763.359
32.296 762.380
17.616 763.359
32.296 762.380
17.616 763.359
32.296 762.380
17.616 763.359
32.296 762.380
17.616 763.359
32.296 762.380
17.616 763.359
32.296 762.380
17.616 763.359
32.296 762.380
17.616 763.359
32.296 762.380
17.616 763.359
32.296 762.380
17.616 763.359
32.296 762.380
17.616 763.359
32.296 762.380
17.616 763.359
32.296 762.380
17.616 763.359
32.296 762.380
17.616 763.359
32.296 762.380
17.616 763.359
32.296 762.380
17.616 763.359
32.296 762.380
17.616 763.359
32.296 762.380
17.616 763.359
32.296 762.380
17.616 763.359
32.296 762.380
17.616 763.359
32.296 762.380
17.616 39720.102
42.083 914.073
22.509 910.159
42.083 914.073
22.509 910.159
42.083 914.073
22.509 910.159
42.083 914.073
22.509 910.159
42.083 914.073
22.509 910.159
42.083 914.073
22.509 910.159
42.083 914.073
22.509 910.159
42.083 914.073
22.509 910.159
42.083 914.073
22.509 910.159
42.083 914.073
22.509 910.159
42.083 914.073
22.509 910.159
42.083 914.073
22.509 910.159
42.083 914.073
22.509 910.159
42.083 914.073
22.509 910.159
42.083 914.073
22.509 910.159
42.083 914.073
22.509 910.159
42.083 914.073
22.509 910.159
42.083 914.073
22.509 910.159
42.083 914.073
22.509 39606.577
32.296 918.967
17.616 919.945
32.296 918.967
17.616 919.945
32.296 918.967
17.616 919.945
32.296 918.967
17.616 919.945
32.296 918.967
17.616 919.945
32.296 918.967
17.616 919.945
32.296 918.967
17.616 919.945
32.296 918.967
17.616 919.945
32.296 918.967
17.616 919.945
32.296 918.967
17.616 919.945
32.296 918.967
17.616 919.945
32.296 918.967
17.616 919.945
32.296 918.967
17.616 919.945
32.296 918.967
17.616 919.945
32.296 918.967
17.616 919.945
32.296 918.967
17.616 919.945
32.296 918.967
17.616 919.945
32.296 918.967
17.616 919.945
32.296 918.967
17.616 40028.381
42.083 972.793
22.509 968.878
42.083 972.793
22.509 968.878
42.083 972.793
22.509 968.878
42.083 972.793
22.509 968.878
42.083 972.793
22.509 968.878
42.083 972.793
22.509 968.878
42.083 972.793
22.509 968.878
42.083 972.793
22.509 968.878
42.083 972.793
22.509 968.878
42.083 972.793
22.509 968.878
42.083 972.793
22.509 968.878
42.083 972.793
22.509 968.878
42.083 972.793
22.509 968.878
42.083 972.793
22.509 968.878
42.083 972.793
22.509 968.878
42.083 972.793
22.509 968.878
42.083 972.793
22.509 968.878
42.083 972.793
22.509 9727.931
144.842 7908.593
144.842 7908.593
144.842 7908.593
144.842 6840.869
32.296 977.686
17.616 978.665
32.296 977.686
17.616 978.665
32.296 977.686
17.616 978.665
32.296 977.686
17.616 978.665
32.296 977.686
17.616 978.665
32.296 977.686
17.616 978.665
32.296 977.686
17.616 978.665
32.296 977.686
17.616 978.665
32.296 977.686
17.616 978.665
32.296 977.686
17.616 978.665
32.296 977.686
17.616 978.665
32.296 977.686
17.616 978.665
32.296 977.686
17.616 978.665
32.296 977.686
17.616 978.665
32.296 977.686
17.616 978.665
32.296 977.686
17.616 978.665
32.296 977.686
17.616 978.665
32.296 977.686
17.616 5770.209
86.123 7967.313
86.123 7967.313
86.123 7967.313
86.123 7967.313
86.123 2814.641
27.403 977.686
17.616 983.558
27.403 977.686
17.616 983.558
27.403 977.686
17.616 983.558
27.403 977.686
17.616 983.558
27.403 977.686
17.616 983.558
27.403 977.686
17.616 983.558
27.403 977.686
17.616 983.558
27.403 977.686
17.616 983.558
27.403 977.686
17.616 983.558
27.403 977.686
17.616 983.558
27.403 977.686
17.616 983.558
27.403 977.686
17.616 983.558
27.403 977.686
17.616 983.558
27.403 977.686
17.616 983.558
27.403 977.686
17.616 983.558
27.403 977.686
17.616 983.558
27.403 977.686
17.616 983.558
27.403 977.686
17.616 9820.904
66.549 7986.886
66.549 7986.886
66.549 7986.886
66.549 6850.656
22.509 982.580
12.723 988.452
22.509 982.580
12.723 988.452
22.509 982.580
12.723 988.452
22.509 982.580
12.723 988.452
22.509 982.580
12.723 988.452
22.509 982.580
12.723 988.452
22.509 982.580
12.723 988.452
22.509 982.580
12.723 988.452
22.509 982.580
12.723 988.452
22.509 982.580
12.723 988.452
22.509 982.580
12.723 988.452
22.509 982.580
12.723 988.452
22.509 982.580
12.723 988.452
22.509 982.580
12.723 988.452
22.509 982.580
12.723 988.452
22.509 982.580
12.723 988.452
22.509 982.580
12.723 988.452
22.509 982.580
12.723 5809.356
46.976 8006.459
46.976 8006.459
46.976 8006.459
46.976 8006.459
46.976 2819.534
22.509 982.580
12.723 988.452
22.509 982.580
12.723 988.452
22.509 982.580
12.723 988.452
22.509 982.580
12.723 988.452
22.509 982.580
12.723 988.452
22.509 982.580
12.723 988.452
22.509 982.580
12.723 988.452
22.509 982.580
12.723 988.452
22.509 982.580
12.723 988.452
22.509 982.580
12.723 988.452
22.509 982.580
12.723 988.452
22.509 982.580
12.723 988.452
22.509 982.580
12.723 988.452
22.509 982.580
12.723 988.452
22.509 982.580
12.723 988.452
22.509 982.580
12.723 988.452
22.509 982.580
12.723 988.452
22.509 982.580
12.723 9860.051
27.403 8026.032
27.403 8026.032
27.403 8026.032
27.403 6855.549
17.616 982.580
12.723 993.345
17.616 982.580
12.723 993.345
17.616 982.580
12.723 993.345
17.616 982.580
12.723 993.345
17.616 982.580
12.723 993.345
17.616 982.580
12.723 993.345
17.616 982.580
12.723 993.345
17.616 982.580
12.723 993.345
17.616 982.580
12.723 993.345
17.616 982.580
12.723 993.345
17.616 982.580
12.723 993.345
17.616 982.580
12.723 993.345
17.616 982.580
12.723 993.345
17.616 982.580
12.723 993.345
17.616 982.580
12.723 993.345
17.616 982.580
12.723 993.345
17.616 982.580
12.723 993.345
17.616 982.580
12.723 5838.716
17.616 8035.819
17.616 8035.819
17.616 8035.819
17.616 8035.819
17.616 2980.035
17.616 982.580
12.723 993.345
17.616 982.580
12.723 993.345
17.616 982.580
12.723 993.345
17.616 982.580
12.723 993.345
17.616 982.580
12.723 993.345
17.616 982.580
12.723 993.345
17.616 982.580
12.723 993.345
17.616 982.580
12.723 993.345
17.616 982.580
12.723 993.345
17.616 982.580
12.723 993.345
17.616 982.580
12.723 993.345
17.616 982.580
12.723 993.345
17.616 982.580
12.723 993.345
17.616 982.580
12.723 993.345
17.616 982.580
12.723 993.345
17.616 982.580
12.723 993.345
17.616 982.580
12.723 993.345
17.616 982.580
12.723 9727.931
144.842 7908.593
144.842 7908.593
144.842 7908.593
144.842 6855.549
17.616 982.580
12.723 993.345
17.616 982.580
12.723 993.345
17.616 982.580
12.723 993.345
17.616 982.580
12.723 993.345
17.616 982.580
12.723 993.345
17.616 982.580
12.723 993.345
17.616 982.580
12.723 993.345
17.616 982.580
12.723 993.345
17.616 982.580
12.723 993.345
17.616 982.580
12.723 993.345
17.616 982.580
12.723 993.345
17.616 982.580
12.723 993.345
17.616 982.580
12.723 993.345
17.616 982.580
12.723 993.345
17.616 982.580
12.723 993.345
17.616 982.580
12.723 993.345
17.616 982.580
12.723 993.345
17.616 982.580
12.723 5770.209
86.123 7967.313
86.123 7967.313
86.123 7967.313
86.123 7967.313
86.123 2829.321
12.723 987.473
7.829 998.238
12.723 987.473
7.829 998.238
12.723 987.473
7.829 998.238
12.723 987.473
7.829 998.238
12.723 987.473
7.829 998.238
12.723 987.473
7.829 998.238
12.723 987.473
7.829 998.238
12.723 987.473
7.829 998.238
12.723 987.473
7.829 998.238
12.723 987.473
7.829 998.238
12.723 987.473
7.829 998.238
12.723 987.473
7.829 998.238
12.723 987.473
7.829 998.238
12.723 987.473
7.829 998.238
12.723 987.473
7.829 998.238
12.723 987.473
7.829 998.238
12.723 987.473
7.829 998.238
12.723 987.473
7.829 9820.904
66.549 7986.886
66.549 7986.886
66.549 7986.886
66.549 6860.442
12.723 987.473
7.829 998.238
12.723 987.473
7.829 998.238
12.723 987.473
7.829 998.238
12.723 987.473
7.829 998.238
12.723 987.473
7.829 998.238
12.723 987.473
7.829 998.238
12.723 987.473
7.829 998.238
12.723 987.473
7.829 998.238
12.723 987.473
7.829 998.238
12.723 987.473
7.829 998.238
12.723 987.473
7.829 998.238
12.723 987.473
7.829 998.238
12.723 987.473
7.829 998.238
12.723 987.473
7.829 998.238
12.723 987.473
7.829 998.238
12.723 987.473
7.829 998.238
12.723 987.473
7.829 998.238
12.723 987.473
7.829 5809.356
46.976 8006.459
46.976 8006.459
46.976 8006.459
46.976 8006.459
46.976 2855.745
12.723 987.473
7.829 998.238
12.723 987.473
7.829 998.238
12.723 987.473
7.829 998.238
12.723 987.473
7.829 998.238
12.723 987.473
7.829 998.238
12.723 987.473
7.829 998.238
12.723 987.473
7.829 998.238
12.723 987.473
7.829 998.238
12.723 987.473
7.829 998.238
12.723 987.473
7.829 998.238
12.723 987.473
7.829 998.238
12.723 987.473
7.829 998.238
12.723 987.473
7.829 998.238
12.723 987.473
7.829 998.238
12.723 987.473
7.829 998.238
12.723 987.473
7.829 998.238
12.723 987.473
7.829 998.238
12.723 987.473
7.829 9860.051
27.403 8026.032
27.403 8026.032
27.403 8026.032
27.403 6860.442
12.723 987.473
7.829 998.238
12.723 987.473
7.829 998.238
12.723 987.473
7.829 998.238
12.723 987.473
7.829 998.238
12.723 987.473
7.829 998.238
12.723 987.473
7.829 998.238
12.723 987.473
7.829 998.238
12.723 987.473
7.829 998.238
12.723 987.473
7.829 998.238
12.723 987.473
7.829 998.238
12.723 987.473
7.829 998.238
12.723 987.473
7.829 998.238
12.723 987.473
7.829 998.238
12.723 987.473
7.829 998.238
12.723 987.473
7.829 998.238
12.723 987.473
7.829 998.238
12.723 987.473
7.829 998.238
12.723 987.473
7.829 5838.716
17.616 8035.819
17.616 8035.819
17.616 8035.819
17.616 8035.819
17.616 3064.200
12.723 987.473
7.829 998.238
12.723 987.473
7.829 998.238
12.723 987.473
7.829 998.238
12.723 987.473
7.829 998.238
12.723 987.473
7.829 998.238
12.723 987.473
7.829 998.238
12.723 987.473
7.829 998.238
12.723 987.473
7.829 998.238
12.723 987.473
7.829 998.238
12.723 987.473
7.829 998.238
12.723 987.473
7.829 998.238
12.723 987.473
7.829 998.238
12.723 987.473
7.829 998.238
12.723 987.473
7.829 998.238
12.723 987.473
7.829 998.238
12.723 987.473
7.829 998.238
12.723 987.473
7.829 998.238
12.723 987.473
7.829 9796.438
76.336 7977.099
76.336 7977.099
76.336 7977.099
76.336 6860.442
12.723 987.473
7.829 998.238
12.723 987.473
7.829 998.238
12.723 987.473
7.829 998.238
12.723 987.473
7.829 998.238
12.723 987.473
7.829 998.238
12.723 987.473
7.829 998.238
12.723 987.473
7.829 998.238
12.723 987.473
7.829 998.238
12.723 987.473
7.829 998.238
12.723 987.473
7.829 998.238
12.723 987.473
7.829 998.238
12.723 987.473
7.829 998.238
12.723 987.473
7.829 998.238
12.723 987.473
7.829 998.238
12.723 987.473
7.829 998.238
12.723 987.473
7.829 998.238
12.723 987.473
7.829 998.238
12.723 987.473
7.829 6047.172
46.976 8006.459
46.976 8006.459
46.976 8006.459
46.976 8006.459
46.976 2304.756
22.509 483.461
12.723 489.333
22.509 483.461
12.723 489.333
22.509 483.461
12.723 489.333
22.509 483.461
12.723 489.333
22.509 483.461
12.723 489.333
22.509 483.461
12.723 489.333
22.509 483.461
12.723 489.333
22.509 483.461
12.723 489.333
22.509 483.461
12.723 489.333
22.509 483.461
12.723 489.333
22.509 483.461
12.723 489.333
22.509 483.461
12.723 489.333
22.509 483.461
12.723 489.333
22.509 483.461
12.723 489.333
22.509 483.461
12.723 489.333
22.509 483.461
12.723 489.333
22.509 483.461
12.723 489.333
22.509 483.461
12.723 489.333
22.509 483.461
12.723 489.333
22.509 483.461
12.723 489.333
22.509 483.461
12.723 489.333
22.509 483.461
12.723 489.333
22.509 483.461
12.723 489.333
22.509 483.461
12.723 489.333
22.509 483.461
12.723 489.333
22.509 483.461
12.723 489.333
22.509 483.461
12.723 489.333
22.509 483.461
12.723 489.333
22.509 483.461
12.723 489.333
22.509 483.461
12.723 489.333
22.509 483.461
12.723 489.333
22.509 483.461
12.723 489.333
22.509 483.461
12.723 489.333
22.509 483.461
12.723 489.333
22.509 483.461
12.723 489.333
22.509 9850.264
37.189 8016.246
37.189 8016.246
37.189 8016.246
37.189 6345.665
12.723 494.226
17.616 483.461
12.723 494.226
17.616 483.461
12.723 494.226
17.616 483.461
12.723 494.226
17.616 483.461
12.723 494.226
17.616 483.461
12.723 494.226
17.616 483.461
12.723 494.226
17.616 483.461
12.723 494.226
17.616 483.461
12.723 494.226
17.616 483.461
12.723 494.226
17.616 483.461
12.723 494.226
17.616 483.461
12.723 494.226
17.616 483.461
12.723 494.226
17.616 483.461
12.723 494.226
17.616 483.461
12.723 494.226
17.616 483.461
12.723 494.226
17.616 483.461
12.723 494.226
17.616 483.461
12.723 494.226
17.616 483.461
12.723 494.226
17.616 483.461
12.723 494.226
17.616 483.461
12.723 494.226
17.616 483.461
12.723 494.226
17.616 483.461
12.723 494.226
17.616 483.461
12.723 494.226
17.616 483.461
12.723 494.226
17.616 483.461
12.723 494.226
17.616 483.461
12.723 494.226
17.616 483.461
12.723 494.226
17.616 483.461
12.723 494.226
17.616 483.461
12.723 494.226
17.616 483.461
12.723 494.226
17.616 483.461
12.723 494.226
17.616 483.461
12.723 494.226
17.616 483.461
12.723 494.226
17.616 483.461
12.723 494.226
17.616 483.461
12.723 5828.929
27.403 8026.032
27.403 8026.032
27.403 8026.032
27.403 8026.032
27.403 2325.308
17.616 483.461
12.723 494.226
17.616 483.461
12.723 494.226
17.616 483.461
12.723 494.226
17.616 483.461
12.723 494.226
17.616 483.461
12.723 494.226
17.616 483.461
12.723 494.226
17.616 483.461
12.723 494.226
17.616 483.461
12.723 494.226
17.616 483.461
12.723 494.226
17.616 483.461
12.723 494.226
17.616 483.461
12.723 494.226
17.616 483.461
12.723 494.226
17.616 483.461
12.723 494.226
17.616 483.461
12.723 494.226
17.616 483.461
12.723 494.226
17.616 483.461
12.723 494.226
17.616 483.461
12.723 494.226
17.616 483.461
12.723 494.226
17.616 483.461
12.723 494.226
17.616 483.461
12.723 494.226
17.616 483.461
12.723 494.226
17.616 483.461
12.723 494.226
17.616 483.461
12.723 494.226
17.616 483.461
12.723 494.226
17.616 483.461
12.723 494.226
17.616 483.461
12.723 494.226
17.616 483.461
12.723 494.226
17.616 483.461
12.723 494.226
17.616 483.461
12.723 494.226
17.616 483.461
12.723 494.226
17.616 483.461
12.723 494.226
17.616 483.461
12.723 494.226
17.616 483.461
12.723 494.226
17.616 483.461
12.723 494.226
17.616 483.461
12.723 494.226
17.616 9869.838
17.616 8035.819
17.616 8035.819
17.616 8035.819
17.616 6350.558
7.829 499.119
12.723 488.354
7.829 499.119
12.723 488.354
7.829 499.119
12.723 488.354
7.829 499.119
12.723 488.354
7.829 499.119
12.723 488.354
7.829 499.119
12.723 488.354
7.829 499.119
12.723 488.354
7.829 499.119
12.723 488.354
7.829 499.119
12.723 488.354
7.829 499.119
12.723 488.354
7.829 499.119
12.723 488.354
7.829 499.119
12.723 488.354
7.829 499.119
12.723 488.354
7.829 499.119
12.723 488.354
7.829 499.119
12.723 488.354
7.829 499.119
12.723 488.354
7.829 499.119
12.723 488.354
7.829 499.119
12.723 488.354
7.829 499.119
12.723 488.354
7.829 499.119
12.723 488.354
7.829 499.119
12.723 488.354
7.829 499.119
12.723 488.354
7.829 499.119
12.723 488.354
7.829 499.119
12.723 488.354
7.829 499.119
12.723 488.354
7.829 499.119
12.723 488.354
7.829 499.119
12.723 488.354
7.829 499.119
12.723 488.354
7.829 499.119
12.723 488.354
7.829 499.119
12.723 488.354
7.829 499.119
12.723 488.354
7.829 499.119
12.723 488.354
7.829 499.119
12.723 488.354
7.829 499.119
12.723 488.354
7.829 499.119
12.723 488.354
7.829 5843.609
12.723 8040.712
12.723 8040.712
12.723 8040.712
12.723 8040.712
12.723 2465.257
12.723 488.354
7.829 499.119
12.723 488.354
7.829 499.119
12.723 488.354
7.829 499.119
12.723 488.354
7.829 499.119
12.723 488.354
7.829 499.119
12.723 488.354
7.829 499.119
12.723 488.354
7.829 499.119
12.723 488.354
7.829 499.119
12.723 488.354
7.829 499.119
12.723 488.354
7.829 499.119
12.723 488.354
7.829 499.119
12.723 488.354
7.829 499.119
12.723 488.354
7.829 499.119
12.723 488.354
7.829 499.119
12.723 488.354
7.829 499.119
12.723 488.354
7.829 499.119
12.723 488.354
7.829 499.119
12.723 488.354
7.829 499.119
12.723 488.354
7.829 499.119
12.723 488.354
7.829 499.119
12.723 488.354
7.829 499.119
12.723 488.354
7.829 499.119
12.723 488.354
7.829 499.119
12.723 488.354
7.829 499.119
12.723 488.354
7.829 499.119
12.723 488.354
7.829 499.119
12.723 488.354
7.829 499.119
12.723 488.354
7.829 499.119
12.723 488.354
7.829 499.119
12.723 488.354
7.829 499.119
12.723 488.354
7.829 499.119
12.723 488.354
7.829 499.119
12.723 488.354
7.829 499.119
12.723 488.354
7.829 499.119
12.723 488.354
7.829 499.119
12.723 39160.305
7.829 499.119
12.723 488.354
7.829 499.119
12.723 488.354
7.829 499.119
12.723 488.354
7.829 499.119
12.723 488.354
7.829 499.119
12.723 488.354
7.829 499.119
12.723 488.354
7.829 499.119
12.723 488.354
7.829 499.119
12.723 488.354
7.829 499.119
12.723 488.354
7.829 499.119
12.723 488.354
7.829 499.119
12.723 488.354
7.829 499.119
12.723 488.354
7.829 499.119
12.723 488.354
7.829 499.119
12.723 488.354
7.829 499.119
12.723 488.354
7.829 499.119
12.723 488.354
7.829 499.119
12.723 488.354
7.829 499.119
12.723 488.354
7.829 499.119
12.723 488.354
7.829 499.119
12.723 488.354
7.829 499.119
12.723 488.354
7.829 499.119
12.723 488.354
7.829 499.119
12.723 488.354
7.829 499.119
12.723 488.354
7.829 499.119
12.723 488.354
7.829 499.119
12.723 488.354
7.829 499.119
12.723 488.354
7.829 499.119
12.723 488.354
7.829 499.119
12.723 488.354
7.829 499.119
12.723 488.354
7.829 499.119
12.723 488.354
7.829 499.119
12.723 488.354
7.829 499.119
12.723 488.354
7.829 499.119
12.723 488.354
7.829 499.119
12.723 488.354
7.829 39185.751
12.723 488.354
7.829 499.119
12.723 488.354
7.829 499.119
12.723 488.354
7.829 499.119
12.723 488.354
7.829 499.119
12.723 488.354
7.829 499.119
12.723 488.354
7.829 499.119
12.723 488.354
7.829 499.119
12.723 488.354
7.829 499.119
12.723 488.354
7.829 499.119
12.723 488.354
7.829 499.119
12.723 488.354
7.829 499.119
12.723 488.354
7.829 499.119
12.723 488.354
7.829 499.119
12.723 488.354
7.829 499.119
12.723 488.354
7.829 499.119
12.723 488.354
7.829 499.119
12.723 488.354
7.829 499.119
12.723 488.354
7.829 499.119
12.723 488.354
7.829 499.119
12.723 488.354
7.829 499.119
12.723 488.354
7.829 499.119
12.723 488.354
7.829 499.119
12.723 488.354
7.829 499.119
12.723 488.354
7.829 499.119
12.723 488.354
7.829 499.119
12.723 488.354
7.829 499.119
12.723 488.354
7.829 499.119
12.723 488.354
7.829 499.119
12.723 488.354
7.829 499.119
12.723 488.354
7.829 499.119
12.723 488.354
7.829 499.119
12.723 488.354
7.829 499.119
12.723 488.354
7.829 499.119
12.723 488.354
7.829 499.119
12.723 488.354
7.829 499.119
12.723 39174.985
7.829 499.119
12.723 488.354
7.829 499.119
12.723 488.354
7.829 499.119
12.723 488.354
7.829 499.119
12.723 488.354
7.829 499.119
12.723 488.354
7.829 499.119
12.723 488.354
7.829 499.119
12.723 488.354
7.829 499.119
12.723 488.354
7.829 499.119
12.723 488.354
7.829 499.119
12.723 488.354
7.829 499.119
12.723 488.354
7.829 499.119
12.723 488.354
7.829 499.119
12.723 488.354
7.829 499.119
12.723 488.354
7.829 499.119
12.723 488.354
7.829 499.119
12.723 488.354
7.829 499.119
12.723 488.354
7.829 499.119
12.723 488.354
7.829 499.119
12.723 488.354
7.829 499.119
12.723 488.354
7.829 499.119
12.723 488.354
7.829 499.119
12.723 488.354
7.829 499.119
12.723 488.354
7.829 499.119
12.723 488.354
7.829 499.119
12.723 488.354
7.829 499.119
12.723 488.354
7.829 499.119
12.723 488.354
7.829 499.119
12.723 488.354
7.829 499.119
12.723 488.354
7.829 499.119
12.723 488.354
7.829 499.119
12.723 488.354
7.829 499.119
12.723 488.354
7.829 499.119
12.723 488.354
7.829 499.119
12.723 488.354
7.829 499.119
12.723 488.354
7.829 39175.964
7.829 488.354
7.829 504.013
7.829 488.354
7.829 504.013
7.829 488.354
7.829 504.013
7.829 488.354
7.829 504.013
7.829 488.354
7.829 504.013
7.829 488.354
7.829 504.013
7.829 488.354
7.829 504.013
7.829 488.354
7.829 504.013
7.829 488.354
7.829 504.013
7.829 488.354
7.829 504.013
7.829 488.354
7.829 504.013
7.829 488.354
7.829 504.013
7.829 488.354
7.829 504.013
7.829 488.354
7.829 504.013
7.829 488.354
7.829 504.013
7.829 488.354
7.829 504.013
7.829 488.354
7.829 504.013
7.829 488.354
7.829 504.013
7.829 488.354
7.829 504.013
7.829 488.354
7.829 504.013
7.829 488.354
7.829 504.013
7.829 488.354
7.829 504.013
7.829 488.354
7.829 504.013
7.829 488.354
7.829 504.013
7.829 488.354
7.829 504.013
7.829 488.354
7.829 504.013
7.829 488.354
7.829 504.013
7.829 488.354
7.829 504.013
7.829 488.354
7.829 504.013
7.829 488.354
7.829 504.013
7.829 488.354
7.829 504.013
7.829 488.354
7.829 504.013
7.829 488.354
7.829 504.013
7.829 488.354
7.829 504.013
7.829 488.354
7.829 504.013
7.829 39160.305
7.829 504.013
7.829 488.354
7.829 504.013
7.829 488.354
7.829 504.013
7.829 488.354
7.829 504.013
7.829 488.354
7.829 504.013
7.829 488.354
7.829 504.013
7.829 488.354
7.829 504.013
7.829 488.354
7.829 504.013
7.829 488.354
7.829 504.013
7.829 488.354
7.829 504.013
7.829 488.354
7.829 504.013
7.829 488.354
7.829 504.013
7.829 488.354
7.829 504.013
7.829 488.354
7.829 504.013
7.829 488.354
7.829 504.013
7.829 488.354
7.829 504.013
7.829 488.354
7.829 504.013
7.829 488.354
7.829 504.013
7.829 488.354
7.829 504.013
7.829 488.354
7.829 504.013
7.829 488.354
7.829 504.013
7.829 488.354
7.829 504.013
7.829 488.354
7.829 504.013
7.829 488.354
7.829 504.013
7.829 488.354
7.829 504.013
7.829 488.354
7.829 504.013
7.829 488.354
7.829 504.013
7.829 488.354
7.829 504.013
7.829 488.354
7.829 504.013
7.829 488.354
7.829 504.013
7.829 488.354
7.829 504.013
7.829 488.354
7.829 504.013
7.829 488.354
7.829 504.013
7.829 488.354
7.829 504.013
7.829 488.354
7.829 504.013
7.829 488.354
7.829 39357.996
7.829 488.354
7.829 504.013
7.829 488.354
7.829 504.013
7.829 488.354
7.829 504.013
7.829 488.354
7.829 504.013
7.829 488.354
7.829 504.013
7.829 488.354
7.829 504.013
7.829 488.354
7.829 504.013
7.829 488.354
7.829 504.013
7.829 488.354
7.829 504.013
7.829 488.354
7.829 504.013
7.829 488.354
7.829 504.013
7.829 488.354
7.829 504.013
7.829 488.354
7.829 504.013
7.829 488.354
7.829 504.013
7.829 488.354
7.829 504.013
7.829 488.354
7.829 504.013
7.829 488.354
7.829 504.013
7.829 488.354
7.829 504.013
7.829 488.354
7.829 504.013
7.829 488.354
7.829 504.013
7.829 488.354
7.829 504.013
7.829 488.354
7.829 504.013
7.829 488.354
7.829 504.013
7.829 488.354
7.829 504.013
7.829 488.354
7.829 504.013
7.829 488.354
7.829 504.013
7.829 488.354
7.829 504.013
7.829 488.354
7.829 504.013
7.829 488.354
7.829 504.013
7.829 488.354
7.829 504.013
7.829 488.354
7.829 504.013
7.829 488.354
7.829 504.013
7.829 488.354
7.829 504.013
7.829 488.354
7.829 504.013
7.829 488.354
7.829 504.013
7.829 9796.438
76.336 7977.099
76.336 7977.099
76.336 7977.099
76.336 6350.558
7.829 504.013
7.829 488.354
7.829 504.013
7.829 488.354
7.829 504.013
7.829 488.354
7.829 504.013
7.829 488.354
7.829 504.013
7.829 488.354
7.829 504.013
7.829 488.354
7.829 504.013
7.829 488.354
7.829 504.013
7.829 488.354
7.829 504.013
7.829 488.354
7.829 504.013
7.829 488.354
7.829 504.013
7.829 488.354
7.829 504.013
7.829 488.354
7.829 504.013
7.829 488.354
7.829 504.013
7.829 488.354
7.829 504.013
7.829 488.354
7.829 504.013
7.829 488.354
7.829 504.013
7.829 488.354
7.829 504.013
7.829 488.354
7.829 504.013
7.829 488.354
7.829 504.013
7.829 488.354
7.829 504.013
7.829 488.354
7.829 504.013
7.829 488.354
7.829 504.013
7.829 488.354
7.829 504.013
7.829 488.354
7.829 504.013
7.829 488.354
7.829 504.013
7.829 488.354
7.829 504.013
7.829 488.354
7.829 504.013
7.829 488.354
7.829 504.013
7.829 488.354
7.829 504.013
7.829 488.354
7.829 504.013
7.829 488.354
7.829 504.013
7.829 488.354
7.829 504.013
7.829 488.354
7.829 504.013
7.829 488.354
7.829 504.013
7.829 488.354
7.829 5809.356
46.976 8006.459
46.976 8006.459
46.976 8006.459
46.976 8006.459
46.976 2335.095
7.829 488.354
7.829 504.013
7.829 488.354
7.829 504.013
7.829 488.354
7.829 504.013
7.829 488.354
7.829 504.013
7.829 488.354
7.829 504.013
7.829 488.354
7.829 504.013
7.829 488.354
7.829 504.013
7.829 488.354
7.829 504.013
7.829 488.354
7.829 504.013
7.829 488.354
7.829 504.013
7.829 488.354
7.829 504.013
7.829 488.354
7.829 504.013
7.829 488.354
7.829 504.013
7.829 488.354
7.829 504.013
7.829 488.354
7.829 504.013
7.829 488.354
7.829 504.013
7.829 488.354
7.829 504.013
7.829 488.354
7.829 504.013
7.829 488.354
7.829 504.013
7.829 488.354
7.829 504.013
7.829 488.354
7.829 504.013
7.829 488.354
7.829 504.013
7.829 488.354
7.829 504.013
7.829 488.354
7.829 504.013
7.829 488.354
7.829 504.013
7.829 488.354
7.829 504.013
7.829 488.354
7.829 504.013
7.829 488.354
7.829 504.013
7.829 488.354
7.829 504.013
7.829 488.354
7.829 504.013
7.829 488.354
7.829 504.013
7.829 488.354
7.829 504.013
7.829 488.354
7.829 504.013
7.829 488.354
7.829 504.013
7.829 488.354
7.829 504.013
7.829 9850.264
37.189 8016.246
37.189 8016.246
37.189 8016.246
37.189 6350.558
7.829 504.013
7.829 488.354
7.829 504.013
7.829 488.354
7.829 504.013
7.829 488.354
7.829 504.013
7.829 488.354
7.829 504.013
7.829 488.354
7.829 504.013
7.829 488.354
7.829 504.013
7.829 488.354
7.829 504.013
7.829 488.354
7.829 504.013
7.829 488.354
7.829 504.013
7.829 488.354
7.829 504.013
7.829 488.354
7.829 504.013
7.829 488.354
7.829 504.013
7.829 488.354
7.829 504.013
7.829 488.354
7.829 504.013
7.829 488.354
7.829 504.013
7.829 488.354
7.829 504.013
7.829 488.354
7.829 504.013
7.829 488.354
7.829 504.013
7.829 488.354
7.829 504.013
7.829 488.354
7.829 504.013
7.829 488.354
7.829 504.013
7.829 488.354
7.829 504.013
7.829 488.354
7.829 504.013
7.829 488.354
7.829 504.013
7.829 488.354
7.829 504.013
7.829 488.354
7.829 504.013
7.829 488.354
7.829 504.013
7.829 488.354
7.829 504.013
7.829 488.354
7.829 504.013
7.829 488.354
7.829 504.013
7.829 488.354
7.829 504.013
7.829 488.354
7.829 504.013
7.829 488.354
7.829 504.013
7.829 488.354
7.829 504.013
7.829 488.354
7.829 5828.929
27.403 8026.032
27.403 8026.032
27.403 8026.032
27.403 8026.032
27.403 2335.095
7.829 488.354
7.829 504.013
7.829 488.354
7.829 504.013
7.829 488.354
7.829 504.013
7.829 488.354
7.829 504.013
7.829 488.354
7.829 504.013
7.829 488.354
7.829 504.013
7.829 488.354
7.829 504.013
7.829 488.354
7.829 504.013
7.829 488.354
7.829 504.013
7.829 488.354
7.829 504.013
7.829 488.354
7.829 504.013
7.829 488.354
7.829 504.013
7.829 488.354
7.829 504.013
7.829 488.354
7.829 504.013
7.829 488.354
7.829 504.013
7.829 488.354
7.829 504.013
7.829 488.354
7.829 504.013
7.829 488.354
7.829 504.013
7.829 488.354
7.829 504.013
7.829 488.354
7.829 504.013
7.829 488.354
7.829 504.013
7.829 488.354
7.829 504.013
7.829 488.354
7.829 504.013
7.829 488.354
7.829 504.013
7.829 488.354
7.829 504.013
7.829 488.354
7.829 504.013
7.829 488.354
7.829 504.013
7.829 488.354
7.829 504.013
7.829 488.354
7.829 504.013
7.829 488.354
7.829 504.013
7.829 488.354
7.829 504.013
7.829 488.354
7.829 504.013
7.829 488.354
7.829 504.013
7.829 488.354
7.829 504.013
7.829 488.354
7.829 504.013
7.829 10023.488
17.616 8035.819
17.616 8035.819
17.616 8035.819
17.616 6306.518
22.509 454.101
12.723 459.973
22.509 454.101
12.723 459.973
22.509 454.101
12.723 459.973
22.509 454.101
12.723 459.973
22.509 454.101
12.723 459.973
22.509 454.101
12.723 459.973
22.509 454.101
12.723 459.973
22.509 454.101
12.723 459.973
22.509 454.101
12.723 459.973
22.509 454.101
12.723 459.973
22.509 454.101
12.723 459.973
22.509 454.101
12.723 459.973
22.509 454.101
12.723 459.973
22.509 454.101
12.723 459.973
22.509 454.101
12.723 459.973
22.509 454.101
12.723 459.973
22.509 454.101
12.723 459.973
22.509 454.101
12.723 459.973
22.509 454.101
12.723 459.973
22.509 454.101
12.723 459.973
22.509 454.101
12.723 459.973
22.509 454.101
12.723 459.973
22.509 454.101
12.723 459.973
22.509 454.101
12.723 459.973
22.509 454.101
12.723 459.973
22.509 454.101
12.723 459.973
22.509 454.101
12.723 459.973
22.509 454.101
12.723 459.973
22.509 454.101
12.723 459.973
22.509 454.101
12.723 459.973
22.509 454.101
12.723 459.973
22.509 454.101
12.723 459.973
22.509 454.101
12.723 459.973
22.509 454.101
12.723 459.973
22.509 454.101
12.723 459.973
22.509 454.101
12.723 459.973
22.509 454.101
12.723 459.973
22.509 454.101
12.723 5843.609
12.723 8040.712
12.723 8040.712
12.723 8040.712
12.723 8040.712
12.723 2431.004
17.616 454.101
12.723 464.866
17.616 454.101
12.723 464.866
17.616 454.101
12.723 464.866
17.616 454.101
12.723 464.866
17.616 454.101
12.723 464.866
17.616 454.101
12.723 464.866
17.616 454.101
12.723 464.866
17.616 454.101
12.723 464.866
17.616 454.101
12.723 464.866
17.616 454.101
12.723 464.866
17.616 454.101
12.723 464.866
17.616 454.101
12.723 464.866
17.616 454.101
12.723 464.866
17.616 454.101
12.723 464.866
17.616 454.101
12.723 464.866
17.616 454.101
12.723 464.866
17.616 454.101
12.723 464.866
17.616 454.101
12.723 464.866
17.616 454.101
12.723 464.866
17.616 454.101
12.723 464.866
17.616 454.101
12.723 464.866
17.616 454.101
12.723 464.866
17.616 454.101
12.723 464.866
17.616 454.101
12.723 464.866
17.616 454.101
12.723 464.866
17.616 454.101
12.723 464.866
17.616 454.101
12.723 464.866
17.616 454.101
12.723 464.866
17.616 454.101
12.723 464.866
17.616 454.101
12.723 464.866
17.616 454.101
12.723 464.866
17.616 454.101
12.723 464.866
17.616 454.101
12.723 464.866
17.616 454.101
12.723 464.866
17.616 454.101
12.723 464.866
17.616 454.101
12.723 464.866
17.616 454.101
12.723 464.866
17.616 454.101
12.723 39191.623
22.509 375.807
12.723 381.679
22.509 375.807
12.723 381.679
22.509 375.807
12.723 381.679
22.509 375.807
12.723 381.679
22.509 375.807
12.723 381.679
22.509 375.807
12.723 381.679
22.509 375.807
12.723 381.679
22.509 375.807
12.723 381.679
22.509 375.807
12.723 381.679
22.509 375.807
12.723 381.679
22.509 375.807
12.723 381.679
22.509 375.807
12.723 381.679
22.509 375.807
12.723 381.679
22.509 375.807
12.723 381.679
22.509 375.807
12.723 381.679
22.509 375.807
12.723 381.679
22.509 375.807
12.723 381.679
22.509 375.807
12.723 381.679
22.509 375.807
12.723 381.679
22.509 375.807
12.723 381.679
22.509 375.807
12.723 381.679
22.509 375.807
12.723 381.679
22.509 375.807
12.723 381.679
22.509 375.807
12.723 381.679
22.509 375.807
12.723 381.679
22.509 375.807
12.723 381.679
22.509 375.807
12.723 381.679
22.509 375.807
12.723 381.679
22.509 375.807
12.723 381.679
22.509 375.807
12.723 381.679
22.509 375.807
12.723 381.679
22.509 375.807
12.723 381.679
22.509 375.807
12.723 381.679
22.509 375.807
12.723 381.679
22.509 375.807
12.723 381.679
22.509 375.807
12.723 381.679
22.509 375.807
12.723 381.679
22.509 375.807
12.723 381.679
22.509 375.807
12.723 381.679
22.509 375.807
12.723 381.679
22.509 375.807
12.723 381.679
22.509 375.807
12.723 381.679
22.509 375.807
12.723 381.679
22.509 375.807
12.723 381.679
22.509 375.807
12.723 381.679
22.509 39062.439
12.723 386.573
17.616 375.807
12.723 386.573
17.616 375.807
12.723 386.573
17.616 375.807
12.723 386.573
17.616 375.807
12.723 386.573
17.616 375.807
12.723 386.573
17.616 375.807
12.723 386.573
17.616 375.807
12.723 386.573
17.616 375.807
12.723 386.573
17.616 375.807
12.723 386.573
17.616 375.807
12.723 386.573
17.616 375.807
12.723 386.573
17.616 375.807
12.723 386.573
17.616 375.807
12.723 386.573
17.616 375.807
12.723 386.573
17.616 375.807
12.723 386.573
17.616 375.807
12.723 386.573
17.616 375.807
12.723 386.573
17.616 375.807
12.723 386.573
17.616 375.807
12.723 386.573
17.616 375.807
12.723 386.573
17.616 375.807
12.723 386.573
17.616 375.807
12.723 386.573
17.616 375.807
12.723 386.573
17.616 375.807
12.723 386.573
17.616 375.807
12.723 386.573
17.616 375.807
12.723 386.573
17.616 375.807
12.723 386.573
17.616 375.807
12.723 386.573
17.616 375.807
12.723 386.573
17.616 375.807
12.723 386.573
17.616 375.807
12.723 386.573
17.616 375.807
12.723 386.573
17.616 375.807
12.723 386.573
17.616 375.807
12.723 386.573
17.616 375.807
12.723 386.573
17.616 375.807
12.723 386.573
17.616 375.807
12.723 386.573
17.616 375.807
12.723 386.573
17.616 375.807
12.723 386.573
17.616 375.807
12.723 386.573
17.616 375.807
12.723 386.573
17.616 375.807
12.723 386.573
17.616 375.807
12.723 386.573
17.616 375.807
12.723 386.573
17.616 375.807
12.723 39073.204
17.616 375.807
12.723 386.573
17.616 375.807
12.723 386.573
17.616 375.807
12.723 386.573
17.616 375.807
12.723 386.573
17.616 375.807
12.723 386.573
17.616 375.807
12.723 386.573
17.616 375.807
12.723 386.573
17.616 375.807
12.723 386.573
17.616 375.807
12.723 386.573
17.616 375.807
12.723 386.573
17.616 375.807
12.723 386.573
17.616 375.807
12.723 386.573
17.616 375.807
12.723 386.573
17.616 375.807
12.723 386.573
17.616 375.807
12.723 386.573
17.616 375.807
12.723 386.573
17.616 375.807
12.723 386.573
17.616 375.807
12.723 386.573
17.616 375.807
12.723 386.573
17.616 375.807
12.723 386.573
17.616 375.807
12.723 386.573
17.616 375.807
12.723 386.573
17.616 375.807
12.723 386.573
17.616 375.807
12.723 386.573
17.616 375.807
12.723 386.573
17.616 375.807
12.723 386.573
17.616 375.807
12.723 386.573
17.616 375.807
12.723 386.573
17.616 375.807
12.723 386.573
17.616 375.807
12.723 386.573
17.616 375.807
12.723 386.573
17.616 375.807
12.723 386.573
17.616 375.807
12.723 386.573
17.616 375.807
12.723 386.573
17.616 375.807
12.723 386.573
17.616 375.807
12.723 386.573
17.616 375.807
12.723 386.573
17.616 375.807
12.723 386.573
17.616 375.807
12.723 386.573
17.616 375.807
12.723 386.573
17.616 375.807
12.723 386.573
17.616 375.807
12.723 386.573
17.616 375.807
12.723 386.573
17.616 375.807
12.723 386.573
17.616 375.807
12.723 386.573
17.616 39269.916
22.509 454.101
12.723 459.973
22.509 454.101
12.723 459.973
22.509 454.101
12.723 459.973
22.509 454.101
12.723 459.973
22.509 454.101
12.723 459.973
22.509 454.101
12.723 459.973
22.509 454.101
12.723 459.973
22.509 454.101
12.723 459.973
22.509 454.101
12.723 459.973
22.509 454.101
12.723 459.973
22.509 454.101
12.723 459.973
22.509 454.101
12.723 459.973
22.509 454.101
12.723 459.973
22.509 454.101
12.723 459.973
22.509 454.101
12.723 459.973
22.509 454.101
12.723 459.973
22.509 454.101
12.723 459.973
22.509 454.101
12.723 459.973
22.509 454.101
12.723 459.973
22.509 454.101
12.723 459.973
22.509 454.101
12.723 459.973
22.509 454.101
12.723 459.973
22.509 454.101
12.723 459.973
22.509 454.101
12.723 459.973
22.509 454.101
12.723 459.973
22.509 454.101
12.723 459.973
22.509 454.101
12.723 459.973
22.509 454.101
12.723 459.973
22.509 454.101
12.723 459.973
22.509 454.101
12.723 459.973
22.509 454.101
12.723 459.973
22.509 454.101
12.723 459.973
22.509 454.101
12.723 459.973
22.509 454.101
12.723 459.973
22.509 454.101
12.723 459.973
22.509 454.101
12.723 459.973
22.509 454.101
12.723 459.973
22.509 454.101
12.723 39136.817
17.616 454.101
12.723 464.866
17.616 454.101
12.723 464.866
17.616 454.101
12.723 464.866
17.616 454.101
12.723 464.866
17.616 454.101
12.723 464.866
17.616 454.101
12.723 464.866
17.616 454.101
12.723 464.866
17.616 454.101
12.723 464.866
17.616 454.101
12.723 464.866
17.616 454.101
12.723 464.866
17.616 454.101
12.723 464.866
17.616 454.101
12.723 464.866
17.616 454.101
12.723 464.866
17.616 454.101
12.723 464.866
17.616 454.101
12.723 464.866
17.616 454.101
12.723 464.866
17.616 454.101
12.723 464.866
17.616 454.101
12.723 464.866
17.616 454.101
12.723 464.866
17.616 454.101
12.723 464.866
17.616 454.101
12.723 464.866
17.616 454.101
12.723 464.866
17.616 454.101
12.723 464.866
17.616 454.101
12.723 464.866
17.616 454.101
12.723 464.866
17.616 454.101
12.723 464.866
17.616 454.101
12.723 464.866
17.616 454.101
12.723 464.866
17.616 454.101
12.723 464.866
17.616 454.101
12.723 464.866
17.616 454.101
12.723 464.866
17.616 454.101
12.723 464.866
17.616 454.101
12.723 464.866
17.616 454.101
12.723 464.866
17.616 454.101
12.723 464.866
17.616 454.101
12.723 464.866
17.616 454.101
12.723 464.866
17.616 454.101
12.723 39136.817
17.616 454.101
12.723 464.866
17.616 454.101
12.723 464.866
17.616 454.101
12.723 464.866
17.616 454.101
12.723 464.866
17.616 454.101
12.723 464.866
17.616 454.101
12.723 464.866
17.616 454.101
12.723 464.866
17.616 454.101
12.723 464.866
17.616 454.101
12.723 464.866
17.616 454.101
12.723 464.866
17.616 454.101
12.723 464.866
17.616 454.101
12.723 464.866
17.616 454.101
12.723 464.866
17.616 454.101
12.723 464.866
17.616 454.101
12.723 464.866
17.616 454.101
12.723 464.866
17.616 454.101
12.723 464.866
17.616 454.101
12.723 464.866
17.616 454.101
12.723 464.866
17.616 454.101
12.723 464.866
17.616 454.101
12.723 464.866
17.616 454.101
12.723 464.866
17.616 454.101
12.723 464.866
17.616 454.101
12.723 464.866
17.616 454.101
12.723 464.866
17.616 454.101
12.723 464.866
17.616 454.101
12.723 464.866
17.616 454.101
12.723 464.866
17.616 454.101
12.723 464.866
17.616 454.101
12.723 464.866
17.616 454.101
12.723 464.866
17.616 454.101
12.723 464.866
17.616 454.101
12.723 464.866
17.616 454.101
12.723 464.866
17.616 454.101
12.723 464.866
17.616 454.101
12.723 464.866
17.616 454.101
12.723 464.866
17.616 454.101
12.723 39141.711
12.723 458.994
7.829 469.759
12.723 458.994
7.829 469.759
12.723 458.994
7.829 469.759
12.723 458.994
7.829 469.759
12.723 458.994
7.829 469.759
12.723 458.994
7.829 469.759
12.723 458.994
7.829 469.759
12.723 458.994
7.829 469.759
12.723 458.994
7.829 469.759
12.723 458.994
7.829 469.759
12.723 458.994
7.829 469.759
12.723 458.994
7.829 469.759
12.723 458.994
7.829 469.759
12.723 458.994
7.829 469.759
12.723 458.994
7.829 469.759
12.723 458.994
7.829 469.759
12.723 458.994
7.829 469.759
12.723 458.994
7.829 469.759
12.723 458.994
7.829 469.759
12.723 458.994
7.829 469.759
12.723 458.994
7.829 469.759
12.723 458.994
7.829 469.759
12.723 458.994
7.829 469.759
12.723 458.994
7.829 469.759
12.723 458.994
7.829 469.759
12.723 458.994
7.829 469.759
12.723 458.994
7.829 469.759
12.723 458.994
7.829 469.759
12.723 458.994
7.829 469.759
12.723 458.994
7.829 469.759
12.723 458.994
7.829 469.759
12.723 458.994
7.829 469.759
12.723 458.994
7.829 469.759
12.723 458.994
7.829 469.759
12.723 458.994
7.829 469.759
12.723 458.994
7.829 469.759
12.723 458.994
7.829 469.759
12.723 458.994
7.829 39141.711
12.723 458.994
7.829 469.759
12.723 458.994
7.829 469.759
12.723 458.994
7.829 469.759
12.723 458.994
7.829 469.759
12.723 458.994
7.829 469.759
12.723 458.994
7.829 469.759
12.723 458.994
7.829 469.759
12.723 458.994
7.829 469.759
12.723 458.994
7.829 469.759
12.723 458.994
7.829 469.759
12.723 458.994
7.829 469.759
12.723 458.994
7.829 469.759
12.723 458.994
7.829 469.759
12.723 458.994
7.829 469.759
12.723 458.994
7.829 469.759
12.723 458.994
7.829 469.759
12.723 458.994
7.829 469.759
12.723 458.994
7.829 469.759
12.723 458.994
7.829 469.759
12.723 458.994
7.829 469.759
12.723 458.994
7.829 469.759
12.723 458.994
7.829 469.759
12.723 458.994
7.829 469.759
12.723 458.994
7.829 469.759
12.723 458.994
7.829 469.759
12.723 458.994
7.829 469.759
12.723 458.994
7.829 469.759
12.723 458.994
7.829 469.759
12.723 458.994
7.829 469.759
12.723 458.994
7.829 469.759
12.723 458.994
7.829 469.759
12.723 458.994
7.829 469.759
12.723 458.994
7.829 469.759
12.723 458.994
7.829 469.759
12.723 458.994
7.829 469.759
12.723 458.994
7.829 469.759
12.723 458.994
7.829 469.759
12.723 458.994
7.829 39299.276
22.509 483.461
12.723 489.333
22.509 483.461
12.723 489.333
22.509 483.461
12.723 489.333
22.509 483.461
12.723 489.333
22.509 483.461
12.723 489.333
22.509 483.461
12.723 489.333
22.509 483.461
12.723 489.333
22.509 483.461
12.723 489.333
22.509 483.461
12.723 489.333
22.509 483.461
12.723 489.333
22.509 483.461
12.723 489.333
22.509 483.461
12.723 489.333
22.509 483.461
12.723 489.333
22.509 483.461
12.723 489.333
22.509 483.461
12.723 489.333
22.509 483.461
12.723 489.333
22.509 483.461
12.723 489.333
22.509 483.461
12.723 489.333
22.509 483.461
12.723 489.333
22.509 483.461
12.723 489.333
22.509 483.461
12.723 489.333
22.509 483.461
12.723 489.333
22.509 483.461
12.723 489.333
22.509 483.461
12.723 489.333
22.509 483.461
12.723 489.333
22.509 483.461
12.723 489.333
22.509 483.461
12.723 489.333
22.509 483.461
12.723 489.333
22.509 483.461
12.723 489.333
22.509 483.461
12.723 489.333
22.509 483.461
12.723 489.333
22.509 483.461
12.723 489.333
22.509 483.461
12.723 489.333
22.509 483.461
12.723 489.333
22.509 483.461
12.723 489.333
22.509 39155.412
12.723 494.226
17.616 483.461
12.723 494.226
17.616 483.461
12.723 494.226
17.616 483.461
12.723 494.226
17.616 483.461
12.723 494.226
17.616 483.461
12.723 494.226
17.616 483.461
12.723 494.226
17.616 483.461
12.723 494.226
17.616 483.461
12.723 494.226
17.616 483.461
12.723 494.226
17.616 483.461
12.723 494.226
17.616 483.461
12.723 494.226
17.616 483.461
12.723 494.226
17.616 483.461
12.723 494.226
17.616 483.461
12.723 494.226
17.616 483.461
12.723 494.226
17.616 483.461
12.723 494.226
17.616 483.461
12.723 494.226
17.616 483.461
12.723 494.226
17.616 483.461
12.723 494.226
17.616 483.461
12.723 494.226
17.616 483.461
12.723 494.226
17.616 483.461
12.723 494.226
17.616 483.461
12.723 494.226
17.616 483.461
12.723 494.226
17.616 483.461
12.723 494.226
17.616 483.461
12.723 494.226
17.616 483.461
12.723 494.226
17.616 483.461
12.723 494.226
17.616 483.461
12.723 494.226
17.616 483.461
12.723 494.226
17.616 483.461
12.723 494.226
17.616 483.461
12.723 494.226
17.616 483.461
12.723 494.226
17.616 483.461
12.723 494.226
17.616 483.461
12.723 39166.177
17.616 483.461
12.723 494.226
17.616 483.461
12.723 494.226
17.616 483.461
12.723 494.226
17.616 483.461
12.723 494.226
17.616 483.461
12.723 494.226
17.616 483.461
12.723 494.226
17.616 483.461
12.723 494.226
17.616 483.461
12.723 494.226
17.616 483.461
12.723 494.226
17.616 483.461
12.723 494.226
17.616 483.461
12.723 494.226
17.616 483.461
12.723 494.226
17.616 483.461
12.723 494.226
17.616 483.461
12.723 494.226
17.616 483.461
12.723 494.226
17.616 483.461
12.723 494.226
17.616 483.461
12.723 494.226
17.616 483.461
12.723 494.226
17.616 483.461
12.723 494.226
17.616 483.461
12.723 494.226
17.616 483.461
12.723 494.226
17.616 483.461
12.723 494.226
17.616 483.461
12.723 494.226
17.616 483.461
12.723 494.226
17.616 483.461
12.723 494.226
17.616 483.461
12.723 494.226
17.616 483.461
12.723 494.226
17.616 483.461
12.723 494.226
17.616 483.461
12.723 494.226
17.616 483.461
12.723 494.226
17.616 483.461
12.723 494.226
17.616 483.461
12.723 494.226
17.616 483.461
12.723 494.226
17.616 483.461
12.723 494.226
17.616 483.461
12.723 494.226
17.616 39160.305
7.829 499.119
12.723 488.354
7.829 499.119
12.723 488.354
7.829 499.119
12.723 488.354
7.829 499.119
12.723 488.354
7.829 499.119
12.723 488.354
7.829 499.119
12.723 488.354
7.829 499.119
12.723 488.354
7.829 499.119
12.723 488.354
7.829 499.119
12.723 488.354
7.829 499.119
12.723 488.354
7.829 499.119
12.723 488.354
7.829 499.119
12.723 488.354
7.829 499.119
12.723 488.354
7.829 499.119
12.723 488.354
7.829 499.119
12.723 488.354
7.829 499.119
12.723 488.354
7.829 499.119
12.723 488.354
7.829 499.119
12.723 488.354
7.829 499.119
12.723 488.354
7.829 499.119
12.723 488.354
7.829 499.119
12.723 488.354
7.829 499.119
12.723 488.354
7.829 499.119
12.723 488.354
7.829 499.119
12.723 488.354
7.829 499.119
12.723 488.354
7.829 499.119
12.723 488.354
7.829 499.119
12.723 488.354
7.829 499.119
12.723 488.354
7.829 499.119
12.723 488.354
7.829 499.119
12.723 488.354
7.829 499.119
12.723 488.354
7.829 499.119
12.723 488.354
7.829 499.119
12.723 488.354
7.829 499.119
12.723 488.354
7.829 499.119
12.723 488.354
7.829 39171.071
12.723 488.354
7.829 499.119
12.723 488.354
7.829 499.119
12.723 488.354
7.829 499.119
12.723 488.354
7.829 499.119
12.723 488.354
7.829 499.119
12.723 488.354
7.829 499.119
12.723 488.354
7.829 499.119
12.723 488.354
7.829 499.119
12.723 488.354
7.829 499.119
12.723 488.354
7.829 499.119
12.723 488.354
7.829 499.119
12.723 488.354
7.829 499.119
12.723 488.354
7.829 499.119
12.723 488.354
7.829 499.119
12.723 488.354
7.829 499.119
12.723 488.354
7.829 499.119
12.723 488.354
7.829 499.119
12.723 488.354
7.829 499.119
12.723 488.354
7.829 499.119
12.723 488.354
7.829 499.119
12.723 488.354
7.829 499.119
12.723 488.354
7.829 499.119
12.723 488.354
7.829 499.119
12.723 488.354
7.829 499.119
12.723 488.354
7.829 499.119
12.723 488.354
7.829 499.119
12.723 488.354
7.829 499.119
12.723 488.354
7.829 499.119
12.723 488.354
7.829 499.119
12.723 488.354
7.829 499.119
12.723 488.354
7.829 499.119
12.723 488.354
7.829 499.119
12.723 488.354
7.829 499.119
12.723 488.354
7.829 499.119
12.723 488.354
7.829 499.119
12.723 39160.305
7.829 499.119
12.723 488.354
7.829 499.119
12.723 488.354
7.829 499.119
12.723 488.354
7.829 499.119
12.723 488.354
7.829 499.119
12.723 488.354
7.829 499.119
12.723 488.354
7.829 499.119
12.723 488.354
7.829 499.119
12.723 488.354
7.829 499.119
12.723 488.354
7.829 499.119
12.723 488.354
7.829 499.119
12.723 488.354
7.829 499.119
12.723 488.354
7.829 499.119
12.723 488.354
7.829 499.119
12.723 488.354
7.829 499.119
12.723 488.354
7.829 499.119
12.723 488.354
7.829 499.119
12.723 488.354
7.829 499.119
12.723 488.354
7.829 499.119
12.723 488.354
7.829 499.119
12.723 488.354
7.829 499.119
12.723 488.354
7.829 499.119
12.723 488.354
7.829 499.119
12.723 488.354
7.829 499.119
12.723 488.354
7.829 499.119
12.723 488.354
7.829 499.119
12.723 488.354
7.829 499.119
12.723 488.354
7.829 499.119
12.723 488.354
7.829 499.119
12.723 488.354
7.829 499.119
12.723 488.354
7.829 499.119
12.723 488.354
7.829 499.119
12.723 488.354
7.829 499.119
12.723 488.354
7.829 499.119
12.723 488.354
7.829 499.119
12.723 488.354
7.829 39171.071
12.723 488.354
7.829 499.119
12.723 488.354
7.829 499.119
12.723 488.354
7.829 499.119
12.723 488.354
7.829 499.119
12.723 488.354
7.829 499.119
12.723 488.354
7.829 499.119
12.723 488.354
7.829 499.119
12.723 488.354
7.829 499.119
12.723 488.354
7.829 499.119
12.723 488.354
7.829 499.119
12.723 488.354
7.829 499.119
12.723 488.354
7.829 499.119
12.723 488.354
7.829 499.119
12.723 488.354
7.829 499.119
12.723 488.354
7.829 499.119
12.723 488.354
7.829 499.119
12.723 488.354
7.829 499.119
12.723 488.354
7.829 499.119
12.723 488.354
7.829 499.119
12.723 488.354
7.829 499.119
12.723 488.354
7.829 499.119
12.723 488.354
7.829 499.119
12.723 488.354
7.829 499.119
12.723 488.354
7.829 499.119
12.723 488.354
7.829 499.119
12.723 488.354
7.829 499.119
12.723 488.354
7.829 499.119
12.723 488.354
7.829 499.119
12.723 488.354
7.829 499.119
12.723 488.354
7.829 499.119
12.723 488.354
7.829 499.119
12.723 488.354
7.829 499.119
12.723 488.354
7.829 499.119
12.723 488.354
7.829 499.119
12.723 488.354
7.829 499.119
12.723 39160.305
7.829 499.119
12.723 488.354
7.829 499.119
12.723 488.354
7.829 499.119
12.723 488.354
7.829 499.119
12.723 488.354
7.829 499.119
12.723 488.354
7.829 499.119
12.723 488.354
7.829 499.119
12.723 488.354
7.829 499.119
12.723 488.354
7.829 499.119
12.723 488.354
7.829 499.119
12.723 488.354
7.829 499.119
12.723 488.354
7.829 499.119
12.723 488.354
7.829 499.119
12.723 488.354
7.829 499.119
12.723 488.354
7.829 499.119
12.723 488.354
7.829 499.119
12.723 488.354
7.829 499.119
12.723 488.354
7.829 499.119
12.723 488.354
7.829 499.119
12.723 488.354
7.829 499.119
12.723 488.354
7.829 499.119
12.723 488.354
7.829 499.119
12.723 488.354
7.829 499.119
12.723 488.354
7.829 499.119
12.723 488.354
7.829 499.119
12.723 488.354
7.829 499.119
12.723 488.354
7.829 499.119
12.723 488.354
7.829 499.119
12.723 488.354
7.829 499.119
12.723 488.354
7.829 499.119
12.723 488.354
7.829 499.119
12.723 488.354
7.829 499.119
12.723 488.354
7.829 499.119
12.723 488.354
7.829 499.119
12.723 488.354
7.829 499.119
12.723 488.354
7.829 39175.964
7.829 488.354
7.829 504.013
7.829 488.354
7.829 504.013
7.829 488.354
7.829 504.013
7.829 488.354
7.829 504.013
7.829 488.354
7.829 504.013
7.829 488.354
7.829 504.013
7.829 488.354
7.829 504.013
7.829 488.354
7.829 504.013
7.829 488.354
7.829 504.013
7.829 488.354
7.829 504.013
7.829 488.354
7.829 504.013
7.829 488.354
7.829 504.013
7.829 488.354
7.829 504.013
7.829 488.354
7.829 504.013
7.829 488.354
7.829 504.013
7.829 488.354
7.829 504.013
7.829 488.354
7.829 504.013
7.829 488.354
7.829 504.013
7.829 488.354
7.829 504.013
7.829 488.354
7.829 504.013
7.829 488.354
7.829 504.013
7.829 488.354
7.829 504.013
7.829 488.354
7.829 504.013
7.829 488.354
7.829 504.013
7.829 488.354
7.829 504.013
7.829 488.354
7.829 504.013
7.829 488.354
7.829 504.013
7.829 488.354
7.829 504.013
7.829 488.354
7.829 504.013
7.829 488.354
7.829 504.013
7.829 488.354
7.829 504.013
7.829 488.354
7.829 504.013
7.829 488.354
7.829 504.013
7.829 488.354
7.829 504.013
7.829 488.354
7.829 504.013
7.829 39160.305
7.829 504.013
7.829 488.354
7.829 504.013
7.829 488.354
7.829 504.013
7.829 488.354
7.829 504.013
7.829 488.354
7.829 504.013
7.829 488.354
7.829 504.013
7.829 488.354
7.829 504.013
7.829 488.354
7.829 504.013
7.829 488.354
7.829 504.013
7.829 488.354
7.829 504.013
7.829 488.354
7.829 504.013
7.829 488.354
7.829 504.013
7.829 488.354
7.829 504.013
7.829 488.354
7.829 504.013
7.829 488.354
7.829 504.013
7.829 488.354
7.829 504.013
7.829 488.354
7.829 504.013
7.829 488.354
7.829 504.013
7.829 488.354
7.829 504.013
7.829 488.354
7.829 504.013
7.829 488.354
7.829 504.013
7.829 488.354
7.829 504.013
7.829 488.354
7.829 504.013
7.829 488.354
7.829 504.013
7.829 488.354
7.829 504.013
7.829 488.354
7.829 504.013
7.829 488.354
7.829 504.013
7.829 488.354
7.829 504.013
7.829 488.354
7.829 504.013
7.829 488.354
7.829 504.013
7.829 488.354
7.829 504.013
7.829 488.354
7.829 504.013
7.829 488.354
7.829 504.013
7.829 488.354
7.829 504.013
7.829 488.354
7.829 504.013
7.829 488.354
7.829 39202.388
7.829 488.354
7.829 504.013
7.829 488.354
7.829 504.013
7.829 488.354
7.829 504.013
7.829 488.354
7.829 504.013
7.829 488.354
7.829 504.013
7.829 488.354
7.829 504.013
7.829 488.354
7.829 504.013
7.829 488.354
7.829 504.013
7.829 488.354
7.829 504.013
7.829 488.354
7.829 504.013
7.829 488.354
7.829 504.013
7.829 488.354
7.829 504.013
7.829 488.354
7.829 504.013
7.829 488.354
7.829 504.013
7.829 488.354
7.829 504.013
7.829 488.354
7.829 504.013
7.829 488.354
7.829 504.013
7.829 488.354
7.829 504.013
7.829 488.354
7.829 504.013
7.829 488.354
7.829 504.013
7.829 488.354
7.829 504.013
7.829 488.354
7.829 504.013
7.829 488.354
7.829 504.013
7.829 488.354
7.829 504.013
7.829 488.354
7.829 504.013
7.829 488.354
7.829 504.013
7.829 488.354
7.829 504.013
7.829 488.354
7.829 504.013
7.829 488.354
7.829 504.013
7.829 488.354
7.829 504.013
7.829 488.354
7.829 504.013
7.829 488.354
7.829 504.013
7.829 488.354
7.829 504.013
7.829 488.354
7.829 504.013
7.829 488.354
7.829 504.013
7.829 39160.305
7.829 504.013
7.829 488.354
7.829 504.013
7.829 488.354
7.829 504.013
7.829 488.354
7.829 504.013
7.829 488.354
7.829 504.013
7.829 488.354
7.829 504.013
7.829 488.354
7.829 504.013
7.829 488.354
7.829 504.013
7.829 488.354
7.829 504.013
7.829 488.354
7.829 504.013
7.829 488.354
7.829 504.013
7.829 488.354
7.829 504.013
7.829 488.354
7.829 504.013
7.829 488.354
7.829 504.013
7.829 488.354
7.829 504.013
7.829 488.354
7.829 504.013
7.829 488.354
7.829 504.013
7.829 488.354
7.829 504.013
7.829 488.354
7.829 504.013
7.829 488.354
7.829 504.013
7.829 488.354
7.829 504.013
7.829 488.354
7.829 504.013
7.829 488.354
7.829 504.013
7.829 488.354
7.829 504.013
7.829 488.354
7.829 504.013
7.829 488.354
7.829 504.013
7.829 488.354
7.829 504.013
7.829 488.354
7.829 504.013
7.829 488.354
7.829 504.013
7.829 488.354
7.829 504.013
7.829 488.354
7.829 504.013
7.829 488.354
7.829 504.013
7.829 488.354
7.829 504.013
7.829 488.354
7.829 504.013
7.829 488.354
7.829 504.013
7.829 488.354
7.829 39175.964
7.829 488.354
7.829 504.013
7.829 488.354
7.829 504.013
7.829 488.354
7.829 504.013
7.829 488.354
7.829 504.013
7.829 488.354
7.829 504.013
7.829 488.354
7.829 504.013
7.829 488.354
7.829 504.013
7.829 488.354
7.829 504.013
7.829 488.354
7.829 504.013
7.829 488.354
7.829 504.013
7.829 488.354
7.829 504.013
7.829 488.354
7.829 504.013
7.829 488.354
7.829 504.013
7.829 488.354
7.829 504.013
7.829 488.354
7.829 504.013
7.829 488.354
7.829 504.013
7.829 488.354
7.829 504.013
7.829 488.354
7.829 504.013
7.829 488.354
7.829 504.013
7.829 488.354
7.829 504.013
7.829 488.354
7.829 504.013
7.829 488.354
7.829 504.013
7.829 488.354
7.829 504.013
7.829 488.354
7.829 504.013
7.829 488.354
7.829 504.013
7.829 488.354
7.829 504.013
7.829 488.354
7.829 504.013
7.829 488.354
7.829 504.013
7.829 488.354
7.829 504.013
7.829 488.354
7.829 504.013
7.829 488.354
7.829 504.013
7.829 488.354
7.829 504.013
7.829 488.354
7.829 504.013
7.829 488.354
7.829 504.013
7.829 488.354
7.829 504.013
7.829 39160.305
7.829 504.013
7.829 488.354
7.829 504.013
7.829 488.354
7.829 504.013
7.829 488.354
7.829 504.013
7.829 488.354
7.829 504.013
7.829 488.354
7.829 504.013
7.829 488.354
7.829 504.013
7.829 488.354
7.829 504.013
7.829 488.354
7.829 504.013
7.829 488.354
7.829 504.013
7.829 488.354
7.829 504.013
7.829 488.354
7.829 504.013
7.829 488.354
7.829 504.013
7.829 488.354
7.829 504.013
7.829 488.354
7.829 504.013
7.829 488.354
7.829 504.013
7.829 488.354
7.829 504.013
7.829 488.354
7.829 504.013
7.829 488.354
7.829 504.013
7.829 488.354
7.829 504.013
7.829 488.354
7.829 504.013
7.829 488.354
7.829 504.013
7.829 488.354
7.829 504.013
7.829 488.354
7.829 504.013
7.829 488.354
7.829 504.013
7.829 488.354
7.829 504.013
7.829 488.354
7.829 504.013
7.829 488.354
7.829 504.013
7.829 488.354
7.829 504.013
7.829 488.354
7.829 504.013
7.829 488.354
7.829 504.013
7.829 488.354
7.829 504.013
7.829 488.354
7.829 504.013
7.829 488.354
7.829 504.013
7.829 488.354
7.829 504.013
7.829 488.354
7.829 39175.964
7.829 488.354
7.829 504.013
7.829 488.354
7.829 504.013
7.829 488.354
7.829 504.013
7.829 488.354
7.829 504.013
7.829 488.354
7.829 504.013
7.829 488.354
7.829 504.013
7.829 488.354
7.829 504.013
7.829 488.354
7.829 504.013
7.829 488.354
7.829 504.013
7.829 488.354
7.829 504.013
7.829 488.354
7.829 504.013
7.829 488.354
7.829 504.013
7.829 488.354
7.829 504.013
7.829 488.354
7.829 504.013
7.829 488.354
7.829 504.013
7.829 488.354
7.829 504.013
7.829 488.354
7.829 504.013
7.829 488.354
7.829 504.013
7.829 488.354
7.829 504.013
7.829 488.354
7.829 504.013
7.829 488.354
7.829 504.013
7.829 488.354
7.829 504.013
7.829 488.354
7.829 504.013
7.829 488.354
7.829 504.013
7.829 488.354
7.829 504.013
7.829 488.354
7.829 504.013
7.829 488.354
7.829 504.013
7.829 488.354
7.829 504.013
7.829 488.354
7.829 504.013
7.829 488.354
7.829 504.013
7.829 488.354
7.829 504.013
7.829 488.354
7.829 504.013
7.829 488.354
7.829 504.013
7.829 488.354
7.829 504.013
7.829 488.354
7.829 504.013
7.829 39160.305
7.829 504.013
7.829 488.354
7.829 504.013
7.829 488.354
7.829 504.013
7.829 488.354
7.829 504.013
7.829 488.354
7.829 504.013
7.829 488.354
7.829 504.013
7.829 488.354
7.829 504.013
7.829 488.354
7.829 504.013
7.829 488.354
7.829 504.013
7.829 488.354
7.829 504.013
7.829 488.354
7.829 504.013
7.829 488.354
7.829 504.013
7.829 488.354
7.829 504.013
7.829 488.354
7.829 504.013
7.829 488.354
7.829 504.013
7.829 488.354
7.829 504.013
7.829 488.354
7.829 504.013
7.829 488.354
7.829 504.013
7.829 488.354
7.829 504.013
7.829 488.354
7.829 504.013
7.829 488.354
7.829 504.013
7.829 488.354
7.829 504.013
7.829 488.354
7.829 504.013
7.829 488.354
7.829 504.013
7.829 488.354
7.829 504.013
7.829 488.354
7.829 504.013
7.829 488.354
7.829 504.013
7.829 488.354
7.829 504.013
7.829 488.354
7.829 504.013
7.829 488.354
7.829 504.013
7.829 488.354
7.829 504.013
7.829 488.354
7.829 504.013
7.829 488.354
7.829 504.013
7.829 488.354
7.829 504.013
7.829 488.354
7.829 504.013
7.829 488.354
7.829 39175.964
7.829 488.354
7.829 504.013
7.829 488.354
7.829 504.013
7.829 488.354
7.829 504.013
7.829 488.354
7.829 504.013
7.829 488.354
7.829 504.013
7.829 488.354
7.829 504.013
7.829 488.354
7.829 504.013
7.829 488.354
7.829 504.013
7.829 488.354
7.829 504.013
7.829 488.354
7.829 504.013
7.829 488.354
7.829 504.013
7.829 488.354
7.829 504.013
7.829 488.354
7.829 504.013
7.829 488.354
7.829 504.013
7.829 488.354
7.829 504.013
7.829 488.354
7.829 504.013
7.829 488.354
7.829 504.013
7.829 488.354
7.829 504.013
7.829 488.354
7.829 504.013
7.829 488.354
7.829 504.013
7.829 488.354
7.829 504.013
7.829 488.354
7.829 504.013
7.829 488.354
7.829 504.013
7.829 488.354
7.829 504.013
7.829 488.354
7.829 504.013
7.829 488.354
7.829 504.013
7.829 488.354
7.829 504.013
7.829 488.354
7.829 504.013
7.829 488.354
7.829 504.013
7.829 488.354
7.829 504.013
7.829 488.354
7.829 504.013
7.829 488.354
7.829 504.013
7.829 488.354
7.829 504.013
7.829 488.354
7.829 504.013
7.829 488.354
7.829 504.013
7.829 39160.305
7.829 504.013
7.829 488.354
7.829 504.013
7.829 488.354
7.829 504.013
7.829 488.354
7.829 504.013
7.829 488.354
7.829 504.013
7.829 488.354
7.829 504.013
7.829 488.354
7.829 504.013
7.829 488.354
7.829 504.013
7.829 488.354
7.829 504.013
7.829 488.354
7.829 504.013
7.829 488.354
7.829 504.013
7.829 488.354
7.829 504.013
7.829 488.354
7.829 504.013
7.829 488.354
7.829 504.013
7.829 488.354
7.829 504.013
7.829 488.354
7.829 504.013
7.829 488.354
7.829 504.013
7.829 488.354
7.829 504.013
7.829 488.354
7.829 504.013
7.829 488.354
7.829 504.013
7.829 488.354
7.829 504.013
7.829 488.354
7.829 504.013
7.829 488.354
7.829 504.013
7.829 488.354
7.829 504.013
7.829 488.354
7.829 504.013
7.829 488.354
7.829 504.013
7.829 488.354
7.829 504.013
7.829 488.354
7.829 504.013
7.829 488.354
7.829 504.013
7.829 488.354
7.829 504.013
7.829 488.354
7.829 504.013
7.829 488.354
7.829 504.013
7.829 488.354
7.829 504.013
7.829 488.354
7.829 504.013
7.829 488.354
7.829 504.013
7.829 488.354
7.829 10986280.094
638.090 638.090
638.090 127161.871
197.690 268.154
197.690 268.154
197.690 268.154
197.690 93866.706
197.690 268.154
197.690 268.154
197.690 268.154
197.690 97744.177
197.690 268.154
197.690 268.154
197.690 268.154
197.690 96697.005
329.810 329.810
400.274 197.690
268.154 197.690
268.154 197.690
268.154 197.690
92913.486 197.690
268.154 197.690
268.154 197.690
268.154 197.690
92310.628 197.690
268.154 197.690
268.154 197.690
268.154 197.690
124391.270 814.249
814.249 814.249
884.713 197.690
268.154 197.690
268.154 197.690
268.154 197.690
114002.740 329.810
329.810 400.274
197.690 268.154
197.690 268.154
197.690 268.154
197.690 94883.539
197.690 268.154
197.690 268.154
197.690 268.154
197.690 83852.026
329.810 329.810
400.274 197.690
268.154 197.690
268.154 197.690
268.154 197.690
80941.476 197.690
268.154 197.690
268.154 197.690
268.154 197.690
68943.042 197.690
268.154 197.690
268.154 197.690
268.154 197.690
68483.069 197.690
268.154 197.690
268.154 197.690
268.154 197.690
65093.952 197.690
268.154 197.690
268.154 197.690
268.154 197.690
66999.413 197.690
268.154 197.690
268.154 197.690
268.154 197.690
66902.525 197.690
268.154 197.690
268.154 197.690
268.154 197.690
66880.016 197.690
268.154 197.690
268.154 197.690
268.154 197.690
66618.712 197.690
268.154 197.690
268.154 197.690
268.154 197.690
66493.443 197.690
268.154 197.690
268.154 197.690
268.154 197.690
66399.491 197.690
268.154 197.690
268.154 197.690
268.154 197.690
66613.819 197.690
268.154 197.690
268.154 197.690
268.154 197.690
66326.091 197.690
268.154 197.690
268.154 197.690
268.154 197.690
