# P4.7a — s_Princess (title set, id 7), captured PER SONG
# armed frame 0; called at t=44.867 s after the arm
# pulse_us rest_us, one segment per line. The inter-song silence is NOT
# here: it belongs to the beat structure, which the port already owns.
7.829 2658.054
7.829 2658.054
7.829 2658.054
7.829 2658.054
7.829 2658.054
7.829 2658.054
7.829 2658.054
7.829 2658.054
7.829 2658.054
7.829 2658.054
7.829 2658.054
7.829 2658.054
7.829 7518.105
17.616 2648.268
17.616 2648.268
17.616 2648.268
17.616 2648.268
17.616 2648.268
17.616 2648.268
17.616 2648.268
17.616 2648.268
17.616 2648.268
17.616 2648.268
17.616 2648.268
17.616 2648.268
17.616 2648.268
17.616 7512.233
22.509 2643.374
22.509 2643.374
22.509 2643.374
22.509 2643.374
22.509 2643.374
22.509 2643.374
22.509 2643.374
22.509 2643.374
22.509 2643.374
22.509 2643.374
22.509 2643.374
22.509 2643.374
22.509 7498.532
22.509 2643.374
22.509 2643.374
22.509 2643.374
22.509 2643.374
22.509 2643.374
22.509 2643.374
22.509 2643.374
22.509 2643.374
22.509 2643.374
22.509 2643.374
22.509 2643.374
22.509 2643.374
22.509 2643.374
22.509 7497.553
22.509 2643.374
22.509 2643.374
22.509 2643.374
22.509 2643.374
22.509 2643.374
22.509 2643.374
22.509 2643.374
22.509 2643.374
22.509 2643.374
22.509 2643.374
22.509 2643.374
22.509 2643.374
22.509 7498.532
22.509 2643.374
22.509 2643.374
22.509 2643.374
22.509 2643.374
22.509 2643.374
22.509 2643.374
22.509 2643.374
22.509 2643.374
22.509 2643.374
22.509 2643.374
22.509 2643.374
22.509 2643.374
22.509 2643.374
22.509 9107.457
22.509 2643.374
22.509 2643.374
22.509 2643.374
22.509 2643.374
22.509 2643.374
22.509 2643.374
22.509 2643.374
22.509 2643.374
22.509 2643.374
22.509 2643.374
22.509 2643.374
22.509 2643.374
22.509 7489.724
22.509 2643.374
22.509 2643.374
22.509 2643.374
22.509 2643.374
22.509 2643.374
22.509 2643.374
22.509 2643.374
22.509 2643.374
22.509 2643.374
22.509 2643.374
22.509 2643.374
22.509 2643.374
22.509 2643.374
22.509 7492.660
22.509 2643.374
22.509 2643.374
22.509 2643.374
22.509 2643.374
22.509 2643.374
22.509 2643.374
22.509 2643.374
22.509 2643.374
22.509 2643.374
22.509 2643.374
22.509 2643.374
22.509 2643.374
22.509 7478.959
22.509 2643.374
22.509 2643.374
22.509 2643.374
22.509 2643.374
22.509 2643.374
22.509 2643.374
22.509 2643.374
22.509 2643.374
22.509 2643.374
22.509 2643.374
22.509 2643.374
22.509 2643.374
22.509 2643.374
22.509 7488.745
22.509 2643.374
22.509 2643.374
22.509 2643.374
22.509 2643.374
22.509 2643.374
22.509 2643.374
22.509 2643.374
22.509 2643.374
22.509 2643.374
22.509 2643.374
22.509 2643.374
22.509 2643.374
22.509 7489.724
22.509 2643.374
22.509 2643.374
22.509 2643.374
22.509 2643.374
22.509 2643.374
22.509 2643.374
22.509 2643.374
22.509 2643.374
22.509 2643.374
22.509 2643.374
22.509 2643.374
22.509 2643.374
22.509 2643.374
22.509 7488.745
22.509 2643.374
22.509 2643.374
22.509 2643.374
22.509 2643.374
22.509 2643.374
22.509 2643.374
22.509 2643.374
22.509 2643.374
22.509 2643.374
22.509 2643.374
22.509 2643.374
22.509 2643.374
22.509 7478.959
22.509 2643.374
22.509 2643.374
22.509 2643.374
22.509 2643.374
22.509 2643.374
22.509 2643.374
22.509 2643.374
22.509 2643.374
22.509 2643.374
22.509 2643.374
22.509 2643.374
22.509 2643.374
22.509 2643.374
22.509 7488.745
22.509 2643.374
22.509 2643.374
22.509 2643.374
22.509 2643.374
22.509 2643.374
22.509 2643.374
22.509 2643.374
22.509 2643.374
22.509 2643.374
22.509 2643.374
22.509 2643.374
22.509 2643.374
22.509 7489.724
22.509 2643.374
22.509 2643.374
22.509 2643.374
22.509 2643.374
22.509 2643.374
22.509 2643.374
22.509 2643.374
22.509 2643.374
22.509 2643.374
22.509 2643.374
22.509 2643.374
22.509 2643.374
22.509 2643.374
22.509 7488.745
22.509 2643.374
22.509 2643.374
22.509 2643.374
22.509 2643.374
22.509 2643.374
22.509 2643.374
22.509 2643.374
22.509 2643.374
22.509 2643.374
22.509 2643.374
22.509 2643.374
22.509 2643.374
22.509 7489.724
22.509 2643.374
22.509 2643.374
22.509 2643.374
22.509 2643.374
22.509 2643.374
22.509 2643.374
22.509 2643.374
22.509 2643.374
22.509 2643.374
22.509 2643.374
22.509 2643.374
22.509 2643.374
22.509 2643.374
22.509 6326.091
7.829 1327.070
7.829 1327.070
7.829 1327.070
7.829 1327.070
7.829 1327.070
7.829 1327.070
7.829 1327.070
7.829 1327.070
7.829 1327.070
7.829 1327.070
7.829 1327.070
7.829 1327.070
7.829 1327.070
7.829 1327.070
7.829 1327.070
7.829 1327.070
7.829 1327.070
7.829 1327.070
7.829 1327.070
7.829 1327.070
7.829 1327.070
7.829 1327.070
7.829 1327.070
7.829 1327.070
7.829 1327.070
7.829 6178.313
17.616 1317.283
17.616 1317.283
17.616 1317.283
17.616 1317.283
17.616 1317.283
17.616 1317.283
17.616 1317.283
17.616 1317.283
17.616 1317.283
17.616 1317.283
17.616 1317.283
17.616 1317.283
17.616 1317.283
17.616 1317.283
17.616 1317.283
17.616 1317.283
17.616 1317.283
17.616 1317.283
17.616 1317.283
17.616 1317.283
17.616 1317.283
17.616 1317.283
17.616 1317.283
17.616 1317.283
17.616 1317.283
17.616 1317.283
17.616 6172.441
22.509 1312.390
22.509 1312.390
22.509 1312.390
22.509 1312.390
22.509 1312.390
22.509 1312.390
22.509 1312.390
22.509 1312.390
22.509 1312.390
22.509 1312.390
22.509 1312.390
22.509 1312.390
22.509 1312.390
22.509 1312.390
22.509 1312.390
22.509 1312.390
22.509 1312.390
22.509 1312.390
22.509 1312.390
22.509 1312.390
22.509 1312.390
22.509 1312.390
22.509 1312.390
22.509 1312.390
22.509 1312.390
22.509 6159.718
22.509 1312.390
22.509 1312.390
22.509 1312.390
22.509 1312.390
22.509 1312.390
22.509 1312.390
22.509 1312.390
22.509 1312.390
22.509 1312.390
22.509 1312.390
22.509 1312.390
22.509 1312.390
22.509 1312.390
22.509 1312.390
22.509 1312.390
22.509 1312.390
22.509 1312.390
22.509 1312.390
22.509 1312.390
22.509 1312.390
22.509 1312.390
22.509 1312.390
22.509 1312.390
22.509 1312.390
22.509 1312.390
22.509 1312.390
22.509 6157.761
22.509 1312.390
22.509 1312.390
22.509 1312.390
22.509 1312.390
22.509 1312.390
22.509 1312.390
22.509 1312.390
22.509 1312.390
22.509 1312.390
22.509 1312.390
22.509 1312.390
22.509 1312.390
22.509 1312.390
22.509 1312.390
22.509 1312.390
22.509 1312.390
22.509 1312.390
22.509 1312.390
22.509 1312.390
22.509 1312.390
22.509 1312.390
22.509 1312.390
22.509 1312.390
22.509 1312.390
22.509 1312.390
22.509 6158.739
22.509 1312.390
22.509 1312.390
22.509 1312.390
22.509 1312.390
22.509 1312.390
22.509 1312.390
22.509 1312.390
22.509 1312.390
22.509 1312.390
22.509 1312.390
22.509 1312.390
22.509 1312.390
22.509 1312.390
22.509 1312.390
22.509 1312.390
22.509 1312.390
22.509 1312.390
22.509 1312.390
22.509 1312.390
22.509 1312.390
22.509 1312.390
22.509 1312.390
22.509 1312.390
22.509 1312.390
22.509 1312.390
22.509 1312.390
22.509 7873.361
22.509 1312.390
22.509 1312.390
22.509 1312.390
22.509 1312.390
22.509 1312.390
22.509 1312.390
22.509 1312.390
22.509 1312.390
22.509 1312.390
22.509 1312.390
22.509 1312.390
22.509 1312.390
22.509 1312.390
22.509 1312.390
22.509 1312.390
22.509 1312.390
22.509 1312.390
22.509 1312.390
22.509 1312.390
22.509 1312.390
22.509 1312.390
22.509 1312.390
22.509 1312.390
22.509 1312.390
22.509 1312.390
22.509 6167.547
22.509 1312.390
22.509 1312.390
22.509 1312.390
22.509 1312.390
22.509 1312.390
22.509 1312.390
22.509 1312.390
22.509 1312.390
22.509 1312.390
22.509 1312.390
22.509 1312.390
22.509 1312.390
22.509 1312.390
22.509 1312.390
22.509 1312.390
22.509 1312.390
22.509 1312.390
22.509 1312.390
22.509 1312.390
22.509 1312.390
22.509 1312.390
22.509 1312.390
22.509 1312.390
22.509 1312.390
22.509 1312.390
22.509 1312.390
22.509 6155.803
22.509 1312.390
22.509 1312.390
22.509 1312.390
22.509 1312.390
22.509 1312.390
22.509 1312.390
22.509 1312.390
22.509 1312.390
22.509 1312.390
22.509 1312.390
22.509 1312.390
22.509 1312.390
22.509 1312.390
22.509 1312.390
22.509 1312.390
22.509 1312.390
22.509 1312.390
22.509 1312.390
22.509 1312.390
22.509 1312.390
22.509 1312.390
22.509 1312.390
22.509 1312.390
22.509 1312.390
22.509 1312.390
22.509 6171.462
22.509 1312.390
22.509 1312.390
22.509 1312.390
22.509 1312.390
22.509 1312.390
22.509 1312.390
22.509 1312.390
22.509 1312.390
22.509 1312.390
22.509 1312.390
22.509 1312.390
22.509 1312.390
22.509 1312.390
22.509 1312.390
22.509 1312.390
22.509 1312.390
22.509 1312.390
22.509 1312.390
22.509 1312.390
22.509 1312.390
22.509 1312.390
22.509 1312.390
22.509 1312.390
22.509 1312.390
22.509 1312.390
22.509 1312.390
22.509 7878.254
22.509 1312.390
22.509 1312.390
22.509 1312.390
22.509 1312.390
22.509 1312.390
22.509 1312.390
22.509 1312.390
22.509 1312.390
22.509 1312.390
22.509 1312.390
22.509 1312.390
22.509 1312.390
22.509 1312.390
22.509 1312.390
22.509 1312.390
22.509 1312.390
22.509 1312.390
22.509 1312.390
22.509 1312.390
22.509 1312.390
22.509 1312.390
22.509 1312.390
22.509 1312.390
22.509 1312.390
22.509 1312.390
22.509 6176.355
22.509 1312.390
22.509 1312.390
22.509 1312.390
22.509 1312.390
22.509 1312.390
22.509 1312.390
22.509 1312.390
22.509 1312.390
22.509 1312.390
22.509 1312.390
22.509 1312.390
22.509 1312.390
22.509 1312.390
22.509 1312.390
22.509 1312.390
22.509 1312.390
22.509 1312.390
22.509 1312.390
22.509 1312.390
22.509 1312.390
22.509 1312.390
22.509 1312.390
22.509 1312.390
22.509 1312.390
22.509 1312.390
22.509 1312.390
22.509 6175.377
22.509 1312.390
22.509 1312.390
22.509 1312.390
22.509 1312.390
22.509 1312.390
22.509 1312.390
22.509 1312.390
22.509 1312.390
22.509 1312.390
22.509 1312.390
22.509 1312.390
22.509 1312.390
22.509 1312.390
22.509 1312.390
22.509 1312.390
22.509 1312.390
22.509 1312.390
22.509 1312.390
22.509 1312.390
22.509 1312.390
22.509 1312.390
22.509 1312.390
22.509 1312.390
22.509 1312.390
22.509 1312.390
22.509 7786.260
22.509 1312.390
22.509 1312.390
22.509 1312.390
22.509 1312.390
22.509 1312.390
22.509 1312.390
22.509 1312.390
22.509 1312.390
22.509 1312.390
22.509 1312.390
22.509 1312.390
22.509 1312.390
22.509 1312.390
22.509 1312.390
22.509 1312.390
22.509 1312.390
22.509 1312.390
22.509 1312.390
22.509 1312.390
22.509 1312.390
22.509 1312.390
22.509 1312.390
22.509 1312.390
22.509 1312.390
22.509 1312.390
22.509 1312.390
22.509 6166.569
22.509 1312.390
22.509 1312.390
22.509 1312.390
22.509 1312.390
22.509 1312.390
22.509 1312.390
22.509 1312.390
22.509 1312.390
22.509 1312.390
22.509 1312.390
22.509 1312.390
22.509 1312.390
22.509 1312.390
22.509 1312.390
22.509 1312.390
22.509 1312.390
22.509 1312.390
22.509 1312.390
22.509 1312.390
22.509 1312.390
22.509 1312.390
22.509 1312.390
22.509 1312.390
22.509 1312.390
22.509 1312.390
22.509 6167.547
22.509 1312.390
22.509 1312.390
22.509 1312.390
22.509 1312.390
22.509 1312.390
22.509 1312.390
22.509 1312.390
22.509 1312.390
22.509 1312.390
22.509 1312.390
22.509 1312.390
22.509 1312.390
22.509 1312.390
22.509 1312.390
22.509 1312.390
22.509 1312.390
22.509 1312.390
22.509 1312.390
22.509 1312.390
22.509 1312.390
22.509 1312.390
22.509 1312.390
22.509 1312.390
22.509 1312.390
22.509 1312.390
22.509 1312.390
22.509 6170.483
22.509 1312.390
22.509 1312.390
22.509 1312.390
22.509 1312.390
22.509 1312.390
22.509 1312.390
22.509 1312.390
22.509 1312.390
22.509 1312.390
22.509 1312.390
22.509 1312.390
22.509 1312.390
22.509 1312.390
22.509 1312.390
22.509 1312.390
22.509 1312.390
22.509 1312.390
22.509 1312.390
22.509 1312.390
22.509 1312.390
22.509 1312.390
22.509 1312.390
22.509 1312.390
22.509 1312.390
22.509 1312.390
22.509 6167.547
22.509 1312.390
22.509 1312.390
22.509 1312.390
22.509 1312.390
22.509 1312.390
22.509 1312.390
22.509 1312.390
22.509 1312.390
22.509 1312.390
22.509 1312.390
22.509 1312.390
22.509 1312.390
22.509 1312.390
22.509 1312.390
22.509 1312.390
22.509 1312.390
22.509 1312.390
22.509 1312.390
22.509 1312.390
22.509 1312.390
22.509 1312.390
22.509 1312.390
22.509 1312.390
22.509 1312.390
22.509 1312.390
22.509 1312.390
22.509 9488.158
22.509 1312.390
22.509 1312.390
22.509 1312.390
22.509 1312.390
22.509 1312.390
22.509 1312.390
22.509 1312.390
22.509 1312.390
22.509 1312.390
22.509 1312.390
22.509 1312.390
22.509 1312.390
22.509 1312.390
22.509 1312.390
22.509 1312.390
22.509 1312.390
22.509 1312.390
22.509 1312.390
22.509 1312.390
22.509 1312.390
22.509 1312.390
22.509 1312.390
22.509 1312.390
22.509 1312.390
22.509 1312.390
22.509 6167.547
22.509 1312.390
22.509 1312.390
22.509 1312.390
22.509 1312.390
22.509 1312.390
22.509 1312.390
22.509 1312.390
22.509 1312.390
22.509 1312.390
22.509 1312.390
22.509 1312.390
22.509 1312.390
22.509 1312.390
22.509 1312.390
22.509 1312.390
22.509 1312.390
22.509 1312.390
22.509 1312.390
22.509 1312.390
22.509 1312.390
22.509 1312.390
22.509 1312.390
22.509 1312.390
22.509 1312.390
22.509 1312.390
22.509 1312.390
22.509 6166.569
22.509 1312.390
22.509 1312.390
22.509 1312.390
22.509 1312.390
22.509 1312.390
22.509 1312.390
22.509 1312.390
22.509 1312.390
22.509 1312.390
22.509 1312.390
22.509 1312.390
22.509 1312.390
22.509 1312.390
22.509 1312.390
22.509 1312.390
22.509 1312.390
22.509 1312.390
22.509 1312.390
22.509 1312.390
22.509 1312.390
22.509 1312.390
22.509 1312.390
22.509 1312.390
22.509 1312.390
22.509 1312.390
22.509 6167.547
22.509 1312.390
22.509 1312.390
22.509 1312.390
22.509 1312.390
22.509 1312.390
22.509 1312.390
22.509 1312.390
22.509 1312.390
22.509 1312.390
22.509 1312.390
22.509 1312.390
22.509 1312.390
22.509 1312.390
22.509 1312.390
22.509 1312.390
22.509 1312.390
22.509 1312.390
22.509 1312.390
22.509 1312.390
22.509 1312.390
22.509 1312.390
22.509 1312.390
22.509 1312.390
22.509 1312.390
22.509 1312.390
22.509 1312.390
22.509 6155.803
22.509 1312.390
22.509 1312.390
22.509 1312.390
22.509 1312.390
22.509 1312.390
22.509 1312.390
22.509 1312.390
22.509 1312.390
22.509 1312.390
22.509 1312.390
22.509 1312.390
22.509 1312.390
22.509 1312.390
22.509 1312.390
22.509 1312.390
22.509 1312.390
22.509 1312.390
22.509 1312.390
22.509 1312.390
22.509 1312.390
22.509 1312.390
22.509 1312.390
22.509 1312.390
22.509 1312.390
22.509 1312.390
22.509 7777.452
22.509 1312.390
22.509 1312.390
22.509 1312.390
22.509 1312.390
22.509 1312.390
22.509 1312.390
22.509 1312.390
22.509 1312.390
22.509 1312.390
22.509 1312.390
22.509 1312.390
22.509 1312.390
22.509 1312.390
22.509 1312.390
22.509 1312.390
22.509 1312.390
22.509 1312.390
22.509 1312.390
22.509 1312.390
22.509 1312.390
22.509 1312.390
22.509 1312.390
22.509 1312.390
22.509 1312.390
22.509 1312.390
22.509 1312.390
22.509 6157.761
22.509 1312.390
22.509 1312.390
22.509 1312.390
22.509 1312.390
22.509 1312.390
22.509 1312.390
22.509 1312.390
22.509 1312.390
22.509 1312.390
22.509 1312.390
22.509 1312.390
22.509 1312.390
22.509 1312.390
22.509 1312.390
22.509 1312.390
22.509 1312.390
22.509 1312.390
22.509 1312.390
22.509 1312.390
22.509 1312.390
22.509 1312.390
22.509 1312.390
22.509 1312.390
22.509 1312.390
22.509 1312.390
22.509 6158.739
22.509 1312.390
22.509 1312.390
22.509 1312.390
22.509 1312.390
22.509 1312.390
22.509 1312.390
22.509 1312.390
22.509 1312.390
22.509 1312.390
22.509 1312.390
22.509 1312.390
22.509 1312.390
22.509 1312.390
22.509 1312.390
22.509 1312.390
22.509 1312.390
22.509 1312.390
22.509 1312.390
22.509 1312.390
22.509 1312.390
22.509 1312.390
22.509 1312.390
22.509 1312.390
22.509 1312.390
22.509 1312.390
22.509 1312.390
22.509 6161.675
22.509 1312.390
22.509 1312.390
22.509 1312.390
22.509 1312.390
22.509 1312.390
22.509 1312.390
22.509 1312.390
22.509 1312.390
22.509 1312.390
22.509 1312.390
22.509 1312.390
22.509 1312.390
22.509 1312.390
22.509 1312.390
22.509 1312.390
22.509 1312.390
22.509 1312.390
22.509 1312.390
22.509 1312.390
22.509 1312.390
22.509 1312.390
22.509 1312.390
22.509 1312.390
22.509 1312.390
22.509 1312.390
22.509 6158.739
22.509 1312.390
22.509 1312.390
22.509 1312.390
22.509 1312.390
22.509 1312.390
22.509 1312.390
22.509 1312.390
22.509 1312.390
22.509 1312.390
22.509 1312.390
22.509 1312.390
22.509 1312.390
22.509 1312.390
22.509 1312.390
22.509 1312.390
22.509 1312.390
22.509 1312.390
22.509 1312.390
22.509 1312.390
22.509 1312.390
22.509 1312.390
22.509 1312.390
22.509 1312.390
22.509 1312.390
22.509 1312.390
22.509 1312.390
22.509 6157.761
22.509 1312.390
22.509 1312.390
22.509 1312.390
22.509 1312.390
22.509 1312.390
22.509 1312.390
22.509 1312.390
22.509 1312.390
22.509 1312.390
22.509 1312.390
22.509 1312.390
22.509 1312.390
22.509 1312.390
22.509 1312.390
22.509 1312.390
22.509 1312.390
22.509 1312.390
22.509 1312.390
22.509 1312.390
22.509 1312.390
22.509 1312.390
22.509 1312.390
22.509 1312.390
22.509 1312.390
22.509 1312.390
22.509 6162.654
22.509 1312.390
22.509 1312.390
22.509 1312.390
22.509 1312.390
22.509 1312.390
22.509 1312.390
22.509 1312.390
22.509 1312.390
22.509 1312.390
22.509 1312.390
22.509 1312.390
22.509 1312.390
22.509 1312.390
22.509 1312.390
22.509 1312.390
22.509 1312.390
22.509 1312.390
22.509 1312.390
22.509 1312.390
22.509 1312.390
22.509 1312.390
22.509 1312.390
22.509 1312.390
22.509 1312.390
22.509 1312.390
22.509 1312.390
22.509 6157.761
22.509 1312.390
22.509 1312.390
22.509 1312.390
22.509 1312.390
22.509 1312.390
22.509 1312.390
22.509 1312.390
22.509 1312.390
22.509 1312.390
22.509 1312.390
22.509 1312.390
22.509 1312.390
22.509 1312.390
22.509 1312.390
22.509 1312.390
22.509 1312.390
22.509 1312.390
22.509 1312.390
22.509 1312.390
22.509 1312.390
22.509 1312.390
22.509 1312.390
22.509 1312.390
22.509 1312.390
22.509 1312.390
22.509 6158.739
22.509 1312.390
22.509 1312.390
22.509 1312.390
22.509 1312.390
22.509 1312.390
22.509 1312.390
22.509 1312.390
22.509 1312.390
22.509 1312.390
22.509 1312.390
22.509 1312.390
22.509 1312.390
22.509 1312.390
22.509 1312.390
22.509 1312.390
22.509 1312.390
22.509 1312.390
22.509 1312.390
22.509 1312.390
22.509 1312.390
22.509 1312.390
22.509 1312.390
22.509 1312.390
22.509 1312.390
22.509 1312.390
22.509 1312.390
22.509 6157.761
22.509 1312.390
22.509 1312.390
22.509 1312.390
22.509 1312.390
22.509 1312.390
22.509 1312.390
22.509 1312.390
22.509 1312.390
22.509 1312.390
22.509 1312.390
22.509 1312.390
22.509 1312.390
22.509 1312.390
22.509 1312.390
22.509 1312.390
22.509 1312.390
22.509 1312.390
22.509 1312.390
22.509 1312.390
22.509 1312.390
22.509 1312.390
22.509 1312.390
22.509 1312.390
22.509 1312.390
22.509 1312.390
22.509 6158.739
22.509 1312.390
22.509 1312.390
22.509 1312.390
22.509 1312.390
22.509 1312.390
22.509 1312.390
22.509 1312.390
22.509 1312.390
22.509 1312.390
22.509 1312.390
22.509 1312.390
22.509 1312.390
22.509 1312.390
22.509 1312.390
22.509 1312.390
22.509 1312.390
22.509 1312.390
22.509 1312.390
22.509 1312.390
22.509 1312.390
22.509 1312.390
22.509 1312.390
22.509 1312.390
22.509 1312.390
22.509 1312.390
22.509 1312.390
22.509 6157.761
22.509 1312.390
22.509 1312.390
22.509 1312.390
22.509 1312.390
22.509 1312.390
22.509 1312.390
22.509 1312.390
22.509 1312.390
22.509 1312.390
22.509 1312.390
22.509 1312.390
22.509 1312.390
22.509 1312.390
22.509 1312.390
22.509 1312.390
22.509 1312.390
22.509 1312.390
22.509 1312.390
22.509 1312.390
22.509 1312.390
22.509 1312.390
22.509 1312.390
22.509 1312.390
22.509 1312.390
22.509 1312.390
22.509 6158.739
22.509 1312.390
22.509 1312.390
22.509 1312.390
22.509 1312.390
22.509 1312.390
22.509 1312.390
22.509 1312.390
22.509 1312.390
22.509 1312.390
22.509 1312.390
22.509 1312.390
22.509 1312.390
22.509 1312.390
22.509 1312.390
22.509 1312.390
22.509 1312.390
22.509 1312.390
22.509 1312.390
22.509 1312.390
22.509 1312.390
22.509 1312.390
22.509 1312.390
22.509 1312.390
22.509 1312.390
22.509 1312.390
22.509 1312.390
22.509 6158.739
22.509 1312.390
22.509 1312.390
22.509 1312.390
22.509 1312.390
22.509 1312.390
22.509 1312.390
22.509 1312.390
22.509 1312.390
22.509 1312.390
22.509 1312.390
22.509 1312.390
22.509 1312.390
22.509 1312.390
22.509 1312.390
22.509 1312.390
22.509 1312.390
22.509 1312.390
22.509 1312.390
22.509 1312.390
22.509 1312.390
22.509 1312.390
22.509 1312.390
22.509 1312.390
22.509 1312.390
22.509 1312.390
22.509 6158.739
22.509 1312.390
22.509 1312.390
22.509 1312.390
22.509 1312.390
22.509 1312.390
22.509 1312.390
22.509 1312.390
22.509 1312.390
22.509 1312.390
22.509 1312.390
22.509 1312.390
22.509 1312.390
22.509 1312.390
22.509 1312.390
22.509 1312.390
22.509 1312.390
22.509 1312.390
22.509 1312.390
22.509 1312.390
22.509 1312.390
22.509 1312.390
22.509 1312.390
22.509 1312.390
22.509 1312.390
22.509 1312.390
22.509 1312.390
22.509 6157.761
22.509 1312.390
22.509 1312.390
22.509 1312.390
22.509 1312.390
22.509 1312.390
22.509 1312.390
22.509 1312.390
22.509 1312.390
22.509 1312.390
22.509 1312.390
22.509 1312.390
22.509 1312.390
22.509 1312.390
22.509 1312.390
22.509 1312.390
22.509 1312.390
22.509 1312.390
22.509 1312.390
22.509 1312.390
22.509 1312.390
22.509 1312.390
22.509 1312.390
22.509 1312.390
22.509 1312.390
22.509 1312.390
22.509 6159.718
22.509 1312.390
22.509 1312.390
22.509 1312.390
22.509 1312.390
22.509 1312.390
22.509 1312.390
22.509 1312.390
22.509 1312.390
22.509 1312.390
22.509 1312.390
22.509 1312.390
22.509 1312.390
22.509 1312.390
22.509 1312.390
22.509 1312.390
22.509 1312.390
22.509 1312.390
22.509 1312.390
22.509 1312.390
22.509 1312.390
22.509 1312.390
22.509 1312.390
22.509 1312.390
22.509 1312.390
22.509 1312.390
22.509 1312.390
22.509 6157.761
22.509 1312.390
22.509 1312.390
22.509 1312.390
22.509 1312.390
22.509 1312.390
22.509 1312.390
22.509 1312.390
22.509 1312.390
22.509 1312.390
22.509 1312.390
22.509 1312.390
22.509 1312.390
22.509 1312.390
22.509 1312.390
22.509 1312.390
22.509 1312.390
22.509 1312.390
22.509 1312.390
22.509 1312.390
22.509 1312.390
22.509 1312.390
22.509 1312.390
22.509 1312.390
22.509 1312.390
22.509 1312.390
22.509 6158.739
22.509 1312.390
22.509 1312.390
22.509 1312.390
22.509 1312.390
22.509 1312.390
22.509 1312.390
22.509 1312.390
22.509 1312.390
22.509 1312.390
22.509 1312.390
22.509 1312.390
22.509 1312.390
22.509 1312.390
22.509 1312.390
22.509 1312.390
22.509 1312.390
22.509 1312.390
22.509 1312.390
22.509 1312.390
22.509 1312.390
22.509 1312.390
22.509 1312.390
22.509 1312.390
22.509 1312.390
22.509 1312.390
22.509 1312.390
22.509 6161.675
22.509 1312.390
22.509 1312.390
22.509 1312.390
22.509 1312.390
22.509 1312.390
22.509 1312.390
22.509 1312.390
22.509 1312.390
22.509 1312.390
22.509 1312.390
22.509 1312.390
22.509 1312.390
22.509 1312.390
22.509 1312.390
22.509 1312.390
22.509 1312.390
22.509 1312.390
22.509 1312.390
22.509 1312.390
22.509 1312.390
22.509 1312.390
22.509 1312.390
22.509 1312.390
22.509 1312.390
22.509 1312.390
22.509 6158.739
22.509 1312.390
22.509 1312.390
22.509 1312.390
22.509 1312.390
22.509 1312.390
22.509 1312.390
22.509 1312.390
22.509 1312.390
22.509 1312.390
22.509 1312.390
22.509 1312.390
22.509 1312.390
22.509 1312.390
22.509 1312.390
22.509 1312.390
22.509 1312.390
22.509 1312.390
22.509 1312.390
22.509 1312.390
22.509 1312.390
22.509 1312.390
22.509 1312.390
22.509 1312.390
22.509 1312.390
22.509 1312.390
22.509 1312.390
22.509 6157.761
22.509 1312.390
22.509 1312.390
22.509 1312.390
22.509 1312.390
22.509 1312.390
22.509 1312.390
22.509 1312.390
22.509 1312.390
22.509 1312.390
22.509 1312.390
22.509 1312.390
22.509 1312.390
22.509 1312.390
22.509 1312.390
22.509 1312.390
22.509 1312.390
22.509 1312.390
22.509 1312.390
22.509 1312.390
22.509 1312.390
22.509 1312.390
22.509 1312.390
22.509 1312.390
22.509 1312.390
22.509 1312.390
22.509 6924.056
7.829 1248.777
7.829 1248.777
7.829 1248.777
7.829 1248.777
7.829 1248.777
7.829 1248.777
7.829 1248.777
7.829 1248.777
7.829 1248.777
7.829 1248.777
7.829 1248.777
7.829 1248.777
7.829 1248.777
7.829 1248.777
7.829 1248.777
7.829 1248.777
7.829 1248.777
7.829 1248.777
7.829 1248.777
7.829 1248.777
7.829 1248.777
7.829 1248.777
7.829 1248.777
7.829 1248.777
7.829 1248.777
7.829 1248.777
7.829 1248.777
7.829 6099.041
17.616 1238.990
17.616 1238.990
17.616 1238.990
17.616 1238.990
17.616 1238.990
17.616 1238.990
17.616 1238.990
17.616 1238.990
17.616 1238.990
17.616 1238.990
17.616 1238.990
17.616 1238.990
17.616 1238.990
17.616 1238.990
17.616 1238.990
17.616 1238.990
17.616 1238.990
17.616 1238.990
17.616 1238.990
17.616 1238.990
17.616 1238.990
17.616 1238.990
17.616 1238.990
17.616 1238.990
17.616 1238.990
17.616 1238.990
17.616 1238.990
17.616 1238.990
17.616 6095.126
22.509 1234.097
22.509 1234.097
22.509 1234.097
22.509 1234.097
22.509 1234.097
22.509 1234.097
22.509 1234.097
22.509 1234.097
22.509 1234.097
22.509 1234.097
22.509 1234.097
22.509 1234.097
22.509 1234.097
22.509 1234.097
22.509 1234.097
22.509 1234.097
22.509 1234.097
22.509 1234.097
22.509 1234.097
22.509 1234.097
22.509 1234.097
22.509 1234.097
22.509 1234.097
22.509 1234.097
22.509 1234.097
22.509 1234.097
22.509 1234.097
22.509 6079.468
22.509 1234.097
22.509 1234.097
22.509 1234.097
22.509 1234.097
22.509 1234.097
22.509 1234.097
22.509 1234.097
22.509 1234.097
22.509 1234.097
22.509 1234.097
22.509 1234.097
22.509 1234.097
22.509 1234.097
22.509 1234.097
22.509 1234.097
22.509 1234.097
22.509 1234.097
22.509 1234.097
22.509 1234.097
22.509 1234.097
22.509 1234.097
22.509 1234.097
22.509 1234.097
22.509 1234.097
22.509 1234.097
22.509 1234.097
22.509 1234.097
22.509 1234.097
22.509 6080.446
22.509 1234.097
22.509 1234.097
22.509 1234.097
22.509 1234.097
22.509 1234.097
22.509 1234.097
22.509 1234.097
22.509 1234.097
22.509 1234.097
22.509 1234.097
22.509 1234.097
22.509 1234.097
22.509 1234.097
22.509 1234.097
22.509 1234.097
22.509 1234.097
22.509 1234.097
22.509 1234.097
22.509 1234.097
22.509 1234.097
22.509 1234.097
22.509 1234.097
22.509 1234.097
22.509 1234.097
22.509 1234.097
22.509 1234.097
22.509 1234.097
22.509 6079.468
22.509 1234.097
22.509 1234.097
22.509 1234.097
22.509 1234.097
22.509 1234.097
22.509 1234.097
22.509 1234.097
22.509 1234.097
22.509 1234.097
22.509 1234.097
22.509 1234.097
22.509 1234.097
22.509 1234.097
22.509 1234.097
22.509 1234.097
22.509 1234.097
22.509 1234.097
22.509 1234.097
22.509 1234.097
22.509 1234.097
22.509 1234.097
22.509 1234.097
22.509 1234.097
22.509 1234.097
22.509 1234.097
22.509 1234.097
22.509 1234.097
22.509 1234.097
22.509 6080.446
22.509 1234.097
22.509 1234.097
22.509 1234.097
22.509 1234.097
22.509 1234.097
22.509 1234.097
22.509 1234.097
22.509 1234.097
22.509 1234.097
22.509 1234.097
22.509 1234.097
22.509 1234.097
22.509 1234.097
22.509 1234.097
22.509 1234.097
22.509 1234.097
22.509 1234.097
22.509 1234.097
22.509 1234.097
22.509 1234.097
22.509 1234.097
22.509 1234.097
22.509 1234.097
22.509 1234.097
22.509 1234.097
22.509 1234.097
22.509 1234.097
22.509 6684.283
7.829 1053.044
7.829 1053.044
7.829 1053.044
7.829 1053.044
7.829 1053.044
7.829 1053.044
7.829 1053.044
7.829 1053.044
7.829 1053.044
7.829 1053.044
7.829 1053.044
7.829 1053.044
7.829 1053.044
7.829 1053.044
7.829 1053.044
7.829 1053.044
7.829 1053.044
7.829 1053.044
7.829 1053.044
7.829 1053.044
7.829 1053.044
7.829 1053.044
7.829 1053.044
7.829 1053.044
7.829 1053.044
7.829 1053.044
7.829 1053.044
7.829 1053.044
7.829 1053.044
7.829 1053.044
7.829 1053.044
7.829 1053.044
7.829 5904.287
17.616 1043.257
17.616 1043.257
17.616 1043.257
17.616 1043.257
17.616 1043.257
17.616 1043.257
17.616 1043.257
17.616 1043.257
17.616 1043.257
17.616 1043.257
17.616 1043.257
17.616 1043.257
17.616 1043.257
17.616 1043.257
17.616 1043.257
17.616 1043.257
17.616 1043.257
17.616 1043.257
17.616 1043.257
17.616 1043.257
17.616 1043.257
17.616 1043.257
17.616 1043.257
17.616 1043.257
17.616 1043.257
17.616 1043.257
17.616 1043.257
17.616 1043.257
17.616 1043.257
17.616 1043.257
17.616 1043.257
17.616 1043.257
17.616 1043.257
17.616 5898.415
22.509 1038.364
22.509 1038.364
22.509 1038.364
22.509 1038.364
22.509 1038.364
22.509 1038.364
22.509 1038.364
22.509 1038.364
22.509 1038.364
22.509 1038.364
22.509 1038.364
22.509 1038.364
22.509 1038.364
22.509 1038.364
22.509 1038.364
22.509 1038.364
22.509 1038.364
22.509 1038.364
22.509 1038.364
22.509 1038.364
22.509 1038.364
22.509 1038.364
22.509 1038.364
22.509 1038.364
22.509 1038.364
22.509 1038.364
22.509 1038.364
22.509 1038.364
22.509 1038.364
22.509 1038.364
22.509 1038.364
22.509 1038.364
22.509 5884.713
22.509 1038.364
22.509 1038.364
22.509 1038.364
22.509 1038.364
22.509 1038.364
22.509 1038.364
22.509 1038.364
22.509 1038.364
22.509 1038.364
22.509 1038.364
22.509 1038.364
22.509 1038.364
22.509 1038.364
22.509 1038.364
22.509 1038.364
22.509 1038.364
22.509 1038.364
22.509 1038.364
22.509 1038.364
22.509 1038.364
22.509 1038.364
22.509 1038.364
22.509 1038.364
22.509 1038.364
22.509 1038.364
22.509 1038.364
22.509 1038.364
22.509 1038.364
22.509 1038.364
22.509 1038.364
22.509 1038.364
22.509 1038.364
22.509 1038.364
22.509 5883.735
22.509 1038.364
22.509 1038.364
22.509 1038.364
22.509 1038.364
22.509 1038.364
22.509 1038.364
22.509 1038.364
22.509 1038.364
22.509 1038.364
22.509 1038.364
22.509 1038.364
22.509 1038.364
22.509 1038.364
22.509 1038.364
22.509 1038.364
22.509 1038.364
22.509 1038.364
22.509 1038.364
22.509 1038.364
22.509 1038.364
22.509 1038.364
22.509 1038.364
22.509 1038.364
22.509 1038.364
22.509 1038.364
22.509 1038.364
22.509 1038.364
22.509 1038.364
22.509 1038.364
22.509 1038.364
22.509 1038.364
22.509 1038.364
22.509 5884.713
22.509 1038.364
22.509 1038.364
22.509 1038.364
22.509 1038.364
22.509 1038.364
22.509 1038.364
22.509 1038.364
22.509 1038.364
22.509 1038.364
22.509 1038.364
22.509 1038.364
22.509 1038.364
22.509 1038.364
22.509 1038.364
22.509 1038.364
22.509 1038.364
22.509 1038.364
22.509 1038.364
22.509 1038.364
22.509 1038.364
22.509 1038.364
22.509 1038.364
22.509 1038.364
22.509 1038.364
22.509 1038.364
22.509 1038.364
22.509 1038.364
22.509 1038.364
22.509 1038.364
22.509 1038.364
22.509 1038.364
22.509 1038.364
22.509 1038.364
22.509 5883.735
22.509 1038.364
22.509 1038.364
22.509 1038.364
22.509 1038.364
22.509 1038.364
22.509 1038.364
22.509 1038.364
22.509 1038.364
22.509 1038.364
22.509 1038.364
22.509 1038.364
22.509 1038.364
22.509 1038.364
22.509 1038.364
22.509 1038.364
22.509 1038.364
22.509 1038.364
22.509 1038.364
22.509 1038.364
22.509 1038.364
22.509 1038.364
22.509 1038.364
22.509 1038.364
22.509 1038.364
22.509 1038.364
22.509 1038.364
22.509 1038.364
22.509 1038.364
22.509 1038.364
22.509 1038.364
22.509 1038.364
22.509 1038.364
22.509 6772.362
7.829 1248.777
7.829 1248.777
7.829 1248.777
7.829 1248.777
7.829 1248.777
7.829 1248.777
7.829 1248.777
7.829 1248.777
7.829 1248.777
7.829 1248.777
7.829 1248.777
7.829 1248.777
7.829 1248.777
7.829 1248.777
7.829 1248.777
7.829 1248.777
7.829 1248.777
7.829 1248.777
7.829 1248.777
7.829 1248.777
7.829 1248.777
7.829 1248.777
7.829 1248.777
7.829 1248.777
7.829 1248.777
7.829 1248.777
7.829 1248.777
7.829 6088.276
17.616 1238.990
17.616 1238.990
17.616 1238.990
17.616 1238.990
17.616 1238.990
17.616 1238.990
17.616 1238.990
17.616 1238.990
17.616 1238.990
17.616 1238.990
17.616 1238.990
17.616 1238.990
17.616 1238.990
17.616 1238.990
17.616 1238.990
17.616 1238.990
17.616 1238.990
17.616 1238.990
17.616 1238.990
17.616 1238.990
17.616 1238.990
17.616 1238.990
17.616 1238.990
17.616 1238.990
17.616 1238.990
17.616 1238.990
17.616 1238.990
17.616 1238.990
17.616 6095.126
22.509 1234.097
22.509 1234.097
22.509 1234.097
22.509 1234.097
22.509 1234.097
22.509 1234.097
22.509 1234.097
22.509 1234.097
22.509 1234.097
22.509 1234.097
22.509 1234.097
22.509 1234.097
22.509 1234.097
22.509 1234.097
22.509 1234.097
22.509 1234.097
22.509 1234.097
22.509 1234.097
22.509 1234.097
22.509 1234.097
22.509 1234.097
22.509 1234.097
22.509 1234.097
22.509 1234.097
22.509 1234.097
22.509 1234.097
22.509 1234.097
22.509 6079.468
22.509 1234.097
22.509 1234.097
22.509 1234.097
22.509 1234.097
22.509 1234.097
22.509 1234.097
22.509 1234.097
22.509 1234.097
22.509 1234.097
22.509 1234.097
22.509 1234.097
22.509 1234.097
22.509 1234.097
22.509 1234.097
22.509 1234.097
22.509 1234.097
22.509 1234.097
22.509 1234.097
22.509 1234.097
22.509 1234.097
22.509 1234.097
22.509 1234.097
22.509 1234.097
22.509 1234.097
22.509 1234.097
22.509 1234.097
22.509 1234.097
22.509 1234.097
22.509 6080.446
22.509 1234.097
22.509 1234.097
22.509 1234.097
22.509 1234.097
22.509 1234.097
22.509 1234.097
22.509 1234.097
22.509 1234.097
22.509 1234.097
22.509 1234.097
22.509 1234.097
22.509 1234.097
22.509 1234.097
22.509 1234.097
22.509 1234.097
22.509 1234.097
22.509 1234.097
22.509 1234.097
22.509 1234.097
22.509 1234.097
22.509 1234.097
22.509 1234.097
22.509 1234.097
22.509 1234.097
22.509 1234.097
22.509 1234.097
22.509 1234.097
22.509 6079.468
22.509 1234.097
22.509 1234.097
22.509 1234.097
22.509 1234.097
22.509 1234.097
22.509 1234.097
22.509 1234.097
22.509 1234.097
22.509 1234.097
22.509 1234.097
22.509 1234.097
22.509 1234.097
22.509 1234.097
22.509 1234.097
22.509 1234.097
22.509 1234.097
22.509 1234.097
22.509 1234.097
22.509 1234.097
22.509 1234.097
22.509 1234.097
22.509 1234.097
22.509 1234.097
22.509 1234.097
22.509 1234.097
22.509 1234.097
22.509 1234.097
22.509 1234.097
22.509 6080.446
22.509 1234.097
22.509 1234.097
22.509 1234.097
22.509 1234.097
22.509 1234.097
22.509 1234.097
22.509 1234.097
22.509 1234.097
22.509 1234.097
22.509 1234.097
22.509 1234.097
22.509 1234.097
22.509 1234.097
22.509 1234.097
22.509 1234.097
22.509 1234.097
22.509 1234.097
22.509 1234.097
22.509 1234.097
22.509 1234.097
22.509 1234.097
22.509 1234.097
22.509 1234.097
22.509 1234.097
22.509 1234.097
22.509 1234.097
22.509 1234.097
22.509 6079.468
22.509 1234.097
22.509 1234.097
22.509 1234.097
22.509 1234.097
22.509 1234.097
22.509 1234.097
22.509 1234.097
22.509 1234.097
22.509 1234.097
22.509 1234.097
22.509 1234.097
22.509 1234.097
22.509 1234.097
22.509 1234.097
22.509 1234.097
22.509 1234.097
22.509 1234.097
22.509 1234.097
22.509 1234.097
22.509 1234.097
22.509 1234.097
22.509 1234.097
22.509 1234.097
22.509 1234.097
22.509 1234.097
22.509 1234.097
22.509 1234.097
22.509 1234.097
22.509 6326.091
7.829 1327.070
7.829 1327.070
7.829 1327.070
7.829 1327.070
7.829 1327.070
7.829 1327.070
7.829 1327.070
7.829 1327.070
7.829 1327.070
7.829 1327.070
7.829 1327.070
7.829 1327.070
7.829 1327.070
7.829 1327.070
7.829 1327.070
7.829 1327.070
7.829 1327.070
7.829 1327.070
7.829 1327.070
7.829 1327.070
7.829 1327.070
7.829 1327.070
7.829 1327.070
7.829 1327.070
7.829 1327.070
7.829 6177.334
17.616 1317.283
17.616 1317.283
17.616 1317.283
17.616 1317.283
17.616 1317.283
17.616 1317.283
17.616 1317.283
17.616 1317.283
17.616 1317.283
17.616 1317.283
17.616 1317.283
17.616 1317.283
17.616 1317.283
17.616 1317.283
17.616 1317.283
17.616 1317.283
17.616 1317.283
17.616 1317.283
17.616 1317.283
17.616 1317.283
17.616 1317.283
17.616 1317.283
17.616 1317.283
17.616 1317.283
17.616 1317.283
17.616 1317.283
17.616 6173.419
22.509 1312.390
22.509 1312.390
22.509 1312.390
22.509 1312.390
22.509 1312.390
22.509 1312.390
22.509 1312.390
22.509 1312.390
22.509 1312.390
22.509 1312.390
22.509 1312.390
22.509 1312.390
22.509 1312.390
22.509 1312.390
22.509 1312.390
22.509 1312.390
22.509 1312.390
22.509 1312.390
22.509 1312.390
22.509 1312.390
22.509 1312.390
22.509 1312.390
22.509 1312.390
22.509 1312.390
22.509 1312.390
22.509 6157.761
22.509 1312.390
22.509 1312.390
22.509 1312.390
22.509 1312.390
22.509 1312.390
22.509 1312.390
22.509 1312.390
22.509 1312.390
22.509 1312.390
22.509 1312.390
22.509 1312.390
22.509 1312.390
22.509 1312.390
22.509 1312.390
22.509 1312.390
22.509 1312.390
22.509 1312.390
22.509 1312.390
22.509 1312.390
22.509 1312.390
22.509 1312.390
22.509 1312.390
22.509 1312.390
22.509 1312.390
22.509 1312.390
22.509 1312.390
22.509 6158.739
22.509 1312.390
22.509 1312.390
22.509 1312.390
22.509 1312.390
22.509 1312.390
22.509 1312.390
22.509 1312.390
22.509 1312.390
22.509 1312.390
22.509 1312.390
22.509 1312.390
22.509 1312.390
22.509 1312.390
22.509 1312.390
22.509 1312.390
22.509 1312.390
22.509 1312.390
22.509 1312.390
22.509 1312.390
22.509 1312.390
22.509 1312.390
22.509 1312.390
22.509 1312.390
22.509 1312.390
22.509 1312.390
22.509 6161.675
22.509 1312.390
22.509 1312.390
22.509 1312.390
22.509 1312.390
22.509 1312.390
22.509 1312.390
22.509 1312.390
22.509 1312.390
22.509 1312.390
22.509 1312.390
22.509 1312.390
22.509 1312.390
22.509 1312.390
22.509 1312.390
22.509 1312.390
22.509 1312.390
22.509 1312.390
22.509 1312.390
22.509 1312.390
22.509 1312.390
22.509 1312.390
22.509 1312.390
22.509 1312.390
22.509 1312.390
22.509 1312.390
22.509 1312.390
22.509 6158.739
22.509 1312.390
22.509 1312.390
22.509 1312.390
22.509 1312.390
22.509 1312.390
22.509 1312.390
22.509 1312.390
22.509 1312.390
22.509 1312.390
22.509 1312.390
22.509 1312.390
22.509 1312.390
22.509 1312.390
22.509 1312.390
22.509 1312.390
22.509 1312.390
22.509 1312.390
22.509 1312.390
22.509 1312.390
22.509 1312.390
22.509 1312.390
22.509 1312.390
22.509 1312.390
22.509 1312.390
22.509 1312.390
22.509 6157.761
22.509 1312.390
22.509 1312.390
22.509 1312.390
22.509 1312.390
22.509 1312.390
22.509 1312.390
22.509 1312.390
22.509 1312.390
22.509 1312.390
22.509 1312.390
22.509 1312.390
22.509 1312.390
22.509 1312.390
22.509 1312.390
22.509 1312.390
22.509 1312.390
22.509 1312.390
22.509 1312.390
22.509 1312.390
22.509 1312.390
22.509 1312.390
22.509 1312.390
22.509 1312.390
22.509 1312.390
22.509 1312.390
22.509 1312.390
22.509 6162.654
22.509 1312.390
22.509 1312.390
22.509 1312.390
22.509 1312.390
22.509 1312.390
22.509 1312.390
22.509 1312.390
22.509 1312.390
22.509 1312.390
22.509 1312.390
22.509 1312.390
22.509 1312.390
22.509 1312.390
22.509 1312.390
22.509 1312.390
22.509 1312.390
22.509 1312.390
22.509 1312.390
22.509 1312.390
22.509 1312.390
22.509 1312.390
22.509 1312.390
22.509 1312.390
22.509 1312.390
22.509 1312.390
22.509 6157.761
22.509 1312.390
22.509 1312.390
22.509 1312.390
22.509 1312.390
22.509 1312.390
22.509 1312.390
22.509 1312.390
22.509 1312.390
22.509 1312.390
22.509 1312.390
22.509 1312.390
22.509 1312.390
22.509 1312.390
22.509 1312.390
22.509 1312.390
22.509 1312.390
22.509 1312.390
22.509 1312.390
22.509 1312.390
22.509 1312.390
22.509 1312.390
22.509 1312.390
22.509 1312.390
22.509 1312.390
22.509 1312.390
22.509 1312.390
22.509 6158.739
22.509 1312.390
22.509 1312.390
22.509 1312.390
22.509 1312.390
22.509 1312.390
22.509 1312.390
22.509 1312.390
22.509 1312.390
22.509 1312.390
22.509 1312.390
22.509 1312.390
22.509 1312.390
22.509 1312.390
22.509 1312.390
22.509 1312.390
22.509 1312.390
22.509 1312.390
22.509 1312.390
22.509 1312.390
22.509 1312.390
22.509 1312.390
22.509 1312.390
22.509 1312.390
22.509 1312.390
22.509 1312.390
22.509 6157.761
22.509 1312.390
22.509 1312.390
22.509 1312.390
22.509 1312.390
22.509 1312.390
22.509 1312.390
22.509 1312.390
22.509 1312.390
22.509 1312.390
22.509 1312.390
22.509 1312.390
22.509 1312.390
22.509 1312.390
22.509 1312.390
22.509 1312.390
22.509 1312.390
22.509 1312.390
22.509 1312.390
22.509 1312.390
22.509 1312.390
22.509 1312.390
22.509 1312.390
22.509 1312.390
22.509 1312.390
22.509 1312.390
22.509 1312.390
22.509 6158.739
22.509 1312.390
22.509 1312.390
22.509 1312.390
22.509 1312.390
22.509 1312.390
22.509 1312.390
22.509 1312.390
22.509 1312.390
22.509 1312.390
22.509 1312.390
22.509 1312.390
22.509 1312.390
22.509 1312.390
22.509 1312.390
22.509 1312.390
22.509 1312.390
22.509 1312.390
22.509 1312.390
22.509 1312.390
22.509 1312.390
22.509 1312.390
22.509 1312.390
22.509 1312.390
22.509 1312.390
22.509 1312.390
22.509 6157.761
22.509 1312.390
22.509 1312.390
22.509 1312.390
22.509 1312.390
22.509 1312.390
22.509 1312.390
22.509 1312.390
22.509 1312.390
22.509 1312.390
22.509 1312.390
22.509 1312.390
22.509 1312.390
22.509 1312.390
22.509 1312.390
22.509 1312.390
22.509 1312.390
22.509 1312.390
22.509 1312.390
22.509 1312.390
22.509 1312.390
22.509 1312.390
22.509 1312.390
22.509 1312.390
22.509 1312.390
22.509 1312.390
22.509 1312.390
22.509 6158.739
22.509 1312.390
22.509 1312.390
22.509 1312.390
22.509 1312.390
22.509 1312.390
22.509 1312.390
22.509 1312.390
22.509 1312.390
22.509 1312.390
22.509 1312.390
22.509 1312.390
22.509 1312.390
22.509 1312.390
22.509 1312.390
22.509 1312.390
22.509 1312.390
22.509 1312.390
22.509 1312.390
22.509 1312.390
22.509 1312.390
22.509 1312.390
22.509 1312.390
22.509 1312.390
22.509 1312.390
22.509 1312.390
22.509 6158.739
22.509 1312.390
22.509 1312.390
22.509 1312.390
22.509 1312.390
22.509 1312.390
22.509 1312.390
22.509 1312.390
22.509 1312.390
22.509 1312.390
22.509 1312.390
22.509 1312.390
22.509 1312.390
22.509 1312.390
22.509 1312.390
22.509 1312.390
22.509 1312.390
22.509 1312.390
22.509 1312.390
22.509 1312.390
22.509 1312.390
22.509 1312.390
22.509 1312.390
22.509 1312.390
22.509 1312.390
22.509 1312.390
22.509 1312.390
22.509 6158.739
22.509 1312.390
22.509 1312.390
22.509 1312.390
22.509 1312.390
22.509 1312.390
22.509 1312.390
22.509 1312.390
22.509 1312.390
22.509 1312.390
22.509 1312.390
22.509 1312.390
22.509 1312.390
22.509 1312.390
22.509 1312.390
22.509 1312.390
22.509 1312.390
22.509 1312.390
22.509 1312.390
22.509 1312.390
22.509 1312.390
22.509 1312.390
22.509 1312.390
22.509 1312.390
22.509 1312.390
22.509 1312.390
22.509 6157.761
22.509 1312.390
22.509 1312.390
22.509 1312.390
22.509 1312.390
22.509 1312.390
22.509 1312.390
22.509 1312.390
22.509 1312.390
22.509 1312.390
22.509 1312.390
22.509 1312.390
22.509 1312.390
22.509 1312.390
22.509 1312.390
22.509 1312.390
22.509 1312.390
22.509 1312.390
22.509 1312.390
22.509 1312.390
22.509 1312.390
22.509 1312.390
22.509 1312.390
22.509 1312.390
22.509 1312.390
22.509 1312.390
22.509 1312.390
22.509 6159.718
22.509 1312.390
22.509 1312.390
22.509 1312.390
22.509 1312.390
22.509 1312.390
22.509 1312.390
22.509 1312.390
22.509 1312.390
22.509 1312.390
22.509 1312.390
22.509 1312.390
22.509 1312.390
22.509 1312.390
22.509 1312.390
22.509 1312.390
22.509 1312.390
22.509 1312.390
22.509 1312.390
22.509 1312.390
22.509 1312.390
22.509 1312.390
22.509 1312.390
22.509 1312.390
22.509 1312.390
22.509 1312.390
22.509 6157.761
22.509 1312.390
22.509 1312.390
22.509 1312.390
22.509 1312.390
22.509 1312.390
22.509 1312.390
22.509 1312.390
22.509 1312.390
22.509 1312.390
22.509 1312.390
22.509 1312.390
22.509 1312.390
22.509 1312.390
22.509 1312.390
22.509 1312.390
22.509 1312.390
22.509 1312.390
22.509 1312.390
22.509 1312.390
22.509 1312.390
22.509 1312.390
22.509 1312.390
22.509 1312.390
22.509 1312.390
22.509 1312.390
22.509 1312.390
22.509 6158.739
22.509 1312.390
22.509 1312.390
22.509 1312.390
22.509 1312.390
22.509 1312.390
22.509 1312.390
22.509 1312.390
22.509 1312.390
22.509 1312.390
22.509 1312.390
22.509 1312.390
22.509 1312.390
22.509 1312.390
22.509 1312.390
22.509 1312.390
22.509 1312.390
22.509 1312.390
22.509 1312.390
22.509 1312.390
22.509 1312.390
22.509 1312.390
22.509 1312.390
22.509 1312.390
22.509 1312.390
22.509 1312.390
22.509 6161.675
22.509 1312.390
22.509 1312.390
22.509 1312.390
22.509 1312.390
22.509 1312.390
22.509 1312.390
22.509 1312.390
22.509 1312.390
22.509 1312.390
22.509 1312.390
22.509 1312.390
22.509 1312.390
22.509 1312.390
22.509 1312.390
22.509 1312.390
22.509 1312.390
22.509 1312.390
22.509 1312.390
22.509 1312.390
22.509 1312.390
22.509 1312.390
22.509 1312.390
22.509 1312.390
22.509 1312.390
22.509 1312.390
22.509 1312.390
22.509 6158.739
22.509 1312.390
22.509 1312.390
22.509 1312.390
22.509 1312.390
22.509 1312.390
22.509 1312.390
22.509 1312.390
22.509 1312.390
22.509 1312.390
22.509 1312.390
22.509 1312.390
22.509 1312.390
22.509 1312.390
22.509 1312.390
22.509 1312.390
22.509 1312.390
22.509 1312.390
22.509 1312.390
22.509 1312.390
22.509 1312.390
22.509 1312.390
22.509 1312.390
22.509 1312.390
22.509 1312.390
22.509 1312.390
22.509 6157.761
22.509 1312.390
22.509 1312.390
22.509 1312.390
22.509 1312.390
22.509 1312.390
22.509 1312.390
22.509 1312.390
22.509 1312.390
22.509 1312.390
22.509 1312.390
22.509 1312.390
22.509 1312.390
22.509 1312.390
22.509 1312.390
22.509 1312.390
22.509 1312.390
22.509 1312.390
22.509 1312.390
22.509 1312.390
22.509 1312.390
22.509 1312.390
22.509 1312.390
22.509 1312.390
22.509 1312.390
22.509 1312.390
22.509 1312.390
22.509 6162.654
22.509 1312.390
22.509 1312.390
22.509 1312.390
22.509 1312.390
22.509 1312.390
22.509 1312.390
22.509 1312.390
22.509 1312.390
22.509 1312.390
22.509 1312.390
22.509 1312.390
22.509 1312.390
22.509 1312.390
22.509 1312.390
22.509 1312.390
22.509 1312.390
22.509 1312.390
22.509 1312.390
22.509 1312.390
22.509 1312.390
22.509 1312.390
22.509 1312.390
22.509 1312.390
22.509 1312.390
22.509 1312.390
22.509 6157.761
22.509 1312.390
22.509 1312.390
22.509 1312.390
22.509 1312.390
22.509 1312.390
22.509 1312.390
22.509 1312.390
22.509 1312.390
22.509 1312.390
22.509 1312.390
22.509 1312.390
22.509 1312.390
22.509 1312.390
22.509 1312.390
22.509 1312.390
22.509 1312.390
22.509 1312.390
22.509 1312.390
22.509 1312.390
22.509 1312.390
22.509 1312.390
22.509 1312.390
22.509 1312.390
22.509 1312.390
22.509 1312.390
22.509 1312.390
22.509 6158.739
22.509 1312.390
22.509 1312.390
22.509 1312.390
22.509 1312.390
22.509 1312.390
22.509 1312.390
22.509 1312.390
22.509 1312.390
22.509 1312.390
22.509 1312.390
22.509 1312.390
22.509 1312.390
22.509 1312.390
22.509 1312.390
22.509 1312.390
22.509 1312.390
22.509 1312.390
22.509 1312.390
22.509 1312.390
22.509 1312.390
22.509 1312.390
22.509 1312.390
22.509 1312.390
22.509 1312.390
22.509 1312.390
22.509 6157.761
22.509 1312.390
22.509 1312.390
22.509 1312.390
22.509 1312.390
22.509 1312.390
22.509 1312.390
22.509 1312.390
22.509 1312.390
22.509 1312.390
22.509 1312.390
22.509 1312.390
22.509 1312.390
22.509 1312.390
22.509 1312.390
22.509 1312.390
22.509 1312.390
22.509 1312.390
22.509 1312.390
22.509 1312.390
22.509 1312.390
22.509 1312.390
22.509 1312.390
22.509 1312.390
22.509 1312.390
22.509 1312.390
22.509 1312.390
22.509 6158.739
22.509 1312.390
22.509 1312.390
22.509 1312.390
22.509 1312.390
22.509 1312.390
22.509 1312.390
22.509 1312.390
22.509 1312.390
22.509 1312.390
22.509 1312.390
22.509 1312.390
22.509 1312.390
22.509 1312.390
22.509 1312.390
22.509 1312.390
22.509 1312.390
22.509 1312.390
22.509 1312.390
22.509 1312.390
22.509 1312.390
22.509 1312.390
22.509 1312.390
22.509 1312.390
22.509 1312.390
22.509 1312.390
22.509 7869.446
22.509 1312.390
22.509 1312.390
22.509 1312.390
22.509 1312.390
22.509 1312.390
22.509 1312.390
22.509 1312.390
22.509 1312.390
22.509 1312.390
22.509 1312.390
22.509 1312.390
22.509 1312.390
22.509 1312.390
22.509 1312.390
22.509 1312.390
22.509 1312.390
22.509 1312.390
22.509 1312.390
22.509 1312.390
22.509 1312.390
22.509 1312.390
22.509 1312.390
22.509 1312.390
22.509 1312.390
22.509 1312.390
22.509 1312.390
22.509 6167.547
22.509 1312.390
22.509 1312.390
22.509 1312.390
22.509 1312.390
22.509 1312.390
22.509 1312.390
22.509 1312.390
22.509 1312.390
22.509 1312.390
22.509 1312.390
22.509 1312.390
22.509 1312.390
22.509 1312.390
22.509 1312.390
22.509 1312.390
22.509 1312.390
22.509 1312.390
22.509 1312.390
22.509 1312.390
22.509 1312.390
22.509 1312.390
22.509 1312.390
22.509 1312.390
22.509 1312.390
22.509 1312.390
22.509 6155.803
22.509 1312.390
22.509 1312.390
22.509 1312.390
22.509 1312.390
22.509 1312.390
22.509 1312.390
22.509 1312.390
22.509 1312.390
22.509 1312.390
22.509 1312.390
22.509 1312.390
22.509 1312.390
22.509 1312.390
22.509 1312.390
22.509 1312.390
22.509 1312.390
22.509 1312.390
22.509 1312.390
22.509 1312.390
22.509 1312.390
22.509 1312.390
22.509 1312.390
22.509 1312.390
22.509 1312.390
22.509 1312.390
22.509 1312.390
22.509 6167.547
22.509 1312.390
22.509 1312.390
22.509 1312.390
22.509 1312.390
22.509 1312.390
22.509 1312.390
22.509 1312.390
22.509 1312.390
22.509 1312.390
22.509 1312.390
22.509 1312.390
22.509 1312.390
22.509 1312.390
22.509 1312.390
22.509 1312.390
22.509 1312.390
22.509 1312.390
22.509 1312.390
22.509 1312.390
22.509 1312.390
22.509 1312.390
22.509 1312.390
22.509 1312.390
22.509 1312.390
22.509 1312.390
22.509 6155.803
22.509 1312.390
22.509 1312.390
22.509 1312.390
22.509 1312.390
22.509 1312.390
22.509 1312.390
22.509 1312.390
22.509 1312.390
22.509 1312.390
22.509 1312.390
22.509 1312.390
22.509 1312.390
22.509 1312.390
22.509 1312.390
22.509 1312.390
22.509 1312.390
22.509 1312.390
22.509 1312.390
22.509 1312.390
22.509 1312.390
22.509 1312.390
22.509 1312.390
22.509 1312.390
22.509 1312.390
22.509 1312.390
22.509 1312.390
22.509 6167.547
22.509 1312.390
22.509 1312.390
22.509 1312.390
22.509 1312.390
22.509 1312.390
22.509 1312.390
22.509 1312.390
22.509 1312.390
22.509 1312.390
22.509 1312.390
22.509 1312.390
22.509 1312.390
22.509 1312.390
22.509 1312.390
22.509 1312.390
22.509 1312.390
22.509 1312.390
22.509 1312.390
22.509 1312.390
22.509 1312.390
22.509 1312.390
22.509 1312.390
22.509 1312.390
22.509 1312.390
22.509 1312.390
22.509 7776.473
22.509 1312.390
22.509 1312.390
22.509 1312.390
22.509 1312.390
22.509 1312.390
22.509 1312.390
22.509 1312.390
22.509 1312.390
22.509 1312.390
22.509 1312.390
22.509 1312.390
22.509 1312.390
22.509 1312.390
22.509 1312.390
22.509 1312.390
22.509 1312.390
22.509 1312.390
22.509 1312.390
22.509 1312.390
22.509 1312.390
22.509 1312.390
22.509 1312.390
22.509 1312.390
22.509 1312.390
22.509 1312.390
22.509 1312.390
22.509 6158.739
22.509 1312.390
22.509 1312.390
22.509 1312.390
22.509 1312.390
22.509 1312.390
22.509 1312.390
22.509 1312.390
22.509 1312.390
22.509 1312.390
22.509 1312.390
22.509 1312.390
22.509 1312.390
22.509 1312.390
22.509 1312.390
22.509 1312.390
22.509 1312.390
22.509 1312.390
22.509 1312.390
22.509 1312.390
22.509 1312.390
22.509 1312.390
22.509 1312.390
22.509 1312.390
22.509 1312.390
22.509 1312.390
22.509 6157.761
22.509 1312.390
22.509 1312.390
22.509 1312.390
22.509 1312.390
22.509 1312.390
22.509 1312.390
22.509 1312.390
22.509 1312.390
22.509 1312.390
22.509 1312.390
22.509 1312.390
22.509 1312.390
22.509 1312.390
22.509 1312.390
22.509 1312.390
22.509 1312.390
22.509 1312.390
22.509 1312.390
22.509 1312.390
22.509 1312.390
22.509 1312.390
22.509 1312.390
22.509 1312.390
22.509 1312.390
22.509 1312.390
22.509 1312.390
22.509 6158.739
22.509 1312.390
22.509 1312.390
22.509 1312.390
22.509 1312.390
22.509 1312.390
22.509 1312.390
22.509 1312.390
22.509 1312.390
22.509 1312.390
22.509 1312.390
22.509 1312.390
22.509 1312.390
22.509 1312.390
22.509 1312.390
22.509 1312.390
22.509 1312.390
22.509 1312.390
22.509 1312.390
22.509 1312.390
22.509 1312.390
22.509 1312.390
22.509 1312.390
22.509 1312.390
22.509 1312.390
22.509 1312.390
22.509 6157.761
22.509 1312.390
22.509 1312.390
22.509 1312.390
22.509 1312.390
22.509 1312.390
22.509 1312.390
22.509 1312.390
22.509 1312.390
22.509 1312.390
22.509 1312.390
22.509 1312.390
22.509 1312.390
22.509 1312.390
22.509 1312.390
22.509 1312.390
22.509 1312.390
22.509 1312.390
22.509 1312.390
22.509 1312.390
22.509 1312.390
22.509 1312.390
22.509 1312.390
22.509 1312.390
22.509 1312.390
22.509 1312.390
22.509 1312.390
22.509 6158.739
22.509 1312.390
22.509 1312.390
22.509 1312.390
22.509 1312.390
22.509 1312.390
22.509 1312.390
22.509 1312.390
22.509 1312.390
22.509 1312.390
22.509 1312.390
22.509 1312.390
22.509 1312.390
22.509 1312.390
22.509 1312.390
22.509 1312.390
22.509 1312.390
22.509 1312.390
22.509 1312.390
22.509 1312.390
22.509 1312.390
22.509 1312.390
22.509 1312.390
22.509 1312.390
22.509 1312.390
22.509 1312.390
22.509 6157.761
22.509 1312.390
22.509 1312.390
22.509 1312.390
22.509 1312.390
22.509 1312.390
22.509 1312.390
22.509 1312.390
22.509 1312.390
22.509 1312.390
22.509 1312.390
22.509 1312.390
22.509 1312.390
22.509 1312.390
22.509 1312.390
22.509 1312.390
22.509 1312.390
22.509 1312.390
22.509 1312.390
22.509 1312.390
22.509 1312.390
22.509 1312.390
22.509 1312.390
22.509 1312.390
22.509 1312.390
22.509 1312.390
22.509 1312.390
22.509 6158.739
22.509 1312.390
22.509 1312.390
22.509 1312.390
22.509 1312.390
22.509 1312.390
22.509 1312.390
22.509 1312.390
22.509 1312.390
22.509 1312.390
22.509 1312.390
22.509 1312.390
22.509 1312.390
22.509 1312.390
22.509 1312.390
22.509 1312.390
22.509 1312.390
22.509 1312.390
22.509 1312.390
22.509 1312.390
22.509 1312.390
22.509 1312.390
22.509 1312.390
22.509 1312.390
22.509 1312.390
22.509 1312.390
22.509 6157.761
22.509 1312.390
22.509 1312.390
22.509 1312.390
22.509 1312.390
22.509 1312.390
22.509 1312.390
22.509 1312.390
22.509 1312.390
22.509 1312.390
22.509 1312.390
22.509 1312.390
22.509 1312.390
22.509 1312.390
22.509 1312.390
22.509 1312.390
22.509 1312.390
22.509 1312.390
22.509 1312.390
22.509 1312.390
22.509 1312.390
22.509 1312.390
22.509 1312.390
22.509 1312.390
22.509 1312.390
22.509 1312.390
22.509 1312.390
22.509 6162.654
22.509 1312.390
22.509 1312.390
22.509 1312.390
22.509 1312.390
22.509 1312.390
22.509 1312.390
22.509 1312.390
22.509 1312.390
22.509 1312.390
22.509 1312.390
22.509 1312.390
22.509 1312.390
22.509 1312.390
22.509 1312.390
22.509 1312.390
22.509 1312.390
22.509 1312.390
22.509 1312.390
22.509 1312.390
22.509 1312.390
22.509 1312.390
22.509 1312.390
22.509 1312.390
22.509 1312.390
22.509 1312.390
22.509 6157.761
22.509 1312.390
22.509 1312.390
22.509 1312.390
22.509 1312.390
22.509 1312.390
22.509 1312.390
22.509 1312.390
22.509 1312.390
22.509 1312.390
22.509 1312.390
22.509 1312.390
22.509 1312.390
22.509 1312.390
22.509 1312.390
22.509 1312.390
22.509 1312.390
22.509 1312.390
22.509 1312.390
22.509 1312.390
22.509 1312.390
22.509 1312.390
22.509 1312.390
22.509 1312.390
22.509 1312.390
22.509 1312.390
22.509 1312.390
22.509 6147.974
22.509 1312.390
22.509 1312.390
22.509 1312.390
22.509 1312.390
22.509 1312.390
22.509 1312.390
22.509 1312.390
22.509 1312.390
22.509 1312.390
22.509 1312.390
22.509 1312.390
22.509 1312.390
22.509 1312.390
22.509 1312.390
22.509 1312.390
22.509 1312.390
22.509 1312.390
22.509 1312.390
22.509 1312.390
22.509 1312.390
22.509 1312.390
22.509 1312.390
22.509 1312.390
22.509 1312.390
22.509 1312.390
22.509 6157.761
22.509 1312.390
22.509 1312.390
22.509 1312.390
22.509 1312.390
22.509 1312.390
22.509 1312.390
22.509 1312.390
22.509 1312.390
22.509 1312.390
22.509 1312.390
22.509 1312.390
22.509 1312.390
22.509 1312.390
22.509 1312.390
22.509 1312.390
22.509 1312.390
22.509 1312.390
22.509 1312.390
22.509 1312.390
22.509 1312.390
22.509 1312.390
22.509 1312.390
22.509 1312.390
22.509 1312.390
22.509 1312.390
22.509 1312.390
22.509 6158.739
22.509 1312.390
22.509 1312.390
22.509 1312.390
22.509 1312.390
22.509 1312.390
22.509 1312.390
22.509 1312.390
22.509 1312.390
22.509 1312.390
22.509 1312.390
22.509 1312.390
22.509 1312.390
22.509 1312.390
22.509 1312.390
22.509 1312.390
22.509 1312.390
22.509 1312.390
22.509 1312.390
22.509 1312.390
22.509 1312.390
22.509 1312.390
22.509 1312.390
22.509 1312.390
22.509 1312.390
22.509 1312.390
22.509 6157.761
22.509 1312.390
22.509 1312.390
22.509 1312.390
22.509 1312.390
22.509 1312.390
22.509 1312.390
22.509 1312.390
22.509 1312.390
22.509 1312.390
22.509 1312.390
22.509 1312.390
22.509 1312.390
22.509 1312.390
22.509 1312.390
22.509 1312.390
22.509 1312.390
22.509 1312.390
22.509 1312.390
22.509 1312.390
22.509 1312.390
22.509 1312.390
22.509 1312.390
22.509 1312.390
22.509 1312.390
22.509 1312.390
22.509 1312.390
22.509 6147.974
22.509 1312.390
22.509 1312.390
22.509 1312.390
22.509 1312.390
22.509 1312.390
22.509 1312.390
22.509 1312.390
22.509 1312.390
22.509 1312.390
22.509 1312.390
22.509 1312.390
22.509 1312.390
22.509 1312.390
22.509 1312.390
22.509 1312.390
22.509 1312.390
22.509 1312.390
22.509 1312.390
22.509 1312.390
22.509 1312.390
22.509 1312.390
22.509 1312.390
22.509 1312.390
22.509 1312.390
22.509 1312.390
22.509 6161.675
22.509 1312.390
22.509 1312.390
22.509 1312.390
22.509 1312.390
22.509 1312.390
22.509 1312.390
22.509 1312.390
22.509 1312.390
22.509 1312.390
22.509 1312.390
22.509 1312.390
22.509 1312.390
22.509 1312.390
22.509 1312.390
22.509 1312.390
22.509 1312.390
22.509 1312.390
22.509 1312.390
22.509 1312.390
22.509 1312.390
22.509 1312.390
22.509 1312.390
22.509 1312.390
22.509 1312.390
22.509 1312.390
22.509 1312.390
22.509 6158.739
22.509 1312.390
22.509 1312.390
22.509 1312.390
22.509 1312.390
22.509 1312.390
22.509 1312.390
22.509 1312.390
22.509 1312.390
22.509 1312.390
22.509 1312.390
22.509 1312.390
22.509 1312.390
22.509 1312.390
22.509 1312.390
22.509 1312.390
22.509 1312.390
22.509 1312.390
22.509 1312.390
22.509 1312.390
22.509 1312.390
22.509 1312.390
22.509 1312.390
22.509 1312.390
22.509 1312.390
22.509 1312.390
22.509 6157.761
22.509 1312.390
22.509 1312.390
22.509 1312.390
22.509 1312.390
22.509 1312.390
22.509 1312.390
22.509 1312.390
22.509 1312.390
22.509 1312.390
22.509 1312.390
22.509 1312.390
22.509 1312.390
22.509 1312.390
22.509 1312.390
22.509 1312.390
22.509 1312.390
22.509 1312.390
22.509 1312.390
22.509 1312.390
22.509 1312.390
22.509 1312.390
22.509 1312.390
22.509 1312.390
22.509 1312.390
22.509 1312.390
22.509 1312.390
22.509 7064.983
22.509 1977.882
22.509 1977.882
22.509 1977.882
22.509 1977.882
22.509 1977.882
22.509 1977.882
22.509 1977.882
22.509 1977.882
22.509 1977.882
22.509 1977.882
22.509 1977.882
22.509 1977.882
22.509 1977.882
22.509 1977.882
22.509 1977.882
22.509 1977.882
22.509 1977.882
22.509 6842.826
17.616 1982.775
17.616 1982.775
17.616 1982.775
17.616 1982.775
17.616 1982.775
17.616 1982.775
17.616 1982.775
17.616 1982.775
17.616 1982.775
17.616 1982.775
17.616 1982.775
17.616 1982.775
17.616 1982.775
17.616 1982.775
17.616 1982.775
17.616 1982.775
17.616 1982.775
17.616 6843.805
17.616 1982.775
17.616 1982.775
17.616 1982.775
17.616 1982.775
17.616 1982.775
17.616 1982.775
17.616 1982.775
17.616 1982.775
17.616 1982.775
17.616 1982.775
17.616 1982.775
17.616 1982.775
17.616 1982.775
17.616 1982.775
17.616 1982.775
17.616 1982.775
17.616 1982.775
17.616 6847.720
12.723 1987.669
12.723 1987.669
12.723 1987.669
12.723 1987.669
12.723 1987.669
12.723 1987.669
12.723 1987.669
12.723 1987.669
12.723 1987.669
12.723 1987.669
12.723 1987.669
12.723 1987.669
12.723 1987.669
12.723 1987.669
12.723 1987.669
12.723 1987.669
12.723 1987.669
12.723 6849.677
12.723 1987.669
12.723 1987.669
12.723 1987.669
12.723 1987.669
12.723 1987.669
12.723 1987.669
12.723 1987.669
12.723 1987.669
12.723 1987.669
12.723 1987.669
12.723 1987.669
12.723 1987.669
12.723 1987.669
12.723 1987.669
12.723 1987.669
12.723 1987.669
12.723 1987.669
12.723 6847.720
12.723 1987.669
12.723 1987.669
12.723 1987.669
12.723 1987.669
12.723 1987.669
12.723 1987.669
12.723 1987.669
12.723 1987.669
12.723 1987.669
12.723 1987.669
12.723 1987.669
12.723 1987.669
12.723 1987.669
12.723 1987.669
12.723 1987.669
12.723 1987.669
12.723 1987.669
12.723 6853.592
7.829 1992.562
7.829 1992.562
7.829 1992.562
7.829 1992.562
7.829 1992.562
7.829 1992.562
7.829 1992.562
7.829 1992.562
7.829 1992.562
7.829 1992.562
7.829 1992.562
7.829 1992.562
7.829 1992.562
7.829 1992.562
7.829 1992.562
7.829 1992.562
7.829 1992.562
7.829 8565.277
7.829 1992.562
7.829 1992.562
7.829 1992.562
7.829 1992.562
7.829 1992.562
7.829 1992.562
7.829 1992.562
7.829 1992.562
7.829 1992.562
7.829 1992.562
7.829 1992.562
7.829 1992.562
7.829 1992.562
7.829 1992.562
7.829 1992.562
7.829 1992.562
7.829 1992.562
7.829 6862.400
7.829 1992.562
7.829 1992.562
7.829 1992.562
7.829 1992.562
7.829 1992.562
7.829 1992.562
7.829 1992.562
7.829 1992.562
7.829 1992.562
7.829 1992.562
7.829 1992.562
7.829 1992.562
7.829 1992.562
7.829 1992.562
7.829 1992.562
7.829 1992.562
7.829 1992.562
7.829 6850.656
7.829 1992.562
7.829 1992.562
7.829 1992.562
7.829 1992.562
7.829 1992.562
7.829 1992.562
7.829 1992.562
7.829 1992.562
7.829 1992.562
7.829 1992.562
7.829 1992.562
7.829 1992.562
7.829 1992.562
7.829 1992.562
7.829 1992.562
7.829 1992.562
7.829 1992.562
7.829 6866.314
7.829 1992.562
7.829 1992.562
7.829 1992.562
7.829 1992.562
7.829 1992.562
7.829 1992.562
7.829 1992.562
7.829 1992.562
7.829 1992.562
7.829 1992.562
7.829 1992.562
7.829 1992.562
7.829 1992.562
7.829 1992.562
7.829 1992.562
7.829 1992.562
7.829 1992.562
7.829 8558.426
7.829 1992.562
7.829 1992.562
7.829 1992.562
7.829 1992.562
7.829 1992.562
7.829 1992.562
7.829 1992.562
7.829 1992.562
7.829 1992.562
7.829 1992.562
7.829 1992.562
7.829 1992.562
7.829 1992.562
7.829 1992.562
7.829 1992.562
7.829 1992.562
7.829 1992.562
7.829 6856.528
7.829 1992.562
7.829 1992.562
7.829 1992.562
7.829 1992.562
7.829 1992.562
7.829 1992.562
7.829 1992.562
7.829 1992.562
7.829 1992.562
7.829 1992.562
7.829 1992.562
7.829 1992.562
7.829 1992.562
7.829 1992.562
7.829 1992.562
7.829 1992.562
7.829 1992.562
7.829 6855.549
7.829 1992.562
7.829 1992.562
7.829 1992.562
7.829 1992.562
7.829 1992.562
7.829 1992.562
7.829 1992.562
7.829 1992.562
7.829 1992.562
7.829 1992.562
7.829 1992.562
7.829 1992.562
7.829 1992.562
7.829 1992.562
7.829 1992.562
7.829 1992.562
7.829 1992.562
7.829 8466.432
7.829 1992.562
7.829 1992.562
7.829 1992.562
7.829 1992.562
7.829 1992.562
7.829 1992.562
7.829 1992.562
7.829 1992.562
7.829 1992.562
7.829 1992.562
7.829 1992.562
7.829 1992.562
7.829 1992.562
7.829 1992.562
7.829 1992.562
7.829 1992.562
7.829 1992.562
7.829 6846.741
7.829 1992.562
7.829 1992.562
7.829 1992.562
7.829 1992.562
7.829 1992.562
7.829 1992.562
7.829 1992.562
7.829 1992.562
7.829 1992.562
7.829 1992.562
7.829 1992.562
7.829 1992.562
7.829 1992.562
7.829 1992.562
7.829 1992.562
7.829 1992.562
7.829 1992.562
7.829 6847.720
7.829 1992.562
7.829 1992.562
7.829 1992.562
7.829 1992.562
7.829 1992.562
7.829 1992.562
7.829 1992.562
7.829 1992.562
7.829 1992.562
7.829 1992.562
7.829 1992.562
7.829 1992.562
7.829 1992.562
7.829 1992.562
7.829 1992.562
7.829 1992.562
7.829 1992.562
7.829 6850.656
7.829 1992.562
7.829 1992.562
7.829 1992.562
7.829 1992.562
7.829 1992.562
7.829 1992.562
7.829 1992.562
7.829 1992.562
7.829 1992.562
7.829 1992.562
7.829 1992.562
7.829 1992.562
7.829 1992.562
7.829 1992.562
7.829 1992.562
7.829 1992.562
7.829 1992.562
7.829 6672.539
22.509 1664.709
22.509 1664.709
22.509 1664.709
22.509 1664.709
22.509 1664.709
22.509 1664.709
22.509 1664.709
22.509 1664.709
22.509 1664.709
22.509 1664.709
22.509 1664.709
22.509 1664.709
22.509 1664.709
22.509 1664.709
22.509 1664.709
22.509 1664.709
22.509 1664.709
22.509 1664.709
22.509 1664.709
22.509 1664.709
22.509 9860.051
17.616 1669.603
17.616 1669.603
17.616 1669.603
17.616 1669.603
17.616 1669.603
17.616 1669.603
17.616 1669.603
17.616 1669.603
17.616 1669.603
17.616 1669.603
17.616 1669.603
17.616 1669.603
17.616 1669.603
17.616 1669.603
17.616 1669.603
17.616 1669.603
17.616 1669.603
17.616 1669.603
17.616 1669.603
17.616 1669.603
17.616 6539.440
17.616 1669.603
17.616 1669.603
17.616 1669.603
17.616 1669.603
17.616 1669.603
17.616 1669.603
17.616 1669.603
17.616 1669.603
17.616 1669.603
17.616 1669.603
17.616 1669.603
17.616 1669.603
17.616 1669.603
17.616 1669.603
17.616 1669.603
17.616 1669.603
17.616 1669.603
17.616 1669.603
17.616 1669.603
17.616 1669.603
17.616 6543.355
12.723 1674.496
12.723 1674.496
12.723 1674.496
12.723 1674.496
12.723 1674.496
12.723 1674.496
12.723 1674.496
12.723 1674.496
12.723 1674.496
12.723 1674.496
12.723 1674.496
12.723 1674.496
12.723 1674.496
12.723 1674.496
12.723 1674.496
12.723 1674.496
12.723 1674.496
12.723 1674.496
12.723 1674.496
12.723 1674.496
12.723 6544.334
12.723 1674.496
12.723 1674.496
12.723 1674.496
12.723 1674.496
12.723 1674.496
12.723 1674.496
12.723 1674.496
12.723 1674.496
12.723 1674.496
12.723 1674.496
12.723 1674.496
12.723 1674.496
12.723 1674.496
12.723 1674.496
12.723 1674.496
12.723 1674.496
12.723 1674.496
12.723 1674.496
12.723 1674.496
12.723 1674.496
12.723 6532.590
12.723 1674.496
12.723 1674.496
12.723 1674.496
12.723 1674.496
12.723 1674.496
12.723 1674.496
12.723 1674.496
12.723 1674.496
12.723 1674.496
12.723 1674.496
12.723 1674.496
12.723 1674.496
12.723 1674.496
12.723 1674.496
12.723 1674.496
12.723 1674.496
12.723 1674.496
12.723 1674.496
12.723 1674.496
12.723 1674.496
12.723 8159.131
7.829 1679.389
7.829 1679.389
7.829 1679.389
7.829 1679.389
7.829 1679.389
7.829 1679.389
7.829 1679.389
7.829 1679.389
7.829 1679.389
7.829 1679.389
7.829 1679.389
7.829 1679.389
7.829 1679.389
7.829 1679.389
7.829 1679.389
7.829 1679.389
7.829 1679.389
7.829 1679.389
7.829 1679.389
7.829 1679.389
7.829 6539.440
7.829 1679.389
7.829 1679.389
7.829 1679.389
7.829 1679.389
7.829 1679.389
7.829 1679.389
7.829 1679.389
7.829 1679.389
7.829 1679.389
7.829 1679.389
7.829 1679.389
7.829 1679.389
7.829 1679.389
7.829 1679.389
7.829 1679.389
7.829 1679.389
7.829 1679.389
7.829 1679.389
7.829 1679.389
7.829 1679.389
7.829 6540.419
7.829 1679.389
7.829 1679.389
7.829 1679.389
7.829 1679.389
7.829 1679.389
7.829 1679.389
7.829 1679.389
7.829 1679.389
7.829 1679.389
7.829 1679.389
7.829 1679.389
7.829 1679.389
7.829 1679.389
7.829 1679.389
7.829 1679.389
7.829 1679.389
7.829 1679.389
7.829 1679.389
7.829 1679.389
7.829 1679.389
7.829 6543.355
7.829 1679.389
7.829 1679.389
7.829 1679.389
7.829 1679.389
7.829 1679.389
7.829 1679.389
7.829 1679.389
7.829 1679.389
7.829 1679.389
7.829 1679.389
7.829 1679.389
7.829 1679.389
7.829 1679.389
7.829 1679.389
7.829 1679.389
7.829 1679.389
7.829 1679.389
7.829 1679.389
7.829 1679.389
7.829 1679.389
7.829 6540.419
7.829 1679.389
7.829 1679.389
7.829 1679.389
7.829 1679.389
7.829 1679.389
7.829 1679.389
7.829 1679.389
7.829 1679.389
7.829 1679.389
7.829 1679.389
7.829 1679.389
7.829 1679.389
7.829 1679.389
7.829 1679.389
7.829 1679.389
7.829 1679.389
7.829 1679.389
7.829 1679.389
7.829 1679.389
7.829 1679.389
7.829 6524.760
7.829 1679.389
7.829 1679.389
7.829 1679.389
7.829 1679.389
7.829 1679.389
7.829 1679.389
7.829 1679.389
7.829 1679.389
7.829 1679.389
7.829 1679.389
7.829 1679.389
7.829 1679.389
7.829 1679.389
7.829 1679.389
7.829 1679.389
7.829 1679.389
7.829 1679.389
7.829 1679.389
7.829 1679.389
7.829 1679.389
7.829 6529.654
7.829 1679.389
7.829 1679.389
7.829 1679.389
7.829 1679.389
7.829 1679.389
7.829 1679.389
7.829 1679.389
7.829 1679.389
7.829 1679.389
7.829 1679.389
7.829 1679.389
7.829 1679.389
7.829 1679.389
7.829 1679.389
7.829 1679.389
7.829 1679.389
7.829 1679.389
7.829 1679.389
7.829 1679.389
7.829 1679.389
7.829 6524.760
7.829 1679.389
7.829 1679.389
7.829 1679.389
7.829 1679.389
7.829 1679.389
7.829 1679.389
7.829 1679.389
7.829 1679.389
7.829 1679.389
7.829 1679.389
7.829 1679.389
7.829 1679.389
7.829 1679.389
7.829 1679.389
7.829 1679.389
7.829 1679.389
7.829 1679.389
7.829 1679.389
7.829 1679.389
7.829 1679.389
7.829 6525.739
7.829 1679.389
7.829 1679.389
7.829 1679.389
7.829 1679.389
7.829 1679.389
7.829 1679.389
7.829 1679.389
7.829 1679.389
7.829 1679.389
7.829 1679.389
7.829 1679.389
7.829 1679.389
7.829 1679.389
7.829 1679.389
7.829 1679.389
7.829 1679.389
7.829 1679.389
7.829 1679.389
7.829 1679.389
7.829 1679.389
7.829 6524.760
7.829 1679.389
7.829 1679.389
7.829 1679.389
7.829 1679.389
7.829 1679.389
7.829 1679.389
7.829 1679.389
7.829 1679.389
7.829 1679.389
7.829 1679.389
7.829 1679.389
7.829 1679.389
7.829 1679.389
7.829 1679.389
7.829 1679.389
7.829 1679.389
7.829 1679.389
7.829 1679.389
7.829 1679.389
7.829 1679.389
7.829 6525.739
7.829 1679.389
7.829 1679.389
7.829 1679.389
7.829 1679.389
7.829 1679.389
7.829 1679.389
7.829 1679.389
7.829 1679.389
7.829 1679.389
7.829 1679.389
7.829 1679.389
7.829 1679.389
7.829 1679.389
7.829 1679.389
7.829 1679.389
7.829 1679.389
7.829 1679.389
7.829 1679.389
7.829 1679.389
7.829 1679.389
7.829 6524.760
7.829 1679.389
7.829 1679.389
7.829 1679.389
7.829 1679.389
7.829 1679.389
7.829 1679.389
7.829 1679.389
7.829 1679.389
7.829 1679.389
7.829 1679.389
7.829 1679.389
7.829 1679.389
7.829 1679.389
7.829 1679.389
7.829 1679.389
7.829 1679.389
7.829 1679.389
7.829 1679.389
7.829 1679.389
7.829 1679.389
7.829 6525.739
7.829 1679.389
7.829 1679.389
7.829 1679.389
7.829 1679.389
7.829 1679.389
7.829 1679.389
7.829 1679.389
7.829 1679.389
7.829 1679.389
7.829 1679.389
7.829 1679.389
7.829 1679.389
7.829 1679.389
7.829 1679.389
7.829 1679.389
7.829 1679.389
7.829 1679.389
7.829 1679.389
7.829 1679.389
7.829 1679.389
7.829 6525.739
7.829 1679.389
7.829 1679.389
7.829 1679.389
7.829 1679.389
7.829 1679.389
7.829 1679.389
7.829 1679.389
7.829 1679.389
7.829 1679.389
7.829 1679.389
7.829 1679.389
7.829 1679.389
7.829 1679.389
7.829 1679.389
7.829 1679.389
7.829 1679.389
7.829 1679.389
7.829 1679.389
7.829 1679.389
7.829 1679.389
7.829 6525.739
7.829 1679.389
7.829 1679.389
7.829 1679.389
7.829 1679.389
7.829 1679.389
7.829 1679.389
7.829 1679.389
7.829 1679.389
7.829 1679.389
7.829 1679.389
7.829 1679.389
7.829 1679.389
7.829 1679.389
7.829 1679.389
7.829 1679.389
7.829 1679.389
7.829 1679.389
7.829 1679.389
7.829 1679.389
7.829 1679.389
7.829 6524.760
7.829 1679.389
7.829 1679.389
7.829 1679.389
7.829 1679.389
7.829 1679.389
7.829 1679.389
7.829 1679.389
7.829 1679.389
7.829 1679.389
7.829 1679.389
7.829 1679.389
7.829 1679.389
7.829 1679.389
7.829 1679.389
7.829 1679.389
7.829 1679.389
7.829 1679.389
7.829 1679.389
7.829 1679.389
7.829 1679.389
7.829 6526.718
7.829 1679.389
7.829 1679.389
7.829 1679.389
7.829 1679.389
7.829 1679.389
7.829 1679.389
7.829 1679.389
7.829 1679.389
7.829 1679.389
7.829 1679.389
7.829 1679.389
7.829 1679.389
7.829 1679.389
7.829 1679.389
7.829 1679.389
7.829 1679.389
7.829 1679.389
7.829 1679.389
7.829 1679.389
7.829 1679.389
7.829 6524.760
7.829 1679.389
7.829 1679.389
7.829 1679.389
7.829 1679.389
7.829 1679.389
7.829 1679.389
7.829 1679.389
7.829 1679.389
7.829 1679.389
7.829 1679.389
7.829 1679.389
7.829 1679.389
7.829 1679.389
7.829 1679.389
7.829 1679.389
7.829 1679.389
7.829 1679.389
7.829 1679.389
7.829 1679.389
7.829 1679.389
7.829 6525.739
7.829 1679.389
7.829 1679.389
7.829 1679.389
7.829 1679.389
7.829 1679.389
7.829 1679.389
7.829 1679.389
7.829 1679.389
7.829 1679.389
7.829 1679.389
7.829 1679.389
7.829 1679.389
7.829 1679.389
7.829 1679.389
7.829 1679.389
7.829 1679.389
7.829 1679.389
7.829 1679.389
7.829 1679.389
7.829 1679.389
7.829 6528.675
7.829 1679.389
7.829 1679.389
7.829 1679.389
7.829 1679.389
7.829 1679.389
7.829 1679.389
7.829 1679.389
7.829 1679.389
7.829 1679.389
7.829 1679.389
7.829 1679.389
7.829 1679.389
7.829 1679.389
7.829 1679.389
7.829 1679.389
7.829 1679.389
7.829 1679.389
7.829 1679.389
7.829 1679.389
7.829 1679.389
7.829 6525.739
7.829 1679.389
7.829 1679.389
7.829 1679.389
7.829 1679.389
7.829 1679.389
7.829 1679.389
7.829 1679.389
7.829 1679.389
7.829 1679.389
7.829 1679.389
7.829 1679.389
7.829 1679.389
7.829 1679.389
7.829 1679.389
7.829 1679.389
7.829 1679.389
7.829 1679.389
7.829 1679.389
7.829 1679.389
7.829 1679.389
7.829 6524.760
7.829 1679.389
7.829 1679.389
7.829 1679.389
7.829 1679.389
7.829 1679.389
7.829 1679.389
7.829 1679.389
7.829 1679.389
7.829 1679.389
7.829 1679.389
7.829 1679.389
7.829 1679.389
7.829 1679.389
7.829 1679.389
7.829 1679.389
7.829 1679.389
7.829 1679.389
7.829 1679.389
7.829 1679.389
7.829 1679.389
7.829 6529.654
7.829 1679.389
7.829 1679.389
7.829 1679.389
7.829 1679.389
7.829 1679.389
7.829 1679.389
7.829 1679.389
7.829 1679.389
7.829 1679.389
7.829 1679.389
7.829 1679.389
7.829 1679.389
7.829 1679.389
7.829 1679.389
7.829 1679.389
7.829 1679.389
7.829 1679.389
7.829 1679.389
7.829 1679.389
7.829 1679.389
7.829 6524.760
7.829 1679.389
7.829 1679.389
7.829 1679.389
7.829 1679.389
7.829 1679.389
7.829 1679.389
7.829 1679.389
7.829 1679.389
7.829 1679.389
7.829 1679.389
7.829 1679.389
7.829 1679.389
7.829 1679.389
7.829 1679.389
7.829 1679.389
7.829 1679.389
7.829 1679.389
7.829 1679.389
7.829 1679.389
7.829 1679.389
7.829 6525.739
7.829 1679.389
7.829 1679.389
7.829 1679.389
7.829 1679.389
7.829 1679.389
7.829 1679.389
7.829 1679.389
7.829 1679.389
7.829 1679.389
7.829 1679.389
7.829 1679.389
7.829 1679.389
7.829 1679.389
7.829 1679.389
7.829 1679.389
7.829 1679.389
7.829 1679.389
7.829 1679.389
7.829 1679.389
7.829 1679.389
7.829 6524.760
7.829 1679.389
7.829 1679.389
7.829 1679.389
7.829 1679.389
7.829 1679.389
7.829 1679.389
7.829 1679.389
7.829 1679.389
7.829 1679.389
7.829 1679.389
7.829 1679.389
7.829 1679.389
7.829 1679.389
7.829 1679.389
7.829 1679.389
7.829 1679.389
7.829 1679.389
7.829 1679.389
7.829 1679.389
7.829 1679.389
7.829 6525.739
7.829 1679.389
7.829 1679.389
7.829 1679.389
7.829 1679.389
7.829 1679.389
7.829 1679.389
7.829 1679.389
7.829 1679.389
7.829 1679.389
7.829 1679.389
7.829 1679.389
7.829 1679.389
7.829 1679.389
7.829 1679.389
7.829 1679.389
7.829 1679.389
7.829 1679.389
7.829 1679.389
7.829 1679.389
7.829 1679.389
7.829 6524.760
7.829 1679.389
7.829 1679.389
7.829 1679.389
7.829 1679.389
7.829 1679.389
7.829 1679.389
7.829 1679.389
7.829 1679.389
7.829 1679.389
7.829 1679.389
7.829 1679.389
7.829 1679.389
7.829 1679.389
7.829 1679.389
7.829 1679.389
7.829 1679.389
7.829 1679.389
7.829 1679.389
7.829 1679.389
7.829 1679.389
7.829 6525.739
7.829 1679.389
7.829 1679.389
7.829 1679.389
7.829 1679.389
7.829 1679.389
7.829 1679.389
7.829 1679.389
7.829 1679.389
7.829 1679.389
7.829 1679.389
7.829 1679.389
7.829 1679.389
7.829 1679.389
7.829 1679.389
7.829 1679.389
7.829 1679.389
7.829 1679.389
7.829 1679.389
7.829 1679.389
7.829 1679.389
7.829 6524.760
7.829 1679.389
7.829 1679.389
7.829 1679.389
7.829 1679.389
7.829 1679.389
7.829 1679.389
7.829 1679.389
7.829 1679.389
7.829 1679.389
7.829 1679.389
7.829 1679.389
7.829 1679.389
7.829 1679.389
7.829 1679.389
7.829 1679.389
7.829 1679.389
7.829 1679.389
7.829 1679.389
7.829 1679.389
7.829 1679.389
7.829 6525.739
7.829 1679.389
7.829 1679.389
7.829 1679.389
7.829 1679.389
7.829 1679.389
7.829 1679.389
7.829 1679.389
7.829 1679.389
7.829 1679.389
7.829 1679.389
7.829 1679.389
7.829 1679.389
7.829 1679.389
7.829 1679.389
7.829 1679.389
7.829 1679.389
7.829 1679.389
7.829 1679.389
7.829 1679.389
7.829 1679.389
7.829 6524.760
7.829 1679.389
7.829 1679.389
7.829 1679.389
7.829 1679.389
7.829 1679.389
7.829 1679.389
7.829 1679.389
7.829 1679.389
7.829 1679.389
7.829 1679.389
7.829 1679.389
7.829 1679.389
7.829 1679.389
7.829 1679.389
7.829 1679.389
7.829 1679.389
7.829 1679.389
7.829 1679.389
7.829 1679.389
7.829 1679.389
7.829 6525.739
7.829 1679.389
7.829 1679.389
7.829 1679.389
7.829 1679.389
7.829 1679.389
7.829 1679.389
7.829 1679.389
7.829 1679.389
7.829 1679.389
7.829 1679.389
7.829 1679.389
7.829 1679.389
7.829 1679.389
7.829 1679.389
7.829 1679.389
7.829 1679.389
7.829 1679.389
7.829 1679.389
7.829 1679.389
7.829 1679.389
7.829 6524.760
7.829 1679.389
7.829 1679.389
7.829 1679.389
7.829 1679.389
7.829 1679.389
7.829 1679.389
7.829 1679.389
7.829 1679.389
7.829 1679.389
7.829 1679.389
7.829 1679.389
7.829 1679.389
7.829 1679.389
7.829 1679.389
7.829 1679.389
7.829 1679.389
7.829 1679.389
7.829 1679.389
7.829 1679.389
7.829 1679.389
7.829 6525.739
7.829 1679.389
7.829 1679.389
7.829 1679.389
7.829 1679.389
7.829 1679.389
7.829 1679.389
7.829 1679.389
7.829 1679.389
7.829 1679.389
7.829 1679.389
7.829 1679.389
7.829 1679.389
7.829 1679.389
7.829 1679.389
7.829 1679.389
7.829 1679.389
7.829 1679.389
7.829 1679.389
7.829 1679.389
7.829 1679.389
7.829 6524.760
7.829 1679.389
7.829 1679.389
7.829 1679.389
7.829 1679.389
7.829 1679.389
7.829 1679.389
7.829 1679.389
7.829 1679.389
7.829 1679.389
7.829 1679.389
7.829 1679.389
7.829 1679.389
7.829 1679.389
7.829 1679.389
7.829 1679.389
7.829 1679.389
7.829 1679.389
7.829 1679.389
7.829 1679.389
7.829 1679.389
7.829 6514.974
7.829 1679.389
7.829 1679.389
7.829 1679.389
7.829 1679.389
7.829 1679.389
7.829 1679.389
7.829 1679.389
7.829 1679.389
7.829 1679.389
7.829 1679.389
7.829 1679.389
7.829 1679.389
7.829 1679.389
7.829 1679.389
7.829 1679.389
7.829 1679.389
7.829 1679.389
7.829 1679.389
7.829 1679.389
7.829 1679.389
7.829 6513.995
7.829 1679.389
7.829 1679.389
7.829 1679.389
7.829 1679.389
7.829 1679.389
7.829 1679.389
7.829 1679.389
7.829 1679.389
7.829 1679.389
7.829 1679.389
7.829 1679.389
7.829 1679.389
7.829 1679.389
7.829 1679.389
7.829 1679.389
7.829 1679.389
7.829 1679.389
7.829 1679.389
7.829 1679.389
7.829 1679.389
7.829 6525.739
7.829 1679.389
7.829 1679.389
7.829 1679.389
7.829 1679.389
7.829 1679.389
7.829 1679.389
7.829 1679.389
7.829 1679.389
7.829 1679.389
7.829 1679.389
7.829 1679.389
7.829 1679.389
7.829 1679.389
7.829 1679.389
7.829 1679.389
7.829 1679.389
7.829 1679.389
7.829 1679.389
7.829 1679.389
7.829 1679.389
7.829 6524.760
7.829 1679.389
7.829 1679.389
7.829 1679.389
7.829 1679.389
7.829 1679.389
7.829 1679.389
7.829 1679.389
7.829 1679.389
7.829 1679.389
7.829 1679.389
7.829 1679.389
7.829 1679.389
7.829 1679.389
7.829 1679.389
7.829 1679.389
7.829 1679.389
7.829 1679.389
7.829 1679.389
7.829 1679.389
7.829 1679.389
7.829 6525.739
7.829 1679.389
7.829 1679.389
7.829 1679.389
7.829 1679.389
7.829 1679.389
7.829 1679.389
7.829 1679.389
7.829 1679.389
7.829 1679.389
7.829 1679.389
7.829 1679.389
7.829 1679.389
7.829 1679.389
7.829 1679.389
7.829 1679.389
7.829 1679.389
7.829 1679.389
7.829 1679.389
7.829 1679.389
7.829 1679.389
7.829 6524.760
7.829 1679.389
7.829 1679.389
7.829 1679.389
7.829 1679.389
7.829 1679.389
7.829 1679.389
7.829 1679.389
7.829 1679.389
7.829 1679.389
7.829 1679.389
7.829 1679.389
7.829 1679.389
7.829 1679.389
7.829 1679.389
7.829 1679.389
7.829 1679.389
7.829 1679.389
7.829 1679.389
7.829 1679.389
7.829 1679.389
7.829 6525.739
7.829 1679.389
7.829 1679.389
7.829 1679.389
7.829 1679.389
7.829 1679.389
7.829 1679.389
7.829 1679.389
7.829 1679.389
7.829 1679.389
7.829 1679.389
7.829 1679.389
7.829 1679.389
7.829 1679.389
7.829 1679.389
7.829 1679.389
7.829 1679.389
7.829 1679.389
7.829 1679.389
7.829 1679.389
7.829 1679.389
7.829 6524.760
7.829 1679.389
7.829 1679.389
7.829 1679.389
7.829 1679.389
7.829 1679.389
7.829 1679.389
7.829 1679.389
7.829 1679.389
7.829 1679.389
7.829 1679.389
7.829 1679.389
7.829 1679.389
7.829 1679.389
7.829 1679.389
7.829 1679.389
7.829 1679.389
7.829 1679.389
7.829 1679.389
7.829 1679.389
7.829 1679.389
7.829 6525.739
7.829 1679.389
7.829 1679.389
7.829 1679.389
7.829 1679.389
7.829 1679.389
7.829 1679.389
7.829 1679.389
7.829 1679.389
7.829 1679.389
7.829 1679.389
7.829 1679.389
7.829 1679.389
7.829 1679.389
7.829 1679.389
7.829 1679.389
7.829 1679.389
7.829 1679.389
7.829 1679.389
7.829 1679.389
7.829 1679.389
7.829 6524.760
7.829 1679.389
7.829 1679.389
7.829 1679.389
7.829 1679.389
7.829 1679.389
7.829 1679.389
7.829 1679.389
7.829 1679.389
7.829 1679.389
7.829 1679.389
7.829 1679.389
7.829 1679.389
7.829 1679.389
7.829 1679.389
7.829 1679.389
7.829 1679.389
7.829 1679.389
7.829 1679.389
7.829 1679.389
7.829 1679.389
7.829 6525.739
7.829 1679.389
7.829 1679.389
7.829 1679.389
7.829 1679.389
7.829 1679.389
7.829 1679.389
7.829 1679.389
7.829 1679.389
7.829 1679.389
7.829 1679.389
7.829 1679.389
7.829 1679.389
7.829 1679.389
7.829 1679.389
7.829 1679.389
7.829 1679.389
7.829 1679.389
7.829 1679.389
7.829 1679.389
7.829 1679.389
7.829 6524.760
7.829 1679.389
7.829 1679.389
7.829 1679.389
7.829 1679.389
7.829 1679.389
7.829 1679.389
7.829 1679.389
7.829 1679.389
7.829 1679.389
7.829 1679.389
7.829 1679.389
7.829 1679.389
7.829 1679.389
7.829 1679.389
7.829 1679.389
7.829 1679.389
7.829 1679.389
7.829 1679.389
7.829 1679.389
7.829 1679.389
7.829 6525.739
7.829 1679.389
7.829 1679.389
7.829 1679.389
7.829 1679.389
7.829 1679.389
7.829 1679.389
7.829 1679.389
7.829 1679.389
7.829 1679.389
7.829 1679.389
7.829 1679.389
7.829 1679.389
7.829 1679.389
7.829 1679.389
7.829 1679.389
7.829 1679.389
7.829 1679.389
7.829 1679.389
7.829 1679.389
7.829 1679.389
7.829 6528.675
7.829 1679.389
7.829 1679.389
7.829 1679.389
7.829 1679.389
7.829 1679.389
7.829 1679.389
7.829 1679.389
7.829 1679.389
7.829 1679.389
7.829 1679.389
7.829 1679.389
7.829 1679.389
7.829 1679.389
7.829 1679.389
7.829 1679.389
7.829 1679.389
7.829 1679.389
7.829 1679.389
7.829 1679.389
7.829 1679.389
7.829 6525.739
7.829 1679.389
7.829 1679.389
7.829 1679.389
7.829 1679.389
7.829 1679.389
7.829 1679.389
7.829 1679.389
7.829 1679.389
7.829 1679.389
7.829 1679.389
7.829 1679.389
7.829 1679.389
7.829 1679.389
7.829 1679.389
7.829 1679.389
7.829 1679.389
7.829 1679.389
7.829 1679.389
7.829 1679.389
7.829 1679.389
7.829 6524.760
7.829 1679.389
7.829 1679.389
7.829 1679.389
7.829 1679.389
7.829 1679.389
7.829 1679.389
7.829 1679.389
7.829 1679.389
7.829 1679.389
7.829 1679.389
7.829 1679.389
7.829 1679.389
7.829 1679.389
7.829 1679.389
7.829 1679.389
7.829 1679.389
7.829 1679.389
7.829 1679.389
7.829 1679.389
7.829 1679.389
7.829 6529.654
7.829 1679.389
7.829 1679.389
7.829 1679.389
7.829 1679.389
7.829 1679.389
7.829 1679.389
7.829 1679.389
7.829 1679.389
7.829 1679.389
7.829 1679.389
7.829 1679.389
7.829 1679.389
7.829 1679.389
7.829 1679.389
7.829 1679.389
7.829 1679.389
7.829 1679.389
7.829 1679.389
7.829 1679.389
7.829 1679.389
7.829 6524.760
7.829 1679.389
7.829 1679.389
7.829 1679.389
7.829 1679.389
7.829 1679.389
7.829 1679.389
7.829 1679.389
7.829 1679.389
7.829 1679.389
7.829 1679.389
7.829 1679.389
7.829 1679.389
7.829 1679.389
7.829 1679.389
7.829 1679.389
7.829 1679.389
7.829 1679.389
7.829 1679.389
7.829 1679.389
7.829 1679.389
7.829 6467.998
22.509 1468.976
22.509 1468.976
22.509 1468.976
22.509 1468.976
22.509 1468.976
22.509 1468.976
22.509 1468.976
22.509 1468.976
22.509 1468.976
22.509 1468.976
22.509 1468.976
22.509 1468.976
22.509 1468.976
22.509 1468.976
22.509 1468.976
22.509 1468.976
22.509 1468.976
22.509 1468.976
22.509 1468.976
22.509 1468.976
22.509 1468.976
22.509 1468.976
22.509 1468.976
22.509 6333.921
17.616 1473.870
17.616 1473.870
17.616 1473.870
17.616 1473.870
17.616 1473.870
17.616 1473.870
17.616 1473.870
17.616 1473.870
17.616 1473.870
17.616 1473.870
17.616 1473.870
17.616 1473.870
17.616 1473.870
17.616 1473.870
17.616 1473.870
17.616 1473.870
17.616 1473.870
17.616 1473.870
17.616 1473.870
17.616 1473.870
17.616 1473.870
17.616 1473.870
17.616 1473.870
17.616 6334.899
17.616 1473.870
17.616 1473.870
17.616 1473.870
17.616 1473.870
17.616 1473.870
17.616 1473.870
17.616 1473.870
17.616 1473.870
17.616 1473.870
17.616 1473.870
17.616 1473.870
17.616 1473.870
17.616 1473.870
17.616 1473.870
17.616 1473.870
17.616 1473.870
17.616 1473.870
17.616 1473.870
17.616 1473.870
17.616 1473.870
17.616 1473.870
17.616 1473.870
17.616 1473.870
17.616 6338.814
12.723 1478.763
12.723 1478.763
12.723 1478.763
12.723 1478.763
12.723 1478.763
12.723 1478.763
12.723 1478.763
12.723 1478.763
12.723 1478.763
12.723 1478.763
12.723 1478.763
12.723 1478.763
12.723 1478.763
12.723 1478.763
12.723 1478.763
12.723 1478.763
12.723 1478.763
12.723 1478.763
12.723 1478.763
12.723 1478.763
12.723 1478.763
12.723 1478.763
12.723 1478.763
12.723 6339.793
12.723 1478.763
12.723 1478.763
12.723 1478.763
12.723 1478.763
12.723 1478.763
12.723 1478.763
12.723 1478.763
12.723 1478.763
12.723 1478.763
12.723 1478.763
12.723 1478.763
12.723 1478.763
12.723 1478.763
12.723 1478.763
12.723 1478.763
12.723 1478.763
12.723 1478.763
12.723 1478.763
12.723 1478.763
12.723 1478.763
12.723 1478.763
12.723 1478.763
12.723 1478.763
12.723 6339.793
12.723 1478.763
12.723 1478.763
12.723 1478.763
12.723 1478.763
12.723 1478.763
12.723 1478.763
12.723 1478.763
12.723 1478.763
12.723 1478.763
12.723 1478.763
12.723 1478.763
12.723 1478.763
12.723 1478.763
12.723 1478.763
12.723 1478.763
12.723 1478.763
12.723 1478.763
12.723 1478.763
12.723 1478.763
12.723 1478.763
12.723 1478.763
12.723 1478.763
12.723 1478.763
12.723 6344.686
7.829 1483.656
7.829 1483.656
7.829 1483.656
7.829 1483.656
7.829 1483.656
7.829 1483.656
7.829 1483.656
7.829 1483.656
7.829 1483.656
7.829 1483.656
7.829 1483.656
7.829 1483.656
7.829 1483.656
7.829 1483.656
7.829 1483.656
7.829 1483.656
7.829 1483.656
7.829 1483.656
7.829 1483.656
7.829 1483.656
7.829 1483.656
7.829 1483.656
7.829 1483.656
7.829 6343.707
7.829 1483.656
7.829 1483.656
7.829 1483.656
7.829 1483.656
7.829 1483.656
7.829 1483.656
7.829 1483.656
7.829 1483.656
7.829 1483.656
7.829 1483.656
7.829 1483.656
7.829 1483.656
7.829 1483.656
7.829 1483.656
7.829 1483.656
7.829 1483.656
7.829 1483.656
7.829 1483.656
7.829 1483.656
7.829 1483.656
7.829 1483.656
7.829 1483.656
7.829 1483.656
7.829 6345.665
7.829 1483.656
7.829 1483.656
7.829 1483.656
7.829 1483.656
7.829 1483.656
7.829 1483.656
7.829 1483.656
7.829 1483.656
7.829 1483.656
7.829 1483.656
7.829 1483.656
7.829 1483.656
7.829 1483.656
7.829 1483.656
7.829 1483.656
7.829 1483.656
7.829 1483.656
7.829 1483.656
7.829 1483.656
7.829 1483.656
7.829 1483.656
7.829 1483.656
7.829 1483.656
7.829 6343.707
7.829 1483.656
7.829 1483.656
7.829 1483.656
7.829 1483.656
7.829 1483.656
7.829 1483.656
7.829 1483.656
7.829 1483.656
7.829 1483.656
7.829 1483.656
7.829 1483.656
7.829 1483.656
7.829 1483.656
7.829 1483.656
7.829 1483.656
7.829 1483.656
7.829 1483.656
7.829 1483.656
7.829 1483.656
7.829 1483.656
7.829 1483.656
7.829 1483.656
7.829 1483.656
7.829 6344.686
7.829 1483.656
7.829 1483.656
7.829 1483.656
7.829 1483.656
7.829 1483.656
7.829 1483.656
7.829 1483.656
7.829 1483.656
7.829 1483.656
7.829 1483.656
7.829 1483.656
7.829 1483.656
7.829 1483.656
7.829 1483.656
7.829 1483.656
7.829 1483.656
7.829 1483.656
7.829 1483.656
7.829 1483.656
7.829 1483.656
7.829 1483.656
7.829 1483.656
7.829 1483.656
7.829 6332.942
7.829 1483.656
7.829 1483.656
7.829 1483.656
7.829 1483.656
7.829 1483.656
7.829 1483.656
7.829 1483.656
7.829 1483.656
7.829 1483.656
7.829 1483.656
7.829 1483.656
7.829 1483.656
7.829 1483.656
7.829 1483.656
7.829 1483.656
7.829 1483.656
7.829 1483.656
7.829 1483.656
7.829 1483.656
7.829 1483.656
7.829 1483.656
7.829 1483.656
7.829 1483.656
7.829 6330.006
7.829 1483.656
7.829 1483.656
7.829 1483.656
7.829 1483.656
7.829 1483.656
7.829 1483.656
7.829 1483.656
7.829 1483.656
7.829 1483.656
7.829 1483.656
7.829 1483.656
7.829 1483.656
7.829 1483.656
7.829 1483.656
7.829 1483.656
7.829 1483.656
7.829 1483.656
7.829 1483.656
7.829 1483.656
7.829 1483.656
7.829 1483.656
7.829 1483.656
7.829 1483.656
7.829 6329.027
7.829 1483.656
7.829 1483.656
7.829 1483.656
7.829 1483.656
7.829 1483.656
7.829 1483.656
7.829 1483.656
7.829 1483.656
7.829 1483.656
7.829 1483.656
7.829 1483.656
7.829 1483.656
7.829 1483.656
7.829 1483.656
7.829 1483.656
7.829 1483.656
7.829 1483.656
7.829 1483.656
7.829 1483.656
7.829 1483.656
7.829 1483.656
7.829 1483.656
7.829 1483.656
7.829 6333.921
7.829 1483.656
7.829 1483.656
7.829 1483.656
7.829 1483.656
7.829 1483.656
7.829 1483.656
7.829 1483.656
7.829 1483.656
7.829 1483.656
7.829 1483.656
7.829 1483.656
7.829 1483.656
7.829 1483.656
7.829 1483.656
7.829 1483.656
7.829 1483.656
7.829 1483.656
7.829 1483.656
7.829 1483.656
7.829 1483.656
7.829 1483.656
7.829 1483.656
7.829 1483.656
7.829 6329.027
7.829 1483.656
7.829 1483.656
7.829 1483.656
7.829 1483.656
7.829 1483.656
7.829 1483.656
7.829 1483.656
7.829 1483.656
7.829 1483.656
7.829 1483.656
7.829 1483.656
7.829 1483.656
7.829 1483.656
7.829 1483.656
7.829 1483.656
7.829 1483.656
7.829 1483.656
7.829 1483.656
7.829 1483.656
7.829 1483.656
7.829 1483.656
7.829 1483.656
7.829 1483.656
7.829 6330.006
7.829 1483.656
7.829 1483.656
7.829 1483.656
7.829 1483.656
7.829 1483.656
7.829 1483.656
7.829 1483.656
7.829 1483.656
7.829 1483.656
7.829 1483.656
7.829 1483.656
7.829 1483.656
7.829 1483.656
7.829 1483.656
7.829 1483.656
7.829 1483.656
7.829 1483.656
7.829 1483.656
7.829 1483.656
7.829 1483.656
7.829 1483.656
7.829 1483.656
7.829 1483.656
7.829 6329.027
7.829 1483.656
7.829 1483.656
7.829 1483.656
7.829 1483.656
7.829 1483.656
7.829 1483.656
7.829 1483.656
7.829 1483.656
7.829 1483.656
7.829 1483.656
7.829 1483.656
7.829 1483.656
7.829 1483.656
7.829 1483.656
7.829 1483.656
7.829 1483.656
7.829 1483.656
7.829 1483.656
7.829 1483.656
7.829 1483.656
7.829 1483.656
7.829 1483.656
7.829 1483.656
7.829 6330.006
7.829 1483.656
7.829 1483.656
7.829 1483.656
7.829 1483.656
7.829 1483.656
7.829 1483.656
7.829 1483.656
7.829 1483.656
7.829 1483.656
7.829 1483.656
7.829 1483.656
7.829 1483.656
7.829 1483.656
7.829 1483.656
7.829 1483.656
7.829 1483.656
7.829 1483.656
7.829 1483.656
7.829 1483.656
7.829 1483.656
7.829 1483.656
7.829 1483.656
7.829 1483.656
7.829 8040.712
7.829 1483.656
7.829 1483.656
7.829 1483.656
7.829 1483.656
7.829 1483.656
7.829 1483.656
7.829 1483.656
7.829 1483.656
7.829 1483.656
7.829 1483.656
7.829 1483.656
7.829 1483.656
7.829 1483.656
7.829 1483.656
7.829 1483.656
7.829 1483.656
7.829 1483.656
7.829 1483.656
7.829 1483.656
7.829 1483.656
7.829 1483.656
7.829 1483.656
7.829 1483.656
7.829 6338.814
7.829 1483.656
7.829 1483.656
7.829 1483.656
7.829 1483.656
7.829 1483.656
7.829 1483.656
7.829 1483.656
7.829 1483.656
7.829 1483.656
7.829 1483.656
7.829 1483.656
7.829 1483.656
7.829 1483.656
7.829 1483.656
7.829 1483.656
7.829 1483.656
7.829 1483.656
7.829 1483.656
7.829 1483.656
7.829 1483.656
7.829 1483.656
7.829 1483.656
7.829 1483.656
7.829 6327.070
7.829 1483.656
7.829 1483.656
7.829 1483.656
7.829 1483.656
7.829 1483.656
7.829 1483.656
7.829 1483.656
7.829 1483.656
7.829 1483.656
7.829 1483.656
7.829 1483.656
7.829 1483.656
7.829 1483.656
7.829 1483.656
7.829 1483.656
7.829 1483.656
7.829 1483.656
7.829 1483.656
7.829 1483.656
7.829 1483.656
7.829 1483.656
7.829 1483.656
7.829 1483.656
7.829 6338.814
7.829 1483.656
7.829 1483.656
7.829 1483.656
7.829 1483.656
7.829 1483.656
7.829 1483.656
7.829 1483.656
7.829 1483.656
7.829 1483.656
7.829 1483.656
7.829 1483.656
7.829 1483.656
7.829 1483.656
7.829 1483.656
7.829 1483.656
7.829 1483.656
7.829 1483.656
7.829 1483.656
7.829 1483.656
7.829 1483.656
7.829 1483.656
7.829 1483.656
7.829 1483.656
7.829 6327.070
7.829 1483.656
7.829 1483.656
7.829 1483.656
7.829 1483.656
7.829 1483.656
7.829 1483.656
7.829 1483.656
7.829 1483.656
7.829 1483.656
7.829 1483.656
7.829 1483.656
7.829 1483.656
7.829 1483.656
7.829 1483.656
7.829 1483.656
7.829 1483.656
7.829 1483.656
7.829 1483.656
7.829 1483.656
7.829 1483.656
7.829 1483.656
7.829 1483.656
7.829 1483.656
7.829 6338.814
7.829 1483.656
7.829 1483.656
7.829 1483.656
7.829 1483.656
7.829 1483.656
7.829 1483.656
7.829 1483.656
7.829 1483.656
7.829 1483.656
7.829 1483.656
7.829 1483.656
7.829 1483.656
7.829 1483.656
7.829 1483.656
7.829 1483.656
7.829 1483.656
7.829 1483.656
7.829 1483.656
7.829 1483.656
7.829 1483.656
7.829 1483.656
7.829 1483.656
7.829 1483.656
7.829 7947.739
7.829 1483.656
7.829 1483.656
7.829 1483.656
7.829 1483.656
7.829 1483.656
7.829 1483.656
7.829 1483.656
7.829 1483.656
7.829 1483.656
7.829 1483.656
7.829 1483.656
7.829 1483.656
7.829 1483.656
7.829 1483.656
7.829 1483.656
7.829 1483.656
7.829 1483.656
7.829 1483.656
7.829 1483.656
7.829 1483.656
7.829 1483.656
7.829 1483.656
7.829 1483.656
7.829 6330.006
7.829 1483.656
7.829 1483.656
7.829 1483.656
7.829 1483.656
7.829 1483.656
7.829 1483.656
7.829 1483.656
7.829 1483.656
7.829 1483.656
7.829 1483.656
7.829 1483.656
7.829 1483.656
7.829 1483.656
7.829 1483.656
7.829 1483.656
7.829 1483.656
7.829 1483.656
7.829 1483.656
7.829 1483.656
7.829 1483.656
7.829 1483.656
7.829 1483.656
7.829 1483.656
7.829 6985.711
76.336 1686.240
76.336 1686.240
76.336 1686.240
76.336 1686.240
76.336 1686.240
76.336 1686.240
76.336 1686.240
76.336 1686.240
76.336 1686.240
76.336 1686.240
76.336 1686.240
76.336 1686.240
76.336 1686.240
76.336 1686.240
76.336 1686.240
76.336 1686.240
76.336 1686.240
76.336 1686.240
76.336 1686.240
76.336 7498.532
22.509 2643.374
22.509 2643.374
22.509 2643.374
22.509 2643.374
22.509 2643.374
22.509 2643.374
22.509 2643.374
22.509 2643.374
22.509 2643.374
22.509 2643.374
22.509 2643.374
22.509 2643.374
22.509 7905.657
56.763 1705.813
56.763 1705.813
56.763 1705.813
56.763 1705.813
56.763 1705.813
56.763 1705.813
56.763 1705.813
56.763 1705.813
56.763 1705.813
56.763 1705.813
56.763 1705.813
56.763 1705.813
56.763 1705.813
56.763 1705.813
56.763 1705.813
56.763 1705.813
56.763 1705.813
56.763 1705.813
56.763 1705.813
56.763 6181.249
17.616 2648.268
17.616 2648.268
17.616 2648.268
17.616 2648.268
17.616 2648.268
17.616 2648.268
17.616 2648.268
17.616 2648.268
17.616 2648.268
17.616 2648.268
17.616 2648.268
17.616 2648.268
17.616 2648.268
17.616 6577.608
46.976 1715.600
46.976 1715.600
46.976 1715.600
46.976 1715.600
46.976 1715.600
46.976 1715.600
46.976 1715.600
46.976 1715.600
46.976 1715.600
46.976 1715.600
46.976 1715.600
46.976 1715.600
46.976 1715.600
46.976 1715.600
46.976 1715.600
46.976 1715.600
46.976 1715.600
46.976 1715.600
46.976 1715.600
46.976 7519.084
17.616 2648.268
17.616 2648.268
17.616 2648.268
17.616 2648.268
17.616 2648.268
17.616 2648.268
17.616 2648.268
17.616 2648.268
17.616 2648.268
17.616 2648.268
17.616 2648.268
17.616 2648.268
17.616 7925.230
37.189 1725.387
37.189 1725.387
37.189 1725.387
37.189 1725.387
37.189 1725.387
37.189 1725.387
37.189 1725.387
37.189 1725.387
37.189 1725.387
37.189 1725.387
37.189 1725.387
37.189 1725.387
37.189 1725.387
37.189 1725.387
37.189 1725.387
37.189 1725.387
37.189 1725.387
37.189 1725.387
37.189 1725.387
37.189 6190.057
12.723 2653.161
12.723 2653.161
12.723 2653.161
12.723 2653.161
12.723 2653.161
12.723 2653.161
12.723 2653.161
12.723 2653.161
12.723 2653.161
12.723 2653.161
12.723 2653.161
12.723 2653.161
12.723 2653.161
12.723 6592.288
32.296 1730.280
32.296 1730.280
32.296 1730.280
32.296 1730.280
32.296 1730.280
32.296 1730.280
32.296 1730.280
32.296 1730.280
32.296 1730.280
32.296 1730.280
32.296 1730.280
32.296 1730.280
32.296 1730.280
32.296 1730.280
32.296 1730.280
32.296 1730.280
32.296 1730.280
32.296 1730.280
32.296 1730.280
32.296 7513.212
12.723 2653.161
12.723 2653.161
12.723 2653.161
12.723 2653.161
12.723 2653.161
12.723 2653.161
12.723 2653.161
12.723 2653.161
12.723 2653.161
12.723 2653.161
12.723 2653.161
12.723 2653.161
12.723 7935.017
27.403 1735.173
27.403 1735.173
27.403 1735.173
27.403 1735.173
27.403 1735.173
27.403 1735.173
27.403 1735.173
27.403 1735.173
27.403 1735.173
27.403 1735.173
27.403 1735.173
27.403 1735.173
27.403 1735.173
27.403 1735.173
27.403 1735.173
27.403 1735.173
27.403 1735.173
27.403 1735.173
27.403 1735.173
27.403 6186.142
12.723 2653.161
12.723 2653.161
12.723 2653.161
12.723 2653.161
12.723 2653.161
12.723 2653.161
12.723 2653.161
12.723 2653.161
12.723 2653.161
12.723 2653.161
12.723 2653.161
12.723 2653.161
12.723 2653.161
12.723 6602.075
22.509 1740.067
22.509 1740.067
22.509 1740.067
22.509 1740.067
22.509 1740.067
22.509 1740.067
22.509 1740.067
22.509 1740.067
22.509 1740.067
22.509 1740.067
22.509 1740.067
22.509 1740.067
22.509 1740.067
22.509 1740.067
22.509 1740.067
22.509 1740.067
22.509 1740.067
22.509 1740.067
22.509 1740.067
22.509 7518.105
7.829 2658.054
7.829 2658.054
7.829 2658.054
7.829 2658.054
7.829 2658.054
7.829 2658.054
7.829 2658.054
7.829 2658.054
7.829 2658.054
7.829 2658.054
7.829 2658.054
7.829 2658.054
7.829 7948.718
17.616 1744.960
17.616 1744.960
17.616 1744.960
17.616 1744.960
17.616 1744.960
17.616 1744.960
17.616 1744.960
17.616 1744.960
17.616 1744.960
17.616 1744.960
17.616 1744.960
17.616 1744.960
17.616 1744.960
17.616 1744.960
17.616 1744.960
17.616 1744.960
17.616 1744.960
17.616 1744.960
17.616 1744.960
17.616 6191.035
7.829 2658.054
7.829 2658.054
7.829 2658.054
7.829 2658.054
7.829 2658.054
7.829 2658.054
7.829 2658.054
7.829 2658.054
7.829 2658.054
7.829 2658.054
7.829 2658.054
7.829 2658.054
7.829 2658.054
7.829 6611.861
12.723 1749.853
12.723 1749.853
12.723 1749.853
12.723 1749.853
12.723 1749.853
12.723 1749.853
12.723 1749.853
12.723 1749.853
12.723 1749.853
12.723 1749.853
12.723 1749.853
12.723 1749.853
12.723 1749.853
12.723 1749.853
12.723 1749.853
12.723 1749.853
12.723 1749.853
12.723 1749.853
12.723 1749.853
12.723 7528.871
7.829 2658.054
7.829 2658.054
7.829 2658.054
7.829 2658.054
7.829 2658.054
7.829 2658.054
7.829 2658.054
7.829 2658.054
7.829 2658.054
7.829 2658.054
7.829 2658.054
7.829 2658.054
7.829 7949.697
12.723 1749.853
12.723 1749.853
12.723 1749.853
12.723 1749.853
12.723 1749.853
12.723 1749.853
12.723 1749.853
12.723 1749.853
12.723 1749.853
12.723 1749.853
12.723 1749.853
12.723 1749.853
12.723 1749.853
12.723 1749.853
12.723 1749.853
12.723 1749.853
12.723 1749.853
12.723 1749.853
12.723 1749.853
12.723 6191.035
7.829 2658.054
7.829 2658.054
7.829 2658.054
7.829 2658.054
7.829 2658.054
7.829 2658.054
7.829 2658.054
7.829 2658.054
7.829 2658.054
7.829 2658.054
7.829 2658.054
7.829 2658.054
7.829 2658.054
7.829 6616.755
7.829 1754.747
7.829 1754.747
7.829 1754.747
7.829 1754.747
7.829 1754.747
7.829 1754.747
7.829 1754.747
7.829 1754.747
7.829 1754.747
7.829 1754.747
7.829 1754.747
7.829 1754.747
7.829 1754.747
7.829 1754.747
7.829 1754.747
7.829 1754.747
7.829 1754.747
7.829 1754.747
7.829 1754.747
7.829 7529.849
7.829 2658.054
7.829 2658.054
7.829 2658.054
7.829 2658.054
7.829 2658.054
7.829 2658.054
7.829 2658.054
7.829 2658.054
7.829 2658.054
7.829 2658.054
7.829 2658.054
7.829 2658.054
7.829 7939.910
7.829 1754.747
7.829 1754.747
7.829 1754.747
7.829 1754.747
7.829 1754.747
7.829 1754.747
7.829 1754.747
7.829 1754.747
7.829 1754.747
7.829 1754.747
7.829 1754.747
7.829 1754.747
7.829 1754.747
7.829 1754.747
7.829 1754.747
7.829 1754.747
7.829 1754.747
7.829 1754.747
7.829 1754.747
7.829 6176.355
7.829 2658.054
7.829 2658.054
7.829 2658.054
7.829 2658.054
7.829 2658.054
7.829 2658.054
7.829 2658.054
7.829 2658.054
7.829 2658.054
7.829 2658.054
7.829 2658.054
7.829 2658.054
7.829 2658.054
7.829 8314.739
7.829 1754.747
7.829 1754.747
7.829 1754.747
7.829 1754.747
7.829 1754.747
7.829 1754.747
7.829 1754.747
7.829 1754.747
7.829 1754.747
7.829 1754.747
7.829 1754.747
7.829 1754.747
7.829 1754.747
7.829 1754.747
7.829 1754.747
7.829 1754.747
7.829 1754.747
7.829 1754.747
7.829 1754.747
7.829 7522.999
7.829 2658.054
7.829 2658.054
7.829 2658.054
7.829 2658.054
7.829 2658.054
7.829 2658.054
7.829 2658.054
7.829 2658.054
7.829 2658.054
7.829 2658.054
7.829 2658.054
7.829 2658.054
7.829 7937.953
7.829 1754.747
7.829 1754.747
7.829 1754.747
7.829 1754.747
7.829 1754.747
7.829 1754.747
7.829 1754.747
7.829 1754.747
7.829 1754.747
7.829 1754.747
7.829 1754.747
7.829 1754.747
7.829 1754.747
7.829 1754.747
7.829 1754.747
7.829 1754.747
7.829 1754.747
7.829 1754.747
7.829 1754.747
7.829 6189.078
7.829 2658.054
7.829 2658.054
7.829 2658.054
7.829 2658.054
7.829 2658.054
7.829 2658.054
7.829 2658.054
7.829 2658.054
7.829 2658.054
7.829 2658.054
7.829 2658.054
7.829 2658.054
7.829 2658.054
7.829 8322.568
7.829 1754.747
7.829 1754.747
7.829 1754.747
7.829 1754.747
7.829 1754.747
7.829 1754.747
7.829 1754.747
7.829 1754.747
7.829 1754.747
7.829 1754.747
7.829 1754.747
7.829 1754.747
7.829 1754.747
7.829 1754.747
7.829 1754.747
7.829 1754.747
7.829 1754.747
7.829 1754.747
7.829 1754.747
7.829 7531.807
7.829 2658.054
7.829 2658.054
7.829 2658.054
7.829 2658.054
7.829 2658.054
7.829 2658.054
7.829 2658.054
7.829 2658.054
7.829 2658.054
7.829 2658.054
7.829 2658.054
7.829 2658.054
7.829 7957.526
7.829 1754.747
7.829 1754.747
7.829 1754.747
7.829 1754.747
7.829 1754.747
7.829 1754.747
7.829 1754.747
7.829 1754.747
7.829 1754.747
7.829 1754.747
7.829 1754.747
7.829 1754.747
7.829 1754.747
7.829 1754.747
7.829 1754.747
7.829 1754.747
7.829 1754.747
7.829 1754.747
7.829 1754.747
7.829 7803.876
7.829 2658.054
7.829 2658.054
7.829 2658.054
7.829 2658.054
7.829 2658.054
7.829 2658.054
7.829 2658.054
7.829 2658.054
7.829 2658.054
7.829 2658.054
7.829 2658.054
7.829 2658.054
7.829 2658.054
7.829 6610.883
7.829 1754.747
7.829 1754.747
7.829 1754.747
7.829 1754.747
7.829 1754.747
7.829 1754.747
7.829 1754.747
7.829 1754.747
7.829 1754.747
7.829 1754.747
7.829 1754.747
7.829 1754.747
7.829 1754.747
7.829 1754.747
7.829 1754.747
7.829 1754.747
7.829 1754.747
7.829 1754.747
7.829 1754.747
7.829 7522.999
7.829 2658.054
7.829 2658.054
7.829 2658.054
7.829 2658.054
7.829 2658.054
7.829 2658.054
7.829 2658.054
7.829 2658.054
7.829 2658.054
7.829 2658.054
7.829 2658.054
7.829 2658.054
7.829 7952.633
7.829 1754.747
7.829 1754.747
7.829 1754.747
7.829 1754.747
7.829 1754.747
7.829 1754.747
7.829 1754.747
7.829 1754.747
7.829 1754.747
7.829 1754.747
7.829 1754.747
7.829 1754.747
7.829 1754.747
7.829 1754.747
7.829 1754.747
7.829 1754.747
7.829 1754.747
7.829 1754.747
7.829 1754.747
7.829 6185.163
7.829 2658.054
7.829 2658.054
7.829 2658.054
7.829 2658.054
7.829 2658.054
7.829 2658.054
7.829 2658.054
7.829 2658.054
7.829 2658.054
7.829 2658.054
7.829 2658.054
7.829 2658.054
7.829 2658.054
7.829 9932.472
7.829 1754.747
7.829 1754.747
7.829 1754.747
7.829 1754.747
7.829 1754.747
7.829 1754.747
7.829 1754.747
7.829 1754.747
7.829 1754.747
7.829 1754.747
7.829 1754.747
7.829 1754.747
7.829 1754.747
7.829 1754.747
7.829 1754.747
7.829 1754.747
7.829 1754.747
7.829 1754.747
7.829 1754.747
7.829 7522.999
7.829 2658.054
7.829 2658.054
7.829 2658.054
7.829 2658.054
7.829 2658.054
7.829 2658.054
7.829 2658.054
7.829 2658.054
7.829 2658.054
7.829 2658.054
7.829 2658.054
7.829 2658.054
7.829 7948.718
7.829 1754.747
7.829 1754.747
7.829 1754.747
7.829 1754.747
7.829 1754.747
7.829 1754.747
7.829 1754.747
7.829 1754.747
7.829 1754.747
7.829 1754.747
7.829 1754.747
7.829 1754.747
7.829 1754.747
7.829 1754.747
7.829 1754.747
7.829 1754.747
7.829 1754.747
7.829 1754.747
7.829 1754.747
7.829 6185.163
7.829 2658.054
7.829 2658.054
7.829 2658.054
7.829 2658.054
7.829 2658.054
7.829 2658.054
7.829 2658.054
7.829 2658.054
7.829 2658.054
7.829 2658.054
7.829 2658.054
7.829 2658.054
7.829 2658.054
7.829 6600.117
7.829 1754.747
7.829 1754.747
7.829 1754.747
7.829 1754.747
7.829 1754.747
7.829 1754.747
7.829 1754.747
7.829 1754.747
7.829 1754.747
7.829 1754.747
7.829 1754.747
7.829 1754.747
7.829 1754.747
7.829 1754.747
7.829 1754.747
7.829 1754.747
7.829 1754.747
7.829 1754.747
7.829 1754.747
7.829 9132.903
7.829 2658.054
7.829 2658.054
7.829 2658.054
7.829 2658.054
7.829 2658.054
7.829 2658.054
7.829 2658.054
7.829 2658.054
7.829 2658.054
7.829 2658.054
7.829 2658.054
7.829 2658.054
7.829 7939.910
7.829 1754.747
7.829 1754.747
7.829 1754.747
7.829 1754.747
7.829 1754.747
7.829 1754.747
7.829 1754.747
7.829 1754.747
7.829 1754.747
7.829 1754.747
7.829 1754.747
7.829 1754.747
7.829 1754.747
7.829 1754.747
7.829 1754.747
7.829 1754.747
7.829 1754.747
7.829 1754.747
7.829 1754.747
7.829 6176.355
7.829 2658.054
7.829 2658.054
7.829 2658.054
7.829 2658.054
7.829 2658.054
7.829 2658.054
7.829 2658.054
7.829 2658.054
7.829 2658.054
7.829 2658.054
7.829 2658.054
7.829 2658.054
7.829 2658.054
7.829 6605.989
7.829 1754.747
7.829 1754.747
7.829 1754.747
7.829 1754.747
7.829 1754.747
7.829 1754.747
7.829 1754.747
7.829 1754.747
7.829 1754.747
7.829 1754.747
7.829 1754.747
7.829 1754.747
7.829 1754.747
7.829 1754.747
7.829 1754.747
7.829 1754.747
7.829 1754.747
7.829 1754.747
7.829 1754.747
7.829 7514.191
7.829 2658.054
7.829 2658.054
7.829 2658.054
7.829 2658.054
7.829 2658.054
7.829 2658.054
7.829 2658.054
7.829 2658.054
7.829 2658.054
7.829 2658.054
7.829 2658.054
7.829 2658.054
7.829 7939.910
7.829 1754.747
7.829 1754.747
7.829 1754.747
7.829 1754.747
7.829 1754.747
7.829 1754.747
7.829 1754.747
7.829 1754.747
7.829 1754.747
7.829 1754.747
7.829 1754.747
7.829 1754.747
7.829 1754.747
7.829 1754.747
7.829 1754.747
7.829 1754.747
7.829 1754.747
7.829 1754.747
7.829 1754.747
7.829 6180.270
7.829 2658.054
7.829 2658.054
7.829 2658.054
7.829 2658.054
7.829 2658.054
7.829 2658.054
7.829 2658.054
7.829 2658.054
7.829 2658.054
7.829 2658.054
7.829 2658.054
7.829 2658.054
7.829 2658.054
7.829 6602.075
7.829 1754.747
7.829 1754.747
7.829 1754.747
7.829 1754.747
7.829 1754.747
7.829 1754.747
7.829 1754.747
7.829 1754.747
7.829 1754.747
7.829 1754.747
7.829 1754.747
7.829 1754.747
7.829 1754.747
7.829 1754.747
7.829 1754.747
7.829 1754.747
7.829 1754.747
7.829 1754.747
7.829 1754.747
7.829 7514.191
7.829 2658.054
7.829 2658.054
7.829 2658.054
7.829 2658.054
7.829 2658.054
7.829 2658.054
7.829 2658.054
7.829 2658.054
7.829 2658.054
7.829 2658.054
7.829 2658.054
7.829 2658.054
7.829 7939.910
7.829 1754.747
7.829 1754.747
7.829 1754.747
7.829 1754.747
7.829 1754.747
7.829 1754.747
7.829 1754.747
7.829 1754.747
7.829 1754.747
7.829 1754.747
7.829 1754.747
7.829 1754.747
7.829 1754.747
7.829 1754.747
7.829 1754.747
7.829 1754.747
7.829 1754.747
7.829 1754.747
7.829 1754.747
7.829 6176.355
7.829 2658.054
7.829 2658.054
7.829 2658.054
7.829 2658.054
7.829 2658.054
7.829 2658.054
7.829 2658.054
7.829 2658.054
7.829 2658.054
7.829 2658.054
7.829 2658.054
7.829 2658.054
7.829 2658.054
7.829 6602.075
7.829 1754.747
7.829 1754.747
7.829 1754.747
7.829 1754.747
7.829 1754.747
7.829 1754.747
7.829 1754.747
7.829 1754.747
7.829 1754.747
7.829 1754.747
7.829 1754.747
7.829 1754.747
7.829 1754.747
7.829 1754.747
7.829 1754.747
7.829 1754.747
7.829 1754.747
7.829 1754.747
7.829 1754.747
7.829 7514.191
7.829 2658.054
7.829 2658.054
7.829 2658.054
7.829 2658.054
7.829 2658.054
7.829 2658.054
7.829 2658.054
7.829 2658.054
7.829 2658.054
7.829 2658.054
7.829 2658.054
7.829 2658.054
7.829 7940.889
7.829 1754.747
7.829 1754.747
7.829 1754.747
7.829 1754.747
7.829 1754.747
7.829 1754.747
7.829 1754.747
7.829 1754.747
7.829 1754.747
7.829 1754.747
7.829 1754.747
7.829 1754.747
7.829 1754.747
7.829 1754.747
7.829 1754.747
7.829 1754.747
7.829 1754.747
7.829 1754.747
7.829 1754.747
7.829 6176.355
7.829 2658.054
7.829 2658.054
7.829 2658.054
7.829 2658.054
7.829 2658.054
7.829 2658.054
7.829 2658.054
7.829 2658.054
7.829 2658.054
7.829 2658.054
7.829 2658.054
7.829 2658.054
7.829 2658.054
7.829 6602.075
7.829 1754.747
7.829 1754.747
7.829 1754.747
7.829 1754.747
7.829 1754.747
7.829 1754.747
7.829 1754.747
7.829 1754.747
7.829 1754.747
7.829 1754.747
7.829 1754.747
7.829 1754.747
7.829 1754.747
7.829 1754.747
7.829 1754.747
7.829 1754.747
7.829 1754.747
7.829 1754.747
7.829 1754.747
7.829 7515.169
7.829 2658.054
7.829 2658.054
7.829 2658.054
7.829 2658.054
7.829 2658.054
7.829 2658.054
7.829 2658.054
7.829 2658.054
7.829 2658.054
7.829 2658.054
7.829 2658.054
7.829 2658.054
7.829 7939.910
7.829 1754.747
7.829 1754.747
7.829 1754.747
7.829 1754.747
7.829 1754.747
7.829 1754.747
7.829 1754.747
7.829 1754.747
7.829 1754.747
7.829 1754.747
7.829 1754.747
7.829 1754.747
7.829 1754.747
7.829 1754.747
7.829 1754.747
7.829 1754.747
7.829 1754.747
7.829 1754.747
7.829 1754.747
7.829 6176.355
7.829 2658.054
7.829 2658.054
7.829 2658.054
7.829 2658.054
7.829 2658.054
7.829 2658.054
7.829 2658.054
7.829 2658.054
7.829 2658.054
7.829 2658.054
7.829 2658.054
7.829 2658.054
7.829 2658.054
7.829 6605.989
7.829 1754.747
7.829 1754.747
7.829 1754.747
7.829 1754.747
7.829 1754.747
7.829 1754.747
7.829 1754.747
7.829 1754.747
7.829 1754.747
7.829 1754.747
7.829 1754.747
7.829 1754.747
7.829 1754.747
7.829 1754.747
7.829 1754.747
7.829 1754.747
7.829 1754.747
7.829 1754.747
7.829 1754.747
7.829 7514.191
7.829 2658.054
7.829 2658.054
7.829 2658.054
7.829 2658.054
7.829 2658.054
7.829 2658.054
7.829 2658.054
7.829 2658.054
7.829 2658.054
7.829 2658.054
7.829 2658.054
7.829 2658.054
7.829 7939.910
7.829 1754.747
7.829 1754.747
7.829 1754.747
7.829 1754.747
7.829 1754.747
7.829 1754.747
7.829 1754.747
7.829 1754.747
7.829 1754.747
7.829 1754.747
7.829 1754.747
7.829 1754.747
7.829 1754.747
7.829 1754.747
7.829 1754.747
7.829 1754.747
7.829 1754.747
7.829 1754.747
7.829 1754.747
7.829 6180.270
7.829 2658.054
7.829 2658.054
7.829 2658.054
7.829 2658.054
7.829 2658.054
7.829 2658.054
7.829 2658.054
7.829 2658.054
7.829 2658.054
7.829 2658.054
7.829 2658.054
7.829 2658.054
7.829 2658.054
7.829 6602.075
7.829 1754.747
7.829 1754.747
7.829 1754.747
7.829 1754.747
7.829 1754.747
7.829 1754.747
7.829 1754.747
7.829 1754.747
7.829 1754.747
7.829 1754.747
7.829 1754.747
7.829 1754.747
7.829 1754.747
7.829 1754.747
7.829 1754.747
7.829 1754.747
7.829 1754.747
7.829 1754.747
7.829 1754.747
7.829 7514.191
7.829 2658.054
7.829 2658.054
7.829 2658.054
7.829 2658.054
7.829 2658.054
7.829 2658.054
7.829 2658.054
7.829 2658.054
7.829 2658.054
7.829 2658.054
7.829 2658.054
7.829 2658.054
7.829 7939.910
7.829 1754.747
7.829 1754.747
7.829 1754.747
7.829 1754.747
7.829 1754.747
7.829 1754.747
7.829 1754.747
7.829 1754.747
7.829 1754.747
7.829 1754.747
7.829 1754.747
7.829 1754.747
7.829 1754.747
7.829 1754.747
7.829 1754.747
7.829 1754.747
7.829 1754.747
7.829 1754.747
7.829 1754.747
7.829 6176.355
7.829 2658.054
7.829 2658.054
7.829 2658.054
7.829 2658.054
7.829 2658.054
7.829 2658.054
7.829 2658.054
7.829 2658.054
7.829 2658.054
7.829 2658.054
7.829 2658.054
7.829 2658.054
7.829 2658.054
7.829 6602.075
7.829 1754.747
7.829 1754.747
7.829 1754.747
7.829 1754.747
7.829 1754.747
7.829 1754.747
7.829 1754.747
7.829 1754.747
7.829 1754.747
7.829 1754.747
7.829 1754.747
7.829 1754.747
7.829 1754.747
7.829 1754.747
7.829 1754.747
7.829 1754.747
7.829 1754.747
7.829 1754.747
7.829 1754.747
7.829 7514.191
7.829 2658.054
7.829 2658.054
7.829 2658.054
7.829 2658.054
7.829 2658.054
7.829 2658.054
7.829 2658.054
7.829 2658.054
7.829 2658.054
7.829 2658.054
7.829 2658.054
7.829 2658.054
